genre,file_number,spectral_centroid,spectral_flux_mean,chroma_features,tonal_centroid,tempo,hnr
blues,1,833.6452902,40745.4,"[0.6330385804176331, 0.5449451208114624, 0.573034405708313, 0.4170038104057312, 0.4465927183628082, 0.5667015314102173, 0.598439633846283, 0.7190428376197815, 0.5580118894577026, 0.4955073297023773, 0.5268043279647827, 0.5756567120552063]","[[ 3.07394123e-04  2.45493913e-03  2.90415723e-03 ... -7.67613890e-04
  -4.79870835e-03  6.93619460e-04]
 [-2.40398401e-03 -2.51968423e-03 -5.20377610e-03 ... -7.44531272e-03
  -2.64749786e-03 -3.83240824e-03]
 [ 7.77363032e-03  7.18504190e-03  8.81012529e-03 ... -6.47555292e-03
  -7.74256140e-03 -5.17895818e-03]
 [-1.61749870e-03  8.34133476e-03  1.13417059e-02 ... -3.33902985e-03
  -1.66487694e-03 -3.16549093e-03]
 [ 1.89178006e-03  1.01790679e-03  4.50312443e-05 ... -6.56288928e-04
   2.68404992e-03  3.93552363e-03]
 [ 3.26585956e-03  1.22019090e-03  1.20754540e-03 ...  1.61139853e-03
   1.67739205e-03 -1.64883211e-04]]",135.9991776,-107.10181
blues,2,1316.541379,49646.91,"[0.5148773193359375, 0.4607434868812561, 0.5582494139671326, 0.6137275695800781, 0.7193561792373657, 0.5371947288513184, 0.5655806660652161, 0.5426157116889954, 0.6003647446632385, 0.6305681467056274, 0.5858015418052673, 0.7695510983467102]","[[-0.0019632  -0.00055159 -0.00462178 ...  0.00711409  0.00795473
   0.00544345]
 [ 0.00685253  0.01064639  0.01328091 ...  0.00047482  0.00374632
  -0.00211933]
 [-0.00295792 -0.00743739 -0.00763388 ...  0.00072168  0.00401264
   0.00602292]
 [ 0.00902197  0.01113715  0.01384134 ...  0.00990906  0.01255876
   0.01126148]
 [ 0.00623897  0.00530022  0.00765753 ...  0.0042863   0.00702246
   0.00649458]
 [ 0.00314026  0.00169302  0.00072107 ...  0.00075673  0.00083776
   0.00196061]]",105.46875,-84.46175
blues,3,497.8784982,31911.275,"[0.5448897480964661, 0.5785441994667053, 0.6674457788467407, 0.6987496614456177, 0.7905219793319702, 0.639134407043457, 0.6029508709907532, 0.5756658315658569, 0.583035409450531, 0.6016767621040344, 0.5739322900772095, 0.6589971780776978]","[[-0.00055542 -0.0010412  -0.00120535 ...  0.00124645  0.00135393
   0.00209877]
 [-0.00220893 -0.00287642 -0.00180869 ...  0.00115131  0.00169939
  -0.00106948]
 [ 0.00669237  0.00752288  0.00640313 ... -0.00180455 -0.00325071
  -0.00131088]
 [ 0.00965179  0.01205585  0.01033436 ...  0.00227839  0.00380909
   0.0037236 ]
 [-0.00070774 -0.00087569 -0.00030133 ...  0.00187453  0.00226247
   0.00159607]
 [-0.00143085 -0.00183665 -0.00326753 ... -0.00168953 -0.00184502
  -0.00183388]]",126.0480183,-127.28873
blues,5,1773.641998,39794.17,"[0.4808782935142517, 0.49220559000968933, 0.7595334053039551, 0.4707207679748535, 0.3849175274372101, 0.5199235677719116, 0.5310452580451965, 0.6374687552452087, 0.48377999663352966, 0.5643318891525269, 0.5414736270904541, 0.6413629055023193]","[[ 2.44676316e-03  4.31628776e-03  4.27198953e-03 ...  2.11493289e-03
  -1.27246963e-05  2.49453689e-03]
 [-5.10505621e-04  2.60607963e-03  4.29217219e-03 ... -5.01328567e-03
  -2.67860025e-03 -1.50140924e-03]
 [ 9.46711749e-03  1.27519518e-02  1.64836496e-02 ...  1.43000260e-02
   1.42729282e-02  1.69072524e-02]
 [-6.71394169e-04  7.41541386e-04  2.68625468e-03 ...  1.37271583e-02
   1.38030425e-02  1.81557834e-02]
 [ 5.59113968e-03  3.65599310e-03  1.12828141e-03 ... -9.94700761e-05
   1.30530924e-03  1.39833015e-03]
 [ 2.33027339e-03  2.21272372e-03  3.65944393e-03 ...  4.98195738e-03
   5.98100014e-03  2.24089995e-03]]",139.6748311,-80.0603
blues,6,1380.746707,36514.81,"[0.6613060832023621, 0.4720797538757324, 0.39226531982421875, 0.40713730454444885, 0.4805055260658264, 0.6495459079742432, 0.4222586750984192, 0.4134555459022522, 0.5030074119567871, 0.6284390091896057, 0.5322809815406799, 0.5106815099716187]","[[-0.00056091  0.00202995  0.0019361  ...  0.00756372  0.00243772
  -0.0028717 ]
 [-0.0048902  -0.00491592 -0.00770519 ... -0.01093257 -0.00830258
  -0.0075887 ]
 [ 0.00675612  0.00623276  0.00643393 ...  0.00341886  0.00207623
   0.00346773]
 [-0.00659432 -0.00730882 -0.01465176 ...  0.00440764 -0.00326018
  -0.00954082]
 [ 0.00135727  0.00459589  0.00431893 ...  0.00198093  0.00137113
   0.00284492]
 [-0.00196316 -0.00156414 -0.00012578 ... -0.00266702 -0.00051494
   0.00268276]]",143.5546875,-92.55715
blues,7,1145.041264,39367.28,"[0.5300004482269287, 0.5062549114227295, 0.6371791958808899, 0.4719753861427307, 0.45414021611213684, 0.5657719373703003, 0.44073864817619324, 0.4346045255661011, 0.5345439314842224, 0.6198756694793701, 0.7758750319480896, 0.6278583407402039]","[[-3.29489736e-03 -5.02098047e-03 -4.25716234e-03 ...  3.26228799e-05
   3.71795032e-05 -7.28923393e-04]
 [ 1.56037071e-03  7.32226711e-04  3.71924640e-04 ...  1.13997420e-03
  -2.11574559e-03 -3.61387717e-03]
 [ 9.43989307e-03  1.12242475e-02  1.31470263e-02 ... -4.28148359e-03
   6.51519746e-03  1.32719502e-02]
 [ 1.54336244e-02  1.74039081e-02  1.28269196e-02 ... -1.07394159e-03
   2.40223110e-03  3.13096493e-03]
 [ 3.47788127e-03  3.83277573e-03  4.35966517e-03 ...  6.06289665e-03
   4.37527350e-03  4.50275341e-03]
 [-1.62815116e-03 -1.21215545e-03 -3.73763964e-04 ...  5.58812357e-03
   2.50733458e-03  1.50748156e-03]]",114.84375,-109.08823
blues,8,902.9531232,45372.9,"[0.5408530831336975, 0.5024193525314331, 0.5529817342758179, 0.621022641658783, 0.7053899765014648, 0.6545867323875427, 0.7558449506759644, 0.6502342224121094, 0.7059776782989502, 0.7525821328163147, 0.6003778576850891, 0.7076610922813416]","[[ 0.00073259 -0.00015667  0.0006952  ...  0.00267798  0.00393121
   0.00622794]
 [ 0.00443579  0.00260862  0.00535409 ...  0.00177164 -0.00212258
  -0.00406617]
 [ 0.00904755  0.00480105  0.00976628 ...  0.0101942   0.00787397
   0.00633828]
 [ 0.00709727  0.01363195  0.01242141 ...  0.01168471  0.00654019
   0.00967174]
 [ 0.00177033  0.00164095  0.00604722 ...  0.00742083  0.00859079
   0.0070576 ]
 [-0.00501954 -0.00399538 -0.0016147  ... -0.00531998 -0.0064381
  -0.00897365]]",112.3471467,-123.35478
blues,9,1306.568842,34061.203,"[0.46406927704811096, 0.4789521098136902, 0.6739899516105652, 0.45222198963165283, 0.4316248595714569, 0.4819665849208832, 0.4544064402580261, 0.6066095232963562, 0.4744337201118469, 0.45987001061439514, 0.46149376034736633, 0.4852679669857025]","[[-0.00373848 -0.00254168 -0.00255336 ... -0.00130166 -0.0013267
   0.00145141]
 [-0.00264246 -0.00042617  0.00117877 ... -0.00270565 -0.002136
  -0.00500581]
 [ 0.01280227  0.01742426  0.01259315 ...  0.01255406  0.01356757
   0.01081425]
 [ 0.00327917  0.00738438  0.00576683 ...  0.01078469  0.00909062
   0.01090582]
 [ 0.00305694  0.00025751 -0.00095514 ...  0.0028633   0.00156484
   0.00200936]
 [ 0.00470343  0.00782087  0.00507995 ...  0.00157151  0.00232971
   0.00090295]]",120.1853198,-46.116467
blues,11,720.3871269,31788.316,"[0.4774637222290039, 0.4586333632469177, 0.5073474645614624, 0.5826761722564697, 0.7859728336334229, 0.6447525024414062, 0.5782920718193054, 0.6226935386657715, 0.6452476978302002, 0.6400504112243652, 0.5421140789985657, 0.5976478457450867]","[[ 7.68672565e-04  3.90347343e-03  5.24365632e-03 ... -1.22669776e-03
  -1.67438664e-03 -1.57011295e-03]
 [-2.60979542e-03  1.88047847e-03  4.83950787e-03 ...  1.41966054e-03
  -1.01804754e-03 -3.62779218e-04]
 [ 4.71203774e-03  9.03856754e-03  1.16309300e-02 ...  1.27004236e-02
   1.38746351e-02  1.16070136e-02]
 [ 1.14496052e-02  1.18874088e-02  9.11972672e-03 ...  1.82107091e-03
   3.53918970e-03  1.64570659e-03]
 [ 1.28749741e-03 -1.10132009e-03 -2.33995031e-03 ...  9.75537157e-05
  -9.50714805e-04  6.71761765e-04]
 [ 2.39448622e-03  2.08758563e-03  1.55046023e-03 ... -3.85820866e-04
   1.69050321e-03  7.24716112e-04]]",112.3471467,-118.16364
blues,13,890.8949791,34061.305,"[0.35126063227653503, 0.33986708521842957, 0.4207034409046173, 0.3751165270805359, 0.4228981137275696, 0.5336820483207703, 0.41521960496902466, 0.43128952383995056, 0.5694294571876526, 0.5949171185493469, 0.8011422753334045, 0.5638575553894043]","[[-0.00149477  0.00384998  0.00518635 ...  0.00162767  0.00148871
  -0.00044001]
 [ 0.0017745  -0.00080064  0.00071513 ...  0.00168853  0.00187824
   0.00186588]
 [ 0.00187603  0.00043415 -0.00022042 ... -0.0043998  -0.00265141
  -0.00163781]
 [ 0.00965428  0.01135945  0.0108965  ...  0.00887915  0.0047729
   0.00698642]
 [ 0.00218516  0.00227556  0.00271945 ...  0.00143335  0.00127369
  -0.00030347]
 [-0.00265259 -0.00286344 -0.00262913 ... -0.00240928 -0.00164824
  -0.00091493]]",143.5546875,-92.167366
blues,14,787.2790677,25445.877,"[0.38654929399490356, 0.38305553793907166, 0.4273078441619873, 0.35751450061798096, 0.4167255163192749, 0.519123375415802, 0.4275224208831787, 0.40031319856643677, 0.4512227475643158, 0.5022756457328796, 0.686331570148468, 0.5665760636329651]","[[ 2.60889719e-03  3.38697329e-03  3.09076190e-03 ...  8.82353063e-03
   8.18250254e-03  5.32295089e-03]
 [ 8.93360945e-05  1.19886620e-03  4.71354066e-03 ... -6.68659252e-03
   9.47905732e-04  3.69703195e-03]
 [ 1.02813542e-03  4.11584973e-03  2.07656622e-03 ...  9.31781530e-03
   8.60554725e-03  4.35404480e-03]
 [ 3.95335257e-03  5.93506545e-03  1.04880407e-02 ...  1.18889362e-02
   1.77676156e-02  1.33245885e-02]
 [ 1.39564918e-03  1.73579671e-03  2.04104970e-03 ...  5.21895925e-03
   9.10287987e-03  6.91776117e-03]
 [-1.50575675e-03 -2.74143741e-03 -3.64284404e-03 ...  3.51610407e-03
   2.81860307e-03 -1.77131966e-04]]",161.4990234,-92.482445
blues,15,1156.0793,33206.57,"[0.4595909118652344, 0.3639615476131439, 0.4158867597579956, 0.4464786946773529, 0.4798068106174469, 0.511544942855835, 0.5417870879173279, 0.41867581009864807, 0.42568305134773254, 0.4740462601184845, 0.5344482660293579, 0.6435045599937439]","[[ 0.00300375  0.00410481  0.00635846 ...  0.00507547  0.00174821
   0.00054909]
 [-0.00122945 -0.00259852 -0.00342622 ... -0.00061825  0.00105201
   0.00312467]
 [ 0.00173692  0.00672948  0.00511845 ... -0.00034321  0.00222557
   0.00108256]
 [ 0.00691758  0.00870527  0.00827692 ...  0.0143649   0.01391435
   0.0074994 ]
 [ 0.00486952  0.00486726  0.00270069 ...  0.00344178  0.00219096
   0.00174364]
 [-0.00204589 -0.00177228 -0.00133258 ... -0.00153564 -0.00360836
  -0.00157372]]",129.1992188,-76.3974
blues,16,1097.446698,37112.55,"[0.43289485573768616, 0.39555132389068604, 0.3333185017108917, 0.42703333497047424, 0.6335263848304749, 0.49423956871032715, 0.47543153166770935, 0.5502313375473022, 0.6411737203598022, 0.6896387338638306, 0.5104847550392151, 0.4636121094226837]","[[-0.000219    0.00023832  0.00248185 ... -0.00922387 -0.00807448
  -0.00526011]
 [-0.0038684  -0.00429389 -0.00202906 ...  0.00978729  0.00936945
   0.00495081]
 [ 0.00582755  0.00110056 -0.00652903 ...  0.01898936  0.01830377
   0.00828656]
 [ 0.01767735  0.01695617  0.01668145 ... -0.00022868  0.0027566
  -0.00248652]
 [ 0.00574094  0.00238039 -0.00041484 ... -0.00188626 -0.00141255
   0.00168671]
 [-0.00357667 -0.00351551 -0.00033577 ... -0.00485643 -0.00503564
  -0.0024213 ]]",132.5120192,-80.542564
blues,17,833.2559126,32698.152,"[0.4521542489528656, 0.4145756959915161, 0.3442593216896057, 0.3739832043647766, 0.5734227895736694, 0.4769536256790161, 0.48790010809898376, 0.5476126670837402, 0.6151857376098633, 0.7136108875274658, 0.5280274748802185, 0.47236213088035583]","[[-4.45056017e-06 -3.26350500e-03 -2.33164143e-03 ... -1.38332979e-02
  -6.80544877e-03 -4.12562356e-03]
 [-1.92380819e-03 -1.94016221e-03 -1.84488825e-03 ...  2.41413671e-03
   5.51110065e-04  3.90578945e-05]
 [ 2.69836187e-03 -3.44768167e-04  4.48681414e-04 ...  2.44179890e-02
   1.42364576e-02  1.67240053e-02]
 [ 9.04084742e-03  8.90702754e-03  8.61887634e-03 ...  2.45510936e-02
   2.39908993e-02  2.14835778e-02]
 [ 2.33981481e-03  2.09894056e-03  2.47342449e-03 ...  3.70575394e-03
   8.58674658e-04  1.20206129e-03]
 [ 3.07371840e-04  2.31793150e-04  2.37092189e-03 ... -7.13836960e-03
  -7.21675716e-03 -5.86660206e-03]]",112.3471467,-106.65684
blues,19,1133.267029,34563.344,"[0.37858080863952637, 0.40041813254356384, 0.33120933175086975, 0.44973403215408325, 0.5515276193618774, 0.3600042164325714, 0.34388467669487, 0.4446873664855957, 0.5998678803443909, 0.6723691821098328, 0.44197213649749756, 0.3969224691390991]","[[ 6.51834844e-03  7.66879416e-03  9.58074171e-03 ...  9.53912487e-03
   1.07231749e-02  6.83366737e-03]
 [ 1.01565820e-03  5.57425961e-04  2.34375001e-03 ... -1.41111513e-03
   9.66562588e-04  4.25721277e-04]
 [ 5.35891950e-03  6.09927624e-03  9.70640779e-03 ...  1.54151842e-02
   1.72096193e-02  1.45372152e-02]
 [ 1.87531859e-03 -6.67542219e-04 -1.64162368e-03 ... -1.39845908e-03
   2.65464187e-05  1.22983009e-03]
 [ 4.77199560e-04  1.34809828e-04  1.48184346e-03 ...  6.70593882e-04
   4.29958372e-04  2.21527073e-03]
 [ 3.37377191e-04  1.47783011e-03  1.19233131e-03 ...  1.77299045e-03
   6.63006678e-04  8.06884840e-04]]",123.046875,-84.395615
blues,20,872.5617657,37667.348,"[0.45605233311653137, 0.37330737709999084, 0.42272481322288513, 0.5201734304428101, 0.7076310515403748, 0.49082136154174805, 0.474274605512619, 0.5591106414794922, 0.5811903476715088, 0.49688318371772766, 0.4906052052974701, 0.6090960502624512]","[[ 0.00380988  0.00424167  0.00217878 ... -0.00741321 -0.01198095
  -0.00916855]
 [-0.00184563 -0.0004407   0.00032809 ... -0.00817897 -0.00753062
  -0.00698418]
 [ 0.00158866 -0.00318404 -0.00185613 ... -0.01495336 -0.00959817
  -0.00328123]
 [ 0.00483392  0.00556345  0.00687321 ...  0.02903491  0.02998652
   0.02522802]
 [ 0.00187094  0.00230903  0.00138977 ...  0.00283638  0.00265612
  -0.00027337]
 [-0.0022064  -0.00141929 -0.00085899 ...  0.00377502  0.00487657
   0.00381055]]",135.9991776,-77.13181
blues,21,873.8446047,32075.672,"[0.4611680805683136, 0.3626371920108795, 0.3847808241844177, 0.37260016798973083, 0.47472819685935974, 0.6648784875869751, 0.561312735080719, 0.5646679997444153, 0.5725178718566895, 0.5167348384857178, 0.4512346684932709, 0.415109783411026]","[[ 3.27236274e-03  4.74868765e-03  4.84565205e-03 ...  2.06584438e-03
   7.74479363e-04  1.12710297e-03]
 [-2.53694531e-03 -9.34776075e-04  9.44196507e-05 ... -2.33261991e-03
  -3.76879613e-03 -3.80325710e-03]
 [ 4.68524545e-03  4.51737642e-03  5.88055700e-03 ...  6.78097457e-03
   4.30291146e-03  2.73001939e-03]
 [ 6.16940856e-03  6.14855438e-03  6.47155195e-03 ...  1.72666907e-02
   1.71233416e-02  1.45669281e-02]
 [ 2.27103553e-03  2.52555659e-03  4.22623615e-03 ...  2.90854477e-03
   4.00982615e-03  1.92368068e-03]
 [-3.63357365e-04 -6.04111701e-04  1.13849901e-03 ... -2.71007791e-03
  -3.68180498e-03 -3.32131423e-03]]",129.1992188,-108.41662
blues,23,937.2680826,33201.996,"[0.3960564136505127, 0.4760516583919525, 0.40127429366111755, 0.42192554473876953, 0.6461819410324097, 0.4434821605682373, 0.33586385846138, 0.422607421875, 0.4944917857646942, 0.8024904131889343, 0.5591815114021301, 0.411401629447937]","[[ 1.07508729e-05  1.87137518e-03  8.19766454e-04 ... -5.84268706e-03
  -4.13111901e-03 -3.80874461e-03]
 [-7.80558268e-03 -8.86105247e-03 -1.28144129e-03 ...  1.88134087e-03
   2.75927540e-04 -1.74897496e-04]
 [ 6.68825209e-03 -1.06499344e-03 -3.84528935e-03 ...  7.53980130e-03
   8.68687034e-03  7.55968690e-03]
 [ 1.09272003e-02  9.59726423e-03  1.22920722e-02 ...  1.05803460e-03
  -3.22508067e-03 -3.63705307e-03]
 [ 2.04189818e-03  2.13716130e-03  1.01358046e-03 ... -8.46231220e-04
  -1.14106360e-03 -7.97664065e-04]
 [-2.23000348e-03 -1.89079344e-03 -2.36556679e-03 ...  1.49277970e-03
   6.13017008e-04  9.28875059e-04]]",129.1992188,-72.85931
blues,24,816.5949333,30720.55,"[0.481191486120224, 0.4194192886352539, 0.4376471936702728, 0.3768949806690216, 0.40914782881736755, 0.46557772159576416, 0.33377930521965027, 0.28265294432640076, 0.33578068017959595, 0.4759717881679535, 0.7169649004936218, 0.6368550062179565]","[[ 0.00394526  0.00310721  0.00209575 ...  0.0009094   0.0015812
   0.00204646]
 [-0.00040551 -0.00237551 -0.00167889 ... -0.00429883 -0.00365541
  -0.00303476]
 [-0.00304238 -0.00061586  0.0021968  ...  0.00804599  0.00683668
   0.0037128 ]
 [ 0.00794771  0.00758774  0.00983096 ...  0.00892151  0.00964671
   0.00980799]
 [ 0.0026305   0.00267465  0.00165523 ...  0.0017766   0.00113351
   0.00158703]
 [-0.001221   -0.00275899 -0.00092635 ... -0.00016259 -0.00028955
  -0.00085449]]",103.359375,-103.67592
blues,25,889.5002209,27601.047,"[0.47242608666419983, 0.4077306091785431, 0.5043555498123169, 0.3899138271808624, 0.4334234893321991, 0.5466081500053406, 0.3692324459552765, 0.33988893032073975, 0.4064244329929352, 0.5674516558647156, 0.836428701877594, 0.5722309947013855]","[[ 0.00105315  0.00372114  0.00564782 ...  0.00245675  0.00153522
   0.00072838]
 [-0.00388522 -0.00599592 -0.00334726 ...  0.00108596  0.00214153
   0.00022346]
 [-0.00560869 -0.00691392 -0.00878746 ... -0.0036324  -0.00696909
  -0.00591516]
 [ 0.01803178  0.0160235   0.01601737 ...  0.01335082  0.01527671
   0.01562304]
 [ 0.00148182  0.00326123  0.00331907 ...  0.00011622  0.00055559
   0.00179852]
 [-0.00243284 -0.00130208 -0.0004416  ... -0.00270188 -0.00334039
  -0.00242278]]",126.0480183,-95.251495
blues,26,933.5835846,20693.16,"[0.5297090411186218, 0.41223758459091187, 0.4221133887767792, 0.3688528835773468, 0.40525856614112854, 0.5870546102523804, 0.4217022657394409, 0.3771459460258484, 0.4539186358451843, 0.4687875211238861, 0.6040776968002319, 0.579235315322876]","[[ 5.62324780e-04  7.51905778e-04  1.42020503e-03 ...  6.66136825e-03
   4.80311874e-03  3.27959231e-03]
 [ 7.97231354e-04  3.46515874e-04 -3.64382498e-04 ... -3.52692505e-03
  -1.88328130e-03  3.48871722e-04]
 [-6.80178404e-04  9.18015838e-04  2.50859559e-03 ...  4.17331606e-03
   5.86442649e-04 -3.42339277e-04]
 [ 6.76187128e-03  6.61230832e-03  4.28395718e-03 ...  2.35570520e-02
   2.30499655e-02  1.16567686e-02]
 [ 4.58861862e-04  8.68024174e-04  1.51698641e-03 ...  2.36915706e-03
   2.15446016e-03  5.24676261e-05]
 [-1.34711340e-03 -1.67930312e-03 -1.90421380e-03 ...  2.28432566e-03
   6.04022294e-04 -7.33131543e-04]]",166.7086694,-78.48073
blues,27,1314.000336,34015.56,"[0.48924633860588074, 0.421962171792984, 0.47741246223449707, 0.43814122676849365, 0.584976315498352, 0.45967429876327515, 0.3970530927181244, 0.3177140951156616, 0.39262422919273376, 0.3968774974346161, 0.46876049041748047, 0.7017829418182373]","[[-0.0052395  -0.01072428 -0.00887355 ... -0.01313833 -0.01200639
  -0.00826796]
 [ 0.00825144  0.00967932  0.00784107 ...  0.01611246  0.01524782
   0.01391485]
 [-0.01112604 -0.01466405 -0.00918442 ... -0.02255254 -0.01848125
  -0.01122993]
 [-0.00142189 -0.01686247 -0.02022897 ... -0.00494228 -0.01000997
   0.00237651]
 [ 0.00331255  0.00502139  0.00790694 ...  0.0026177   0.00339679
   0.00246355]
 [ 0.00482116  0.00526319  0.00462595 ...  0.00341909  0.00312377
   0.00077177]]",120.1853198,-73.43123
blues,28,879.3865646,30099.752,"[0.48688235878944397, 0.4372654855251312, 0.4957461357116699, 0.3969748318195343, 0.4356125295162201, 0.5435826778411865, 0.37734654545783997, 0.31095483899116516, 0.3866156339645386, 0.5291329622268677, 0.7063198089599609, 0.5915951728820801]","[[ 0.01757926  0.02053156  0.01365309 ... -0.00092493  0.00018834
   0.00072064]
 [-0.00325831 -0.0029962   0.00299178 ... -0.00423865 -0.00074336
  -0.00324506]
 [-0.01189139 -0.01813799 -0.01515792 ...  0.01266305  0.01400639
   0.00751579]
 [ 0.01627459  0.01203277  0.00258949 ...  0.00786996  0.00628831
   0.01087452]
 [-0.00165426 -0.00344816 -0.00423341 ...  0.00079287  0.00195274
   0.00121669]
 [-0.00224822 -0.00051284  0.00418717 ...  0.00086215  0.002255
   0.00252383]]",103.359375,-105.67984
blues,29,853.1634488,38589.406,"[0.49067971110343933, 0.4977613389492035, 0.547710657119751, 0.4575970768928528, 0.42060795426368713, 0.3838016986846924, 0.41139280796051025, 0.4489796459674835, 0.4738273322582245, 0.5794873833656311, 0.42410242557525635, 0.4203914701938629]","[[ 0.00155049 -0.00126784  0.00019673 ... -0.00144904  0.00134387
   0.00237985]
 [-0.00207632 -0.0022461   0.00550267 ... -0.00419421  0.00075179
   0.00047259]
 [ 0.00469433  0.00973146  0.01741245 ...  0.022571    0.02357219
   0.01368472]
 [ 0.0119339   0.01499034  0.01210357 ...  0.0117637   0.01730089
   0.01130837]
 [ 0.00310984  0.0048434   0.00573976 ...  0.00052834 -0.00072579
   0.00032796]
 [-0.00091239 -0.00079092 -0.00279424 ...  0.00093646  0.00070707
  -0.00106611]]",129.1992188,-113.72667
blues,32,703.1587886,26290.316,"[0.5762932300567627, 0.42063868045806885, 0.3831935524940491, 0.337944358587265, 0.4003116488456726, 0.4854593276977539, 0.4855181872844696, 0.6024971604347229, 0.4441888928413391, 0.45080018043518066, 0.5394312739372253, 0.4905116558074951]","[[ 2.53621520e-03  4.04553005e-03  5.84533239e-03 ...  6.46415691e-03
   6.56094955e-03  1.63243876e-03]
 [ 2.93028850e-03  2.97967113e-04 -1.59598756e-03 ... -6.93883028e-03
  -5.77691490e-03 -6.06700047e-03]
 [-5.68620861e-04  1.64930522e-03  1.74507499e-03 ...  4.14851308e-03
   7.87364691e-03  9.80228931e-03]
 [ 1.64354667e-02  2.10513771e-02  1.98812336e-02 ...  2.31542811e-02
   2.59936079e-02  1.86535269e-02]
 [ 4.27596474e-03  3.54876402e-03  4.41513961e-03 ...  4.47137220e-03
   4.66043697e-03  1.50235884e-03]
 [ 1.33272260e-05  1.88600272e-04  8.03072006e-04 ...  3.83299217e-03
   3.62909772e-03  3.30807827e-03]]",139.6748311,-131.69637
blues,34,714.9300284,41737.445,"[0.4316701889038086, 0.46569833159446716, 0.5630419254302979, 0.42634785175323486, 0.38529524207115173, 0.3947879374027252, 0.4233455955982208, 0.4358576238155365, 0.46307480335235596, 0.5692371726036072, 0.37759920954704285, 0.348392128944397]","[[-1.25225892e-03 -9.20387179e-04 -1.62015828e-04 ... -2.78623732e-03
  -2.79173777e-03 -4.46936781e-03]
 [ 7.40465577e-03  5.62012790e-03  3.74798740e-03 ...  5.84697217e-03
   3.27162825e-03  2.02916631e-04]
 [-1.36002898e-04 -3.64678353e-03 -1.00938901e-02 ... -1.03149563e-03
  -2.13565677e-03 -3.51130217e-03]
 [ 3.54291499e-03  1.23896077e-02  1.67074874e-02 ...  1.92237571e-02
   1.71238780e-02  1.52663887e-02]
 [ 1.24269845e-03  7.18741631e-04 -1.23383286e-03 ... -9.11206808e-05
   2.12396616e-04  2.07264706e-03]
 [-1.21258572e-03 -1.98677741e-03 -2.09707767e-03 ... -3.19015607e-03
  -2.71607749e-03 -6.10673800e-04]]",123.046875,-113.19866
blues,35,707.9371515,42017.605,"[0.3757628798484802, 0.3294013440608978, 0.4349631071090698, 0.4669985771179199, 0.4603778123855591, 0.5257161259651184, 0.41436171531677246, 0.4739235043525696, 0.45251569151878357, 0.5822624564170837, 0.6537246108055115, 0.3982692062854767]","[[ 1.89429664e-03  3.60319346e-03  1.24958812e-02 ...  9.62532243e-03
   9.27309685e-03  5.86374758e-03]
 [-1.98027388e-03 -3.74642970e-03 -1.33369569e-03 ... -2.59782336e-03
  -1.78814195e-03  1.06404571e-03]
 [-1.49777010e-02 -1.35065094e-02 -1.27938017e-02 ... -1.91806704e-02
  -2.22938508e-02 -1.64211765e-02]
 [ 1.60677359e-02  1.53045803e-02  1.19967386e-02 ...  1.93173140e-02
   1.70100629e-02  9.82367247e-03]
 [ 4.85181169e-03  4.07258856e-03  5.43987948e-03 ...  1.12531653e-03
   2.26420890e-03 -9.32661012e-05]
 [-8.22369009e-04 -1.34926289e-04  1.91575848e-03 ...  5.36050647e-04
   1.50512159e-03  4.91505489e-04]]",129.1992188,-131.485
blues,36,637.5683509,36694.26,"[0.49586522579193115, 0.29928094148635864, 0.27512043714523315, 0.29165634512901306, 0.3931187689304352, 0.6126223206520081, 0.3982871472835541, 0.305205374956131, 0.32592302560806274, 0.42074865102767944, 0.456824392080307, 0.38109347224235535]","[[ 0.00388473  0.0055479   0.00446221 ... -0.0038459  -0.00350843
  -0.00270509]
 [-0.00262248 -0.00313119 -0.00469318 ... -0.00970955 -0.00451248
  -0.00211442]
 [ 0.00832736  0.01007397  0.00503156 ...  0.006133   -0.00010125
   0.00311162]
 [ 0.00744073  0.00421187 -0.00018899 ... -0.00364619 -0.00505783
  -0.0032402 ]
 [ 0.00321489  0.0035707   0.00291858 ...  0.00413489  0.00488631
   0.00435302]
 [-0.00076902  0.00065223  0.00315542 ... -0.00020846 -0.00072877
   0.00054193]]",129.1992188,-121.76583
blues,37,861.4663627,28821.572,"[0.509249746799469, 0.23920854926109314, 0.20631785690784454, 0.3333297073841095, 0.4716358780860901, 0.7243786454200745, 0.4495580494403839, 0.34163597226142883, 0.3128395080566406, 0.3136247992515564, 0.2997698187828064, 0.3428131639957428]","[[-1.10584801e-03 -5.96680292e-04  2.69112368e-04 ...  5.88576933e-03
   6.13820531e-03  3.24548524e-03]
 [-4.26624608e-03 -5.73721209e-03 -7.06866919e-03 ... -8.48288130e-03
  -4.52890454e-03 -1.51362590e-04]
 [ 4.04518098e-03  2.69478559e-03  1.81622058e-03 ... -4.21255827e-03
  -5.78241795e-03  2.61640549e-03]
 [ 1.39463693e-03 -1.16296858e-03 -8.76322389e-04 ...  5.82111627e-03
   3.75486910e-03  1.71481818e-03]
 [-7.03149426e-05  9.53599024e-04  1.28593916e-03 ... -1.54227656e-03
  -1.82883697e-03  3.39430343e-03]
 [-3.93176451e-04 -1.79473311e-04 -1.37593411e-03 ...  2.18629092e-03
   3.74131836e-03  2.83797272e-03]]",151.9990809,-90.29736
blues,38,712.0339628,40607.203,"[0.3048691749572754, 0.2850046157836914, 0.33246538043022156, 0.5265215039253235, 0.40678098797798157, 0.3979027569293976, 0.4090632200241089, 0.4412269592285156, 0.46527454257011414, 0.48271307349205017, 0.7182033658027649, 0.4270989000797272]","[[ 0.00670344  0.00936809  0.0114835  ...  0.01005139  0.00906238
   0.00556402]
 [ 0.00163687  0.00014446 -0.00331426 ... -0.00726535 -0.00682279
  -0.0055685 ]
 [ 0.00848947  0.00991359  0.01395666 ... -0.00429939 -0.00097342
   0.0044388 ]
 [ 0.00794189  0.01171459  0.00873031 ...  0.01696623  0.01967378
   0.01974309]
 [ 0.00196571  0.00196556 -0.00077068 ... -0.00066724 -0.00029475
  -0.00052704]
 [-0.0001352   0.00039811  0.00028981 ... -0.00028467 -0.00019789
  -0.00034152]]",129.1992188,-135.75758
blues,40,1304.237301,48050.594,"[0.6525561213493347, 0.7069747447967529, 0.6110849380493164, 0.6481341123580933, 0.5310028195381165, 0.5516242384910583, 0.5887998938560486, 0.6943569779396057, 0.8181864023208618, 0.6678774356842041, 0.6169532537460327, 0.5952925086021423]","[[-0.00371059 -0.00419593 -0.00538439 ... -0.00245612 -0.00190317
  -0.00231168]
 [-0.00064608  0.00622666  0.01185124 ...  0.00470583  0.00396029
   0.00307421]
 [-0.00822343 -0.00045504  0.01028018 ...  0.00288013 -0.00523042
  -0.00797479]
 [ 0.01049     0.01474778  0.02160531 ...  0.01211714  0.01608706
   0.01132742]
 [ 0.0023527   0.00469676  0.00652365 ...  0.00034143  0.00085556
  -0.00267286]
 [-0.00216215 -0.00042575 -0.00154524 ... -0.00584574 -0.00422461
  -0.00411877]]",114.84375,-121.60753
blues,41,1362.526046,44405.17,"[0.6105077266693115, 0.6347437500953674, 0.6375685930252075, 0.7389223575592041, 0.5396804213523865, 0.5317147970199585, 0.5873984694480896, 0.6175071597099304, 0.6418173909187317, 0.6398276090621948, 0.7313154339790344, 0.5939027070999146]","[[ 0.00396123  0.0065472   0.00678581 ... -0.00236087  0.00058516
   0.00183668]
 [-0.00304568 -0.00543218 -0.00654856 ... -0.00317404 -0.005408
  -0.00612176]
 [ 0.01131272  0.01312646  0.01469603 ...  0.01690954  0.01347828
   0.01326407]
 [ 0.00440142  0.00711906  0.0048217  ...  0.01277522  0.01741415
   0.01509743]
 [ 0.00268473  0.0027613   0.00353675 ...  0.00058291  0.00266144
   0.00337588]
 [-0.00030251 -0.00066025  0.00075093 ...  0.00035943 -0.000811
   0.00116016]]",126.0480183,-118.0073
blues,42,1252.432548,42430.043,"[0.6281909942626953, 0.6842661499977112, 0.5128569602966309, 0.4049636721611023, 0.4625500440597534, 0.5410116910934448, 0.5987969636917114, 0.46612539887428284, 0.48780357837677, 0.5174351334571838, 0.5451288819313049, 0.6291425824165344]","[[-0.00039172 -0.0001081  -0.00697452 ... -0.00075461  0.00013275
   0.00262332]
 [-0.00213523 -0.00449656 -0.00274795 ... -0.00780203 -0.00518741
  -0.00472669]
 [-0.00656485 -0.01531864 -0.01275866 ...  0.00564446  0.00705077
   0.00548363]
 [ 0.02086376  0.01608729  0.01257785 ...  0.01795571  0.01797739
   0.01400241]
 [ 0.00043107  0.00176902  0.00531109 ... -0.00132545 -0.0024815
   0.001202  ]
 [ 0.00195134  0.00066017  0.00075481 ... -0.00251635 -0.00158582
  -0.00052149]]",120.1853198,-133.29518
blues,43,1177.026418,45274.234,"[0.6985538005828857, 0.6116325259208679, 0.5873244404792786, 0.6014502048492432, 0.637761652469635, 0.5999812483787537, 0.6753417253494263, 0.6181156039237976, 0.6752276420593262, 0.6626343727111816, 0.6634727120399475, 0.7668102979660034]","[[ 6.35832455e-03  5.75729934e-03  5.99257183e-03 ... -4.05804957e-03
  -7.63109457e-03 -8.44593471e-03]
 [-4.71182300e-03 -5.19569015e-03 -7.95336753e-03 ...  1.82286215e-03
   1.78772832e-03  4.44750226e-03]
 [ 5.02050668e-03 -6.82853162e-04  5.39109111e-04 ...  2.35772133e-03
   1.79883093e-03  4.40031290e-05]
 [-9.16737318e-03 -1.30561739e-02 -1.14197060e-02 ...  9.21518356e-03
  -4.26933169e-04 -1.06953830e-03]
 [ 3.43963149e-03  3.07644892e-03  3.24919881e-03 ...  6.73503265e-03
   9.48448079e-03  5.44793852e-03]
 [ 3.76589410e-03  3.20492685e-03  2.81478092e-03 ...  8.66512209e-03
   6.88267127e-03  1.69384666e-03]]",129.1992188,-116.38255
blues,46,663.6115562,44054.348,"[0.618489146232605, 0.7036246061325073, 0.6501554846763611, 0.6668200492858887, 0.5807314515113831, 0.5777067542076111, 0.6502910256385803, 0.646597683429718, 0.7148643732070923, 0.6485434174537659, 0.6295264363288879, 0.5619673728942871]","[[ 0.00014916  0.00225118  0.00459596 ... -0.00177125 -0.00020277
   0.00589866]
 [-0.00721425 -0.00854907 -0.00858943 ... -0.00239236 -0.00134647
  -0.00230338]
 [ 0.01180728  0.01237963  0.00511601 ...  0.01786966  0.01372135
   0.01526233]
 [ 0.01326245  0.01488081  0.01334956 ... -0.00248994  0.00393757
  -0.00211255]
 [ 0.00251135  0.00116013  0.00113861 ...  0.00093151  0.00343941
   0.00364049]
 [-0.00158147 -0.00213887 -0.00276442 ... -0.00087758 -0.00020228
  -0.00222966]]",123.046875,-133.56625
blues,47,921.8245003,39351.516,"[0.5833097100257874, 0.7361427545547485, 0.5643900632858276, 0.5575027465820312, 0.6866593956947327, 0.5717352628707886, 0.5783554315567017, 0.5535171031951904, 0.709506094455719, 0.5410832166671753, 0.5082608461380005, 0.5382624268531799]","[[ 0.00405878  0.00624925  0.00593586 ...  0.00953074  0.00447215
   0.00288946]
 [-0.00048477 -0.00130674 -0.00183085 ... -0.00777163 -0.00565838
  -0.00856532]
 [ 0.01167829  0.01356053  0.00824693 ...  0.00915148  0.0145582
   0.00813927]
 [ 0.00155786 -0.00166456 -0.00369953 ... -0.00019262 -0.00160249
   0.00248507]
 [ 0.00153699 -0.00019426 -0.00050924 ... -0.00195488 -0.00278278
  -0.00030932]
 [ 0.00173247  0.00489013  0.00330048 ...  0.00542238  0.00399627
   0.00465012]]",101.3327206,-106.53425
blues,48,1421.572281,43682.695,"[0.5731931924819946, 0.6487954258918762, 0.6574111580848694, 0.6871064305305481, 0.5202664136886597, 0.5202928185462952, 0.5750057697296143, 0.64407879114151, 0.6966565847396851, 0.6450314521789551, 0.732537567615509, 0.5736350417137146]","[[ 0.00385875  0.00290704 -0.00035384 ...  0.00225331  0.00276567
   0.00223206]
 [-0.00413069 -0.00795334 -0.00642299 ... -0.00684267 -0.00531674
  -0.00350752]
 [ 0.01640148  0.01692913  0.02056067 ...  0.00381373  0.01065663
   0.01324806]
 [ 0.00132693  0.0039488   0.00364612 ... -0.00034848  0.00031892
   0.00352229]
 [ 0.00590544  0.00769769  0.00639305 ...  0.00116922  0.0019629
  -0.0005514 ]
 [-0.00070645  0.00039011  0.00070826 ... -0.00010951 -0.0011619
   0.00061078]]",120.1853198,-106.52143
blues,49,600.0145889,37039.992,"[0.505484402179718, 0.5437783598899841, 0.5331478118896484, 0.5310943126678467, 0.4231299161911011, 0.46094179153442383, 0.39299091696739197, 0.38930031657218933, 0.4228484034538269, 0.4651724398136139, 0.6056262850761414, 0.49164819717407227]","[[-0.0024665  -0.00055182 -0.00071001 ... -0.00287048 -0.00332846
   0.00021077]
 [-0.00554899 -0.00747462 -0.00697857 ... -0.00279951 -0.00123507
  -0.00231763]
 [ 0.0015841   0.00514999  0.00680431 ...  0.00019915  0.00339651
   0.00633761]
 [ 0.00682387  0.00118909  0.00088356 ...  0.00331102  0.00167858
   0.00297939]
 [ 0.00306447  0.00222372  0.00104494 ...  0.00216023  0.00230507
   0.00228897]
 [ 0.00013006 -0.00123002 -0.00052228 ... -0.00220347 -0.00221323
   0.00041924]]",123.046875,-114.12401
blues,50,1193.351221,44242.37,"[0.6425020098686218, 0.59073805809021, 0.6549105644226074, 0.6989494562149048, 0.6849393844604492, 0.5996957421302795, 0.6547185182571411, 0.5495637059211731, 0.5902522802352905, 0.6593323945999146, 0.639239490032196, 0.7233312129974365]","[[-4.44763382e-05  1.83449090e-03  1.08920485e-03 ...  2.96983255e-03
   3.57409849e-03  5.29113308e-03]
 [-2.94297401e-03 -4.19514471e-03 -4.00541279e-03 ... -7.14294346e-04
   8.10885543e-04 -2.92320390e-03]
 [-4.08563763e-03  3.02575529e-03  5.75722754e-03 ... -4.40925360e-03
   4.03090566e-03  2.56661326e-03]
 [ 2.87511200e-03  2.69176066e-03  1.11436844e-03 ...  1.40128806e-02
   1.04934350e-02  1.86413005e-02]
 [-8.23912396e-04 -8.11652851e-04  2.41809523e-03 ... -2.84630500e-03
  -6.87141041e-04 -1.27373446e-04]
 [-1.94182247e-03 -3.45639884e-03 -2.80243717e-03 ... -3.23757902e-03
   2.04347074e-04  5.00729308e-04]]",135.9991776,-114.7706
blues,51,1517.041054,44378.082,"[0.5001278519630432, 0.5414717197418213, 0.5898151993751526, 0.6760247945785522, 0.7336276769638062, 0.6432920098304749, 0.6109914183616638, 0.6235111951828003, 0.6333280801773071, 0.5998373031616211, 0.6189649105072021, 0.6080014109611511]","[[ 0.00024625  0.00295444  0.00107121 ...  0.00576434  0.00464786
   0.00581403]
 [-0.00269339 -0.00048149 -0.00115974 ... -0.00598885 -0.0064005
  -0.00487435]
 [ 0.00857671  0.00818488  0.00110466 ...  0.01588771  0.01253243
   0.01405195]
 [ 0.00994911  0.00794205  0.0095692  ...  0.00496506 -0.00510126
  -0.00149102]
 [ 0.00054156  0.00147827  0.00047771 ...  0.00332949  0.00477539
   0.00358416]
 [ 0.0013578   0.00299534  0.00355741 ...  0.0034196   0.0026253
   0.00181904]]",99.38401442,-107.38306
blues,52,1004.819164,37917.734,"[0.5865238904953003, 0.49202483892440796, 0.48231425881385803, 0.397734671831131, 0.518370509147644, 0.5850833654403687, 0.6144708395004272, 0.748465359210968, 0.5590270161628723, 0.46934330463409424, 0.467363566160202, 0.5083048343658447]","[[ 4.35028227e-03  4.84049747e-03  6.29337039e-03 ...  3.79816043e-03
   3.31735744e-03  4.23207322e-03]
 [ 8.91108897e-04  2.02929920e-03  3.99195111e-03 ...  4.14795653e-04
   3.74926569e-03  2.21510510e-03]
 [-3.98874283e-03 -5.35802543e-03 -3.85918468e-03 ...  6.88393414e-03
   2.71132588e-03 -3.17063183e-03]
 [ 1.08884275e-02  1.58309937e-02  1.94955394e-02 ...  5.90767711e-03
   4.76022810e-03  2.44018435e-03]
 [ 2.22302974e-03  3.35345334e-03  2.31878969e-03 ... -4.48828392e-05
  -8.27774152e-04 -5.24243951e-04]
 [ 5.27832657e-04  5.54973260e-04  6.26124442e-04 ... -2.61157751e-03
  -2.37825327e-03 -2.51517445e-03]]",99.38401442,-124.772736
blues,54,1541.030806,46233.484,"[0.6218675374984741, 0.6997646689414978, 0.761921226978302, 0.7073834538459778, 0.7437714338302612, 0.6474331021308899, 0.6545650362968445, 0.656789243221283, 0.663673460483551, 0.7182925343513489, 0.6605913043022156, 0.6240861415863037]","[[-0.00078989 -0.00027751  0.00438641 ... -0.00484766 -0.00270501
  -0.0033181 ]
 [-0.00047972  0.00075024  0.00051532 ...  0.00020049  0.00629698
   0.0050523 ]
 [-0.00038783  0.0035271   0.00075227 ... -0.01591207 -0.00443335
   0.00159327]
 [ 0.01750834  0.02089147  0.01628681 ...  0.00913458  0.01700956
   0.01433986]
 [-0.00105694  0.00033654 -0.00024281 ...  0.00088518 -0.00076501
   0.00094664]
 [ 0.0012577   0.000887    0.00048462 ... -0.00266482 -0.00661181
  -0.00614411]]",120.1853198,-121.3338
blues,55,1678.125903,43658.465,"[0.6369410157203674, 0.6072700619697571, 0.6413711309432983, 0.5424128174781799, 0.7092484831809998, 0.7162654995918274, 0.719848096370697, 0.7152848839759827, 0.5896421670913696, 0.6290402412414551, 0.6417383551597595, 0.6492396593093872]","[[ 3.80710083e-03  1.86267275e-03  3.83491101e-03 ...  2.67193043e-04
   3.00186277e-03 -9.24173793e-04]
 [-5.69670073e-03 -6.11125691e-03 -1.11816731e-02 ... -4.70966164e-03
  -2.94332151e-03 -2.98389655e-03]
 [ 2.33429521e-02  2.33567134e-02  2.01765373e-02 ...  5.48453629e-03
   5.91827929e-03  7.09387660e-03]
 [ 1.84570029e-02  1.75817758e-02  1.93656385e-02 ...  5.15960902e-03
   2.60919332e-05  1.36553496e-03]
 [ 9.11648797e-04 -1.20175480e-03 -2.23632489e-03 ...  2.11816869e-03
   7.43373638e-04  1.66734973e-03]
 [ 2.33882479e-03  4.23778780e-03  4.06754576e-03 ...  1.77774392e-03
   1.59358606e-03  7.70419836e-04]]",132.5120192,-108.394745
blues,56,1022.39016,41211.727,"[0.517379641532898, 0.4964264929294586, 0.6056317090988159, 0.5945140719413757, 0.6941298246383667, 0.5715374946594238, 0.6354817152023315, 0.6132233738899231, 0.5918688178062439, 0.6417704224586487, 0.5854578614234924, 0.639099657535553]","[[-0.00181819  0.00125376  0.00076044 ...  0.00422368 -0.00510141
  -0.00383517]
 [ 0.00329056  0.00597235  0.0058688  ...  0.0011616  -0.00567529
  -0.00674368]
 [-0.000752    0.00233646  0.00353589 ...  0.01569708  0.00951712
   0.00947957]
 [ 0.01234359  0.0092032   0.01303174 ...  0.01045607  0.0018436
   0.00105392]
 [ 0.00317036  0.00194157  0.00284219 ...  0.00196779  0.00611601
   0.005361  ]
 [-0.00116379 -0.0012325  -0.00232993 ... -0.00132306 -0.00154746
  -0.00150292]]",105.46875,-129.38152
blues,57,1350.633627,47664.254,"[0.6128785610198975, 0.6289598345756531, 0.6641758680343628, 0.6841485500335693, 0.7047505974769592, 0.675048828125, 0.7190312743186951, 0.6149325370788574, 0.6262999773025513, 0.6418636441230774, 0.6261524558067322, 0.6731048822402954]","[[-0.00222    -0.0015625  -0.00616235 ...  0.0022877  -0.00288858
  -0.00483276]
 [-0.00022279 -0.00242877  0.00047825 ... -0.00864363 -0.00802404
  -0.00694316]
 [ 0.00694337  0.00530374 -0.00157729 ... -0.00096878 -0.0046896
  -0.00631091]
 [ 0.00716694  0.00944684  0.0106978  ...  0.01154624  0.00489903
   0.00161957]
 [ 0.0043805   0.00215012 -0.00022861 ...  0.00401974  0.00552178
   0.00279484]
 [-0.00466367 -0.00521496 -0.00418937 ... -0.00369551 -0.00320366
  -0.0047439 ]]",123.046875,-119.27937
blues,58,1536.575803,46144.844,"[0.5256405472755432, 0.6379833817481995, 0.6317230463027954, 0.7234979271888733, 0.5578010082244873, 0.5436927676200867, 0.6157196164131165, 0.5545912384986877, 0.5875529646873474, 0.5593292713165283, 0.5453442335128784, 0.5601744651794434]","[[-2.25883921e-04  1.59185589e-03  2.18668792e-03 ... -1.20816789e-03
   1.67299863e-03 -6.09404189e-04]
 [ 6.49640716e-03  1.04165433e-02  9.98348483e-03 ...  1.87635659e-03
   4.39414715e-04 -4.01349393e-04]
 [-9.93460417e-05  9.58554447e-04 -3.63799930e-03 ...  1.03501081e-02
   7.58436322e-03  5.74734062e-03]
 [ 2.36779079e-02  2.48518735e-02  2.20142603e-02 ...  1.76864713e-02
   1.08935386e-02  4.79836762e-03]
 [ 2.78039059e-03  3.14554759e-03  1.84075454e-03 ...  1.91447635e-03
   3.94152758e-03  1.47685576e-03]
 [-3.46382894e-03 -2.87074223e-03 -2.43106857e-04 ... -6.18610531e-04
   1.04731321e-03 -4.08116728e-04]]",105.46875,-96.02489
blues,59,2119.241049,45406.32,"[0.6640375256538391, 0.6271068453788757, 0.6717524528503418, 0.5233246088027954, 0.6382701396942139, 0.690428614616394, 0.6691031455993652, 0.7290125489234924, 0.5782619118690491, 0.6528374552726746, 0.6397771835327148, 0.6098070740699768]","[[ 0.00378554  0.00166972 -0.00183141 ...  0.00960105  0.01137017
   0.0103208 ]
 [ 0.00042245  0.00252349  0.00130979 ...  0.0045442   0.00163812
  -0.00035553]
 [-0.00396281 -0.00347679 -0.00385068 ...  0.00944556  0.0146228
   0.00879057]
 [ 0.01111682  0.01004127  0.009831   ...  0.01351897  0.01101974
   0.0077735 ]
 [-0.00060818  0.00195011  0.00010534 ...  0.00164522 -0.00028453
   0.00012443]
 [-0.00274467 -0.00177888 -0.00191932 ... -0.00038364 -0.00035753
   0.00158831]]",107.6660156,-108.0153
blues,60,1402.793141,44461.28,"[0.5682305097579956, 0.6229378581047058, 0.6695752739906311, 0.651498556137085, 0.7763582468032837, 0.6551181077957153, 0.6733878254890442, 0.6190901398658752, 0.6230034232139587, 0.7345863580703735, 0.6173259615898132, 0.5748257637023926]","[[ 6.12044464e-03  2.74710249e-03  5.61803434e-04 ... -1.00260541e-03
  -6.90494606e-04 -6.42877085e-04]
 [-2.36461087e-03 -1.68055629e-03  2.82517276e-04 ... -8.61724619e-04
  -1.80288231e-03  1.92795712e-03]
 [ 1.31752118e-02  2.02907324e-02  2.26081610e-02 ...  3.11017185e-02
   1.85065269e-02  7.73403794e-03]
 [-8.50746036e-03 -6.46066666e-03 -3.38838249e-03 ...  9.00109112e-03
   1.83753967e-02  1.45233795e-02]
 [ 3.27878303e-05 -1.68329359e-03  1.11787693e-04 ...  3.95186431e-04
   4.31276273e-03  5.61821392e-03]
 [ 3.34808789e-03  9.29236412e-04  1.49782747e-03 ...  5.34413382e-04
  -3.19944695e-04 -1.42825767e-03]]",147.65625,-121.380714
blues,61,2585.452501,44045.293,"[0.605513870716095, 0.5471957325935364, 0.7814883589744568, 0.5415270328521729, 0.7311726808547974, 0.6649670004844666, 0.6123703718185425, 0.6454299092292786, 0.5489633083343506, 0.7216271758079529, 0.6512749791145325, 0.7329778075218201]","[[-0.00317856 -0.00682063  0.00168896 ... -0.00756496 -0.0063343
  -0.00097631]
 [-0.00295597 -0.00538757 -0.00733378 ... -0.01140109 -0.00767267
  -0.00720908]
 [ 0.00155252  0.00204637 -0.00338467 ...  0.00453375  0.00385217
   0.00886913]
 [ 0.01637473  0.01487882  0.01574638 ...  0.01708588  0.01805285
   0.02485783]
 [ 0.00394634  0.00783522  0.00991387 ...  0.00443114  0.00387743
   0.00527467]
 [ 0.0034275   0.00557888  0.00685922 ... -0.00408501 -0.00684209
  -0.00635497]]",132.5120192,-121.21716
blues,62,2040.776054,47528.668,"[0.6622057557106018, 0.48813396692276, 0.50864177942276, 0.5113650560379028, 0.4904051125049591, 0.6853317022323608, 0.5044658780097961, 0.5361227989196777, 0.5300907492637634, 0.4639115035533905, 0.469449520111084, 0.47681182622909546]","[[-0.00453992  0.0004778   0.00439182 ... -0.00221234 -0.00418854
   0.00066351]
 [-0.01001634 -0.01136858 -0.01570256 ... -0.00838758 -0.01815088
  -0.01789435]
 [ 0.01773426  0.02121633  0.01530703 ...  0.01776924  0.00470774
  -0.01822001]
 [-0.00205845 -0.00282198 -0.00297607 ...  0.01468337  0.01577876
   0.00381682]
 [ 0.00657843  0.00665168  0.00551973 ...  0.00612785  0.00699314
   0.01022451]
 [ 0.0005686  -0.0015132  -0.00084365 ...  0.00053985  0.00242815
  -0.00028821]]",112.3471467,-79.78117
blues,63,2486.897126,47461.566,"[0.7162004709243774, 0.5381432771682739, 0.5375902056694031, 0.581475019454956, 0.5568999648094177, 0.6620189547538757, 0.5335125923156738, 0.553117036819458, 0.5529589653015137, 0.5939050912857056, 0.5563435554504395, 0.5758056044578552]","[[-0.00014672 -0.00273167 -0.00611825 ...  0.00203826 -0.00117407
   0.00149645]
 [-0.00353709 -0.00401601 -0.00573812 ... -0.01573516 -0.0145613
  -0.01172897]
 [ 0.00784705  0.00858415  0.00484887 ...  0.01992854  0.02388512
   0.02257357]
 [-0.00635993  0.00022785  0.00379105 ...  0.01110651  0.00607856
   0.00323582]
 [ 0.00362008  0.00263045  0.00150558 ...  0.00322511  0.0018572
   0.0007916 ]
 [-0.00150433 -0.00219148 -0.00137119 ...  0.00093269  0.00156057
   0.00352653]]",135.9991776,-66.84477
blues,64,2256.17573,46245.137,"[0.8120889663696289, 0.554043173789978, 0.5908412933349609, 0.5345420837402344, 0.6080777049064636, 0.803460955619812, 0.5114738345146179, 0.5739390850067139, 0.5054954290390015, 0.6325474977493286, 0.48694702982902527, 0.5692979693412781]","[[ 6.31433554e-03  7.80125102e-03  6.70033660e-03 ...  8.83971487e-03
   2.33971343e-03 -4.37173111e-04]
 [ 8.37402715e-04 -1.53271600e-03 -3.30604514e-03 ...  5.27880173e-03
   5.32919820e-03  5.75821783e-03]
 [ 3.48746777e-03  8.40968639e-03  6.84572011e-03 ...  2.02968717e-04
  -3.88026237e-05  7.50089437e-03]
 [ 1.74277648e-02  2.71673277e-02  2.51354501e-02 ...  2.25994736e-03
   1.32039264e-02  1.39799938e-02]
 [ 1.42637870e-03  3.57217007e-03  2.71974778e-03 ...  4.77757047e-03
   4.71771163e-03  2.48230621e-03]
 [-1.06157586e-02 -1.23759415e-02 -1.25752166e-02 ... -5.87143004e-03
  -7.59528950e-03 -7.53011554e-03]]",156.6051136,-51.07395
blues,65,2561.552897,47546.875,"[0.7323600649833679, 0.5024242997169495, 0.4753500521183014, 0.48298558592796326, 0.5498935580253601, 0.5319430232048035, 0.49316513538360596, 0.6543455719947815, 0.4514974057674408, 0.4743719696998596, 0.5383085608482361, 0.5733106732368469]","[[ 7.68812352e-03  9.91486324e-03  1.07166606e-02 ... -1.41162669e-03
  -1.25600841e-03  2.40341674e-03]
 [ 6.03050259e-03  5.17762291e-03  6.87382857e-03 ... -4.86182967e-03
  -5.37616748e-03 -7.08215233e-03]
 [ 6.49297982e-03  5.51667809e-03  1.82766765e-02 ... -5.35248965e-03
  -1.07135922e-02 -1.26151741e-03]
 [ 6.75587356e-03  1.28453225e-02  1.56566501e-02 ...  6.74927235e-03
   5.99966198e-03 -3.34983319e-03]
 [ 2.53467705e-03  1.63667828e-03  7.48554909e-04 ... -7.75480741e-05
  -1.12119991e-03  5.97465696e-04]
 [ 1.59187429e-03  3.00077908e-03  6.01669401e-03 ...  1.09559856e-03
  -9.44994390e-04  2.45045871e-04]]",107.6660156,-56.459152
blues,66,2016.130641,50284.54,"[0.5868871808052063, 0.555801510810852, 0.6517927646636963, 0.5121320486068726, 0.6074410676956177, 0.5693192481994629, 0.5164369940757751, 0.5537161827087402, 0.5034804344177246, 0.628428041934967, 0.6554403305053711, 0.6997763514518738]","[[ 1.38490767e-03  7.36356355e-04  5.55098805e-04 ...  8.03685963e-03
   1.04248382e-02  7.05967177e-03]
 [ 1.11603329e-04 -3.79969140e-03 -5.55168621e-03 ... -1.04444695e-02
  -1.26521782e-02 -5.67491912e-03]
 [ 8.68728757e-03  5.99586964e-03 -4.43406403e-03 ...  1.96559429e-02
   1.91630721e-02  2.06612200e-02]
 [ 1.18500963e-02  1.00089461e-02  2.38874108e-02 ...  1.11404285e-02
   8.36627930e-03  8.36835057e-03]
 [ 1.31390060e-03  2.29519974e-03  6.42898279e-03 ...  7.27860797e-03
   7.06193019e-03  5.26101595e-03]
 [ 5.28298318e-04  1.69369951e-03 -5.11109829e-05 ... -7.87384808e-03
  -7.57341459e-03 -7.89367035e-03]]",107.6660156,-81.22334
blues,67,1869.946788,47361.62,"[0.5180844068527222, 0.4756746292114258, 0.5879910588264465, 0.5183536410331726, 0.6247309446334839, 0.5680926442146301, 0.5707667469978333, 0.7669944167137146, 0.5716145634651184, 0.5789545178413391, 0.5324842929840088, 0.5613146424293518]","[[ 0.00260846 -0.00487789 -0.00882076 ... -0.00546888 -0.00359067
  -0.00425418]
 [-0.00821454 -0.00909898 -0.01103805 ... -0.00532288 -0.00216235
  -0.00014656]
 [ 0.00588399  0.00163085 -0.00519978 ...  0.01084194  0.00609659
   0.00587057]
 [-0.00736463 -0.00612009  0.00077324 ...  0.01404306  0.01076687
   0.00954126]
 [-0.00262221 -0.00367675 -0.00613922 ...  0.00440843  0.00505955
   0.00307943]
 [ 0.00162875 -0.00053651  0.00213335 ...  0.00538647  0.00446495
   0.00305789]]",107.6660156,-60.20707
blues,68,2077.300971,46351.688,"[0.6408349871635437, 0.45827820897102356, 0.4589208960533142, 0.4433050751686096, 0.5339395999908447, 0.7162373065948486, 0.47673171758651733, 0.5423479080200195, 0.5109161138534546, 0.6422484517097473, 0.5033735632896423, 0.4637265205383301]","[[-0.0067988  -0.00671632 -0.00518409 ...  0.01035664  0.00957789
   0.00942748]
 [-0.01344256 -0.01480549 -0.01706509 ... -0.01342877 -0.01468211
  -0.01089435]
 [-0.01562882 -0.01717545 -0.01606324 ...  0.01826819  0.01600283
   0.01839069]
 [-0.00067455 -0.00283228 -0.00835897 ...  0.0081358   0.01221366
   0.01012594]
 [-0.0069634  -0.00584985 -0.005188   ...  0.00432912  0.0058719
   0.00587558]
 [ 0.00204178  0.00055412 -0.00014002 ... -0.00020983 -0.00466644
  -0.00677647]]",107.6660156,-42.37581
blues,69,2051.909426,43240.8,"[0.5485717058181763, 0.4422266483306885, 0.6230934858322144, 0.4867075979709625, 0.5874283313751221, 0.6091476678848267, 0.4857569634914398, 0.6692712903022766, 0.46904823184013367, 0.49024924635887146, 0.49859943985939026, 0.5498901605606079]","[[ 0.00134056 -0.00037837  0.00047112 ...  0.01132734  0.01278249
   0.01073598]
 [-0.00378866  0.00118635 -0.00090892 ... -0.00038416 -0.00021384
  -0.00045463]
 [-0.0073655   0.00163277  0.00628702 ...  0.00069336 -0.00041968
  -0.00304929]
 [ 0.01143739  0.00370439  0.00297914 ...  0.01106549  0.00970629
   0.00974174]
 [ 0.00216797  0.00111253  0.00110877 ...  0.0025356   0.00210476
   0.00472367]
 [-0.00265694 -0.00056077 -0.00344704 ... -0.00528677 -0.00310614
  -0.00281588]]",117.4538352,-50.52317
blues,71,2042.482275,44979.652,"[0.7295151948928833, 0.4942914843559265, 0.497898131608963, 0.4757130444049835, 0.5623294115066528, 0.7526108622550964, 0.49392372369766235, 0.5519815683364868, 0.4892072081565857, 0.633666455745697, 0.4616117775440216, 0.47440817952156067]","[[ 6.46806249e-03  7.71770005e-03  6.49079735e-03 ...  3.39617935e-03
   7.10724188e-03  8.47508321e-03]
 [-9.54728269e-04 -5.70698314e-05 -3.19153406e-03 ... -1.01580064e-03
   1.25255372e-03  2.27323072e-03]
 [ 6.28527999e-03  1.22847408e-03 -7.52871484e-03 ...  1.23721585e-02
   1.64252594e-02  1.54304877e-02]
 [-3.18451971e-03 -1.10100210e-03 -1.40099972e-03 ...  1.54612586e-02
   1.38605237e-02  1.14723146e-02]
 [-2.03499735e-03 -5.27846967e-03  1.33933593e-03 ...  2.54519444e-03
   1.22736111e-03  2.78009055e-03]
 [ 5.53121790e-04  1.85670331e-03  5.73535636e-03 ... -9.22032632e-03
  -8.00968334e-03 -7.62711465e-03]]",147.65625,-49.38691
blues,72,1859.867285,43144.71,"[0.5120984315872192, 0.4942161440849304, 0.6603870987892151, 0.5513387322425842, 0.7151426076889038, 0.5585988163948059, 0.5267292261123657, 0.733005166053772, 0.5082815885543823, 0.56220942735672, 0.5418054461479187, 0.6283864378929138]","[[ 0.00465971  0.00627087  0.00941677 ...  0.00500856  0.00562582
   0.00842882]
 [ 0.00474183  0.00190286  0.00119601 ...  0.00173483 -0.00034734
   0.00357456]
 [ 0.00650535  0.00986878  0.00997899 ... -0.00118601  0.00169327
   0.0050246 ]
 [ 0.00927078  0.00928576  0.00801472 ...  0.01001989  0.00836886
   0.01588886]
 [-0.00273928 -0.00354831 -0.00443665 ...  0.00160093  0.00229377
   0.00258259]
 [-0.00074739 -0.00053175 -0.00144655 ... -0.00262962 -0.00189677
  -0.00251663]]",135.9991776,-58.319218
blues,74,1712.534523,47716.18,"[0.5638799667358398, 0.5809829831123352, 0.5699900984764099, 0.6764620542526245, 0.50324946641922, 0.5468137860298157, 0.5017966628074646, 0.6128804087638855, 0.6108699440956116, 0.567868709564209, 0.7811957001686096, 0.5384268760681152]","[[-2.46276109e-04  3.09196049e-03  1.12128109e-03 ...  4.61468626e-04
  -1.61998427e-03  4.56585468e-04]
 [-6.90995974e-03 -5.14308706e-03 -9.30218056e-03 ... -1.17915128e-02
  -1.39174788e-02 -1.23635757e-02]
 [ 1.71988308e-02  1.69282332e-02  2.53339037e-02 ...  1.65010020e-02
   9.52742249e-03  1.34132951e-02]
 [ 1.61807984e-02  1.12624988e-02  1.16983876e-02 ...  3.18716317e-02
   1.98682472e-02  1.62012056e-02]
 [-2.60579854e-05  7.08291982e-04  2.60204970e-03 ... -1.61814056e-03
   7.13582944e-04  2.72603886e-04]
 [-4.55236062e-04  1.15751475e-03  2.04525888e-04 ... -7.13648275e-04
  -7.34213740e-04 -1.55671500e-03]]",109.9567819,-92.385056
blues,75,1628.100757,59857.203,"[0.7473891973495483, 0.631069540977478, 0.633017361164093, 0.6271764636039734, 0.7616320252418518, 0.6683264374732971, 0.6335581541061401, 0.7271395325660706, 0.6395814418792725, 0.7040873765945435, 0.6461703777313232, 0.6762627363204956]","[[ 0.00125211 -0.00163826 -0.00038364 ... -0.00188838 -0.00254552
  -0.00414334]
 [-0.00014042 -0.00166285 -0.00097687 ... -0.00647612 -0.00451871
  -0.00369103]
 [ 0.0156367   0.00776798 -0.00244942 ...  0.00602815  0.00639191
   0.00947062]
 [-0.00505648 -0.00060844 -0.00043561 ... -0.00781021 -0.00514255
  -0.0033951 ]
 [-0.00011289  0.00180915  0.00055915 ...  0.00352854  0.00210364
   0.00287534]
 [ 0.00463505  0.00169636 -0.00247009 ... -0.0001142  -0.00071039
  -0.00142372]]",117.4538352,-118.40831
blues,78,1853.063863,47602.008,"[0.5667746067047119, 0.728862464427948, 0.7007946968078613, 0.7791890501976013, 0.5945176482200623, 0.6086971163749695, 0.5442113876342773, 0.6783799529075623, 0.6742269396781921, 0.610949695110321, 0.7800448536872864, 0.6319683194160461]","[[ 3.71865046e-04 -8.70428240e-04 -1.11989461e-03 ...  8.88422805e-03
   1.48882253e-02  1.13321791e-02]
 [-7.06839326e-03 -1.07002329e-02 -9.16733242e-03 ... -1.45416881e-02
  -1.47682549e-02 -1.58794586e-02]
 [ 7.26231188e-03  3.76971066e-03  4.30207700e-03 ...  2.30334699e-04
   9.35614109e-03  8.91795009e-03]
 [ 8.57380778e-03  6.03318214e-04 -4.62258607e-03 ...  7.03658909e-03
   3.62513214e-03  2.14221328e-03]
 [ 3.32276899e-03  1.02157497e-03 -2.76366599e-03 ...  2.61634175e-03
   2.18635111e-03 -3.27362112e-05]
 [ 7.13542104e-04  1.41645968e-03  1.01731159e-03 ...  1.96948647e-03
   1.67783909e-03  1.54153816e-03]]",120.1853198,-103.71583
blues,79,1780.572759,46007,"[0.6301279067993164, 0.6369146108627319, 0.633830189704895, 0.8190830945968628, 0.6201274394989014, 0.5999464392662048, 0.6229760646820068, 0.6471679210662842, 0.5826825499534607, 0.5812298059463501, 0.8071299195289612, 0.6194400191307068]","[[ 0.00528626  0.00386803  0.0053489  ...  0.00450219  0.00446513
   0.00212391]
 [-0.00745164 -0.01080002 -0.01435762 ... -0.00980788 -0.00896506
  -0.00951613]
 [ 0.0159959   0.01764686  0.01812252 ...  0.01176032  0.01067454
   0.00715569]
 [ 0.01751699  0.01033427  0.01314978 ...  0.0107308   0.01443667
   0.00456309]
 [ 0.00452583  0.00417884  0.00119164 ...  0.00305126  0.00166961
   0.00085125]
 [-0.00208513  0.00223885  0.00345193 ...  0.00034239 -0.00032883
   0.00150962]]",156.6051136,-122.316536
blues,81,2105.947087,43860.37,"[0.6251083612442017, 0.5899173617362976, 0.7928879261016846, 0.47364532947540283, 0.5734939575195312, 0.5988215804100037, 0.5739790201187134, 0.639024555683136, 0.4675633907318115, 0.5285475850105286, 0.5557445287704468, 0.6810194849967957]","[[ 0.00705203  0.00594354  0.00567981 ...  0.00832562  0.00777436
   0.00999789]
 [ 0.00054076  0.00059634 -0.00231347 ... -0.00675982 -0.00619773
  -0.00050805]
 [-0.0083551  -0.00541907  0.00069708 ... -0.02653842 -0.02927839
  -0.01977663]
 [ 0.02453429  0.03437346  0.03916055 ...  0.00711007  0.00936002
   0.0091189 ]
 [ 0.00429903  0.00504295  0.0034294  ...  0.01118714  0.00901458
   0.00861535]
 [-0.00352327 -0.00220015 -0.00247861 ...  0.00101609  0.00195576
  -0.00312295]]",135.9991776,-69.4209
blues,82,1655.222153,49659.53,"[0.5189673900604248, 0.5912541151046753, 0.5795450806617737, 0.49526989459991455, 0.696469247341156, 0.5098966360092163, 0.5116579532623291, 0.5399348139762878, 0.5301215052604675, 0.7182813286781311, 0.5174596905708313, 0.5552759766578674]","[[ 2.29811049e-03 -3.16998742e-03 -1.09387431e-02 ...  5.50195783e-04
   2.30675595e-03 -1.63178963e-03]
 [ 1.03877244e-05  1.55122778e-03  6.87619963e-03 ... -9.41533048e-04
   7.31426512e-04 -1.39101772e-03]
 [ 1.00164786e-02  1.63784623e-03 -6.05902821e-03 ...  6.97618723e-03
   6.82748854e-03  1.33640096e-02]
 [-4.79242206e-03 -3.44489515e-03 -1.25685260e-02 ...  6.22069091e-03
   8.40443373e-03  1.50127709e-03]
 [ 4.38446171e-03  5.42491638e-03  5.30164021e-03 ...  3.28596454e-03
   5.54535028e-03  1.05473704e-03]
 [-2.33415328e-03 -1.32725574e-03  2.25089490e-04 ... -1.27506256e-03
   1.27225183e-03  2.09605135e-03]]",126.0480183,-56.725887
blues,84,1758.23113,47760.457,"[0.7494222521781921, 0.5401387810707092, 0.5406352281570435, 0.6650673151016235, 0.5438886880874634, 0.5312641263008118, 0.500821053981781, 0.7364999651908875, 0.5489868521690369, 0.5221908092498779, 0.7517093420028687, 0.5829029083251953]","[[ 2.69077755e-03  4.19191605e-03  5.45557639e-03 ... -3.91141720e-03
  -4.01311731e-03 -8.87499479e-06]
 [-2.26403476e-03 -6.58904107e-04 -1.35046656e-03 ... -3.82728091e-03
  -3.90117730e-04  1.76982316e-03]
 [-1.07186809e-02 -8.82801414e-03 -9.53759253e-03 ...  1.35461539e-02
   9.86737758e-03  6.76907599e-03]
 [ 9.60680097e-03  7.30576366e-03 -2.84388661e-03 ...  1.27246901e-02
   1.65953189e-02  1.53442845e-02]
 [-5.89826064e-04  6.00962893e-04 -3.80965359e-04 ... -3.52284153e-03
  -5.02183222e-03 -6.34310145e-03]
 [ 2.10224465e-03  1.74861401e-04  6.37987629e-04 ... -1.83202885e-03
  -1.83986127e-03 -1.33456662e-03]]",147.65625,-93.05916
blues,85,974.510555,37268.9,"[0.5231202840805054, 0.5043473839759827, 0.6616316437721252, 0.4391956329345703, 0.42448458075523376, 0.387180894613266, 0.43138250708580017, 0.5712829828262329, 0.4866666793823242, 0.5165256857872009, 0.4845876693725586, 0.526364803314209]","[[ 7.45894021e-04  1.96341279e-03  2.46367465e-03 ...  2.69816261e-03
   1.81081484e-03  1.88903110e-03]
 [-1.85278475e-03 -2.08511517e-03 -5.83588561e-03 ... -3.11654986e-03
  -3.74257180e-03 -2.98043423e-03]
 [-9.73997265e-03 -1.15495250e-02 -2.44498998e-03 ... -4.08259034e-03
  -6.94660097e-03 -6.77515566e-03]
 [ 1.18916780e-02  9.26133245e-03  1.00331530e-02 ...  4.77574021e-03
   5.77723980e-03  9.96801257e-03]
 [ 2.98538308e-03  3.34373281e-03  2.68624696e-03 ...  2.67225818e-05
   4.78670706e-05  1.48469219e-03]
 [-6.62707351e-03 -5.47146425e-03 -5.15760109e-03 ... -1.50732882e-03
  -1.43711083e-03 -3.25822271e-03]]",143.5546875,-94.19637
blues,86,777.8310315,40292.277,"[0.5265679955482483, 0.5229648351669312, 0.6254593729972839, 0.5418924689292908, 0.5835758447647095, 0.6381354928016663, 0.647801399230957, 0.6464028358459473, 0.5939902663230896, 0.5851792693138123, 0.5927111506462097, 0.5817143321037292]","[[ 1.04676769e-03  2.94193142e-03  6.32506527e-03 ... -1.89792592e-03
  -1.55808555e-03  3.21196846e-03]
 [ 4.80388015e-03  4.20936348e-03 -3.61561899e-03 ...  1.00292935e-05
  -3.16050510e-03 -6.70826428e-04]
 [ 1.25382692e-02  2.14304850e-02  2.73054391e-02 ...  2.21536607e-02
   1.57641172e-02  1.50891915e-02]
 [ 2.01034918e-02  2.09581777e-02  1.27305165e-02 ...  7.61999190e-03
   1.23657212e-02  9.08697397e-03]
 [-1.27706712e-03 -2.77621266e-03  1.54835472e-03 ...  3.35860235e-03
   3.04580651e-03  2.47452139e-03]
 [ 1.40576251e-03 -1.45367160e-03 -3.87164578e-03 ...  2.66744010e-03
   1.57735124e-03  2.50462629e-03]]",123.046875,-124.90314
blues,87,788.7881793,42493.664,"[0.48248234391212463, 0.581066370010376, 0.4953964352607727, 0.5410117506980896, 0.5378169417381287, 0.5871143341064453, 0.5634170770645142, 0.5017870664596558, 0.6011294722557068, 0.5936031937599182, 0.5612927079200745, 0.46589598059654236]","[[-0.00165373 -0.00509876 -0.00606865 ... -0.00127918 -0.00026745
   0.00117917]
 [-0.00322723 -0.00228575  0.00024957 ... -0.00366985 -0.00216739
  -0.00409938]
 [ 0.0177892   0.02686976  0.02479098 ...  0.00743391  0.00857497
   0.0102552 ]
 [ 0.00349591 -0.00642142 -0.01246264 ...  0.00955778  0.00363003
  -0.00056674]
 [-0.00141776 -0.00421489 -0.00203819 ...  0.00227086  0.00366721
   0.00532877]
 [ 0.00294577  0.00098643 -0.00177174 ...  0.00100295  0.00118227
   0.00045453]]",117.4538352,-108.638336
blues,88,479.0935365,36797.69,"[0.5891058444976807, 0.651726245880127, 0.7637527585029602, 0.5383207201957703, 0.48304086923599243, 0.5135009288787842, 0.5828713178634644, 0.5936923623085022, 0.5490764379501343, 0.5796496272087097, 0.5904287099838257, 0.5759820938110352]","[[-5.23006318e-04  2.43064778e-03  5.23164450e-03 ...  6.11121219e-04
   3.96434021e-04 -6.81091253e-04]
 [-2.10567591e-03 -1.75547981e-03 -2.17572127e-03 ...  2.40968332e-03
  -9.47672266e-04 -2.10937457e-03]
 [ 1.54864043e-02  1.29006281e-02  8.70054215e-03 ...  7.74275512e-03
   4.44068015e-03  5.20265102e-03]
 [ 9.53574479e-03  3.01482528e-03 -1.21559948e-03 ...  1.05818957e-02
   1.18029565e-02  1.43995956e-02]
 [ 4.64448666e-03  4.42695716e-03  2.78517181e-03 ...  8.98818215e-05
   2.20316927e-04 -1.75376016e-05]
 [-2.14996748e-03 -1.07266940e-03 -1.51962973e-03 ...  1.37980655e-03
   2.51008570e-03  2.16825679e-03]]",112.3471467,-130.94475
blues,89,459.5732789,15551.725,"[0.5660944581031799, 0.539048969745636, 0.4446198642253876, 0.4331320822238922, 0.4756228029727936, 0.4426870048046112, 0.5113985538482666, 0.6404376029968262, 0.612105667591095, 0.6361674666404724, 0.5798552632331848, 0.6123737692832947]","[[ 0.00020236 -0.00093787 -0.00398479 ...  0.00093719  0.00101596
  -0.00015499]
 [ 0.0043535   0.00432874  0.00096701 ...  0.00076724  0.00232518
   0.00199954]
 [ 0.00112735  0.00272214  0.00244706 ... -0.00437587  0.00130478
   0.00528987]
 [ 0.00698231  0.00729546  0.01030499 ...  0.00667495  0.00752259
   0.0083404 ]
 [-0.00119594 -0.00115637 -0.00215937 ... -0.00049854  0.00083277
   0.00152721]
 [-0.00205161 -0.00152511 -0.00035193 ... -0.00424988 -0.00258921
  -0.00245804]]",147.65625,-126.02766
blues,91,567.8752278,41154.094,"[0.6323713660240173, 0.6219761371612549, 0.654899537563324, 0.6262117624282837, 0.6475668549537659, 0.5541449785232544, 0.5827500224113464, 0.5698200464248657, 0.6300941109657288, 0.5919397473335266, 0.6316466331481934, 0.7604899406433105]","[[ 6.38771511e-04  4.32981052e-03  7.22652082e-03 ...  2.64097698e-03
   2.13832569e-03  8.88355259e-04]
 [-2.50855288e-03 -1.57063113e-04  8.75519349e-04 ...  1.49492312e-03
  -2.31687469e-03 -3.39470764e-03]
 [ 1.82401389e-03  7.37483799e-03  9.47613269e-03 ...  2.51137465e-03
   9.15352255e-03  9.87522304e-03]
 [ 5.61989099e-03  1.06083900e-02  1.05090737e-02 ... -1.50742382e-03
  -5.60581684e-05  6.25709444e-03]
 [ 3.23720059e-03  3.10077766e-03  3.38628311e-03 ...  2.83790398e-03
   5.34610041e-03  6.30079957e-03]
 [ 1.55100599e-04  8.78011808e-04  8.04716721e-04 ...  4.10263613e-03
   3.01075168e-03  3.02050263e-03]]",126.0480183,-133.1304
blues,92,566.0399286,21954.996,"[0.5221819877624512, 0.4955432116985321, 0.4501456916332245, 0.538733720779419, 0.5792564153671265, 0.5960075259208679, 0.6852830648422241, 0.5507125854492188, 0.5308179259300232, 0.5256271958351135, 0.6027753949165344, 0.6340707540512085]","[[ 1.66602588e-03  1.73653716e-03  4.78564243e-03 ...  5.23894263e-03
   2.27969544e-04 -3.42565997e-03]
 [-3.42443534e-03 -3.29346510e-03 -4.50148222e-04 ... -4.95727163e-04
   9.08540315e-04 -1.27315819e-03]
 [ 7.58881867e-03  8.47013295e-03  1.08838752e-02 ...  2.10595503e-02
   2.01723799e-02  1.05247200e-02]
 [ 4.70523536e-03  3.86834145e-03  4.61786985e-05 ...  8.78313184e-03
   1.21879429e-02  9.43313539e-03]
 [ 2.66362165e-03  1.81323186e-03  1.18446884e-03 ...  4.82333729e-03
   6.15744355e-03  5.12822572e-03]
 [ 5.23502007e-04  4.15280461e-04  5.39457425e-04 ...  4.95325774e-04
  -3.05810943e-04 -2.60379165e-04]]",166.7086694,-125.75835
blues,93,407.3561085,12503.193,"[0.4820805788040161, 0.34260663390159607, 0.39743223786354065, 0.5313191413879395, 0.5131778717041016, 0.4684089422225952, 0.7255871891975403, 0.4871041774749756, 0.4841057062149048, 0.5536062121391296, 0.5198651552200317, 0.7035588026046753]","[[ 0.00127819  0.00149958  0.00317017 ... -0.00077187 -0.00041077
   0.00166783]
 [-0.0035015  -0.00201386 -0.00070439 ...  0.00199011 -0.00112387
  -0.00066251]
 [ 0.00721735  0.00552221  0.00642358 ...  0.00666325  0.00711092
   0.00724088]
 [ 0.00442696  0.00387461  0.00168513 ...  0.00015991  0.00061025
   0.00220419]
 [ 0.00345133  0.00311438  0.00123899 ...  0.00269612  0.00427951
   0.00269993]
 [ 0.0009806   0.00103746  0.00189186 ... -0.00176819 -0.00190956
  -0.00078423]]",117.4538352,-135.63095
blues,94,787.251996,30001.746,"[0.5485460162162781, 0.6435564160346985, 0.509146511554718, 0.4665960669517517, 0.5745018124580383, 0.4976517856121063, 0.6629571914672852, 0.5956153273582458, 0.6310300827026367, 0.6212024688720703, 0.5179814696311951, 0.5717175602912903]","[[ 3.96539377e-03  4.38149672e-03  6.63660950e-03 ... -3.02779816e-04
   3.45268399e-03  2.89332380e-03]
 [ 3.29761862e-03  5.66315430e-03  5.67788955e-03 ... -9.10402121e-04
  -9.20282435e-05 -2.13885568e-03]
 [ 9.96850431e-03  8.29673558e-03  1.07289255e-02 ...  9.18544084e-03
   7.10541755e-03  8.82603228e-03]
 [ 1.77115574e-02  1.69386715e-02  1.33303329e-02 ...  5.87174296e-03
   4.90642339e-03 -1.28516555e-03]
 [-1.38137971e-03 -3.18533304e-03 -3.13908874e-04 ...  2.73969858e-03
   2.02158605e-03  2.28112707e-03]
 [ 8.53948295e-04 -1.03953108e-03 -2.15825066e-03 ...  8.88761133e-04
   1.27322972e-03  3.85373831e-04]]",103.359375,-129.04268
blues,95,887.5040347,41711.195,"[0.49255022406578064, 0.5919092297554016, 0.5483537912368774, 0.5368056893348694, 0.5744024515151978, 0.5202125906944275, 0.6416850090026855, 0.5419575572013855, 0.5466203093528748, 0.5611366629600525, 0.6457839012145996, 0.5867865085601807]","[[ 0.00491924  0.00772119  0.00922657 ...  0.00489712  0.00424553
   0.00017334]
 [-0.00097241  0.00062075 -0.00074896 ...  0.00174227  0.00727814
   0.00455406]
 [ 0.01152289  0.01392181  0.00868722 ...  0.01527704  0.01664709
   0.0149186 ]
 [-0.01251201 -0.01717479 -0.01755575 ...  0.00851105  0.009009
   0.0085897 ]
 [ 0.00123206  0.00110231  0.001439   ... -0.00310517 -0.00160142
  -0.0001147 ]
 [-0.0023046  -0.00081499  0.001215   ...  0.00468794  0.00318829
   0.00119858]]",139.6748311,-111.50542
blues,96,867.699969,28676.354,"[0.34703508019447327, 0.3776067793369293, 0.34777599573135376, 0.5159494280815125, 0.6950899362564087, 0.44447192549705505, 0.42599475383758545, 0.36439600586891174, 0.4635273218154907, 0.2942982316017151, 0.3458838164806366, 0.47235962748527527]","[[ 4.94289253e-03  4.74503470e-03  5.67243577e-03 ... -2.67555496e-03
  -3.73607982e-03 -2.19276342e-03]
 [ 2.16518745e-04 -5.17167223e-05  3.07829196e-03 ... -2.92786345e-03
  -1.54938453e-03 -2.40654394e-03]
 [ 2.05939263e-03  1.11129880e-03 -2.81716138e-03 ...  1.01867914e-02
   1.08184069e-02  1.75068006e-02]
 [ 1.39395744e-02  1.28009990e-02  1.46342069e-02 ...  2.17212737e-03
   5.05802780e-03  3.78572196e-03]
 [-4.88171853e-04 -2.29214776e-04  1.80050775e-04 ...  4.54408421e-03
   3.85362664e-03  1.55973674e-03]
 [ 1.80199184e-03  2.31906399e-03  1.04919635e-03 ... -2.86283717e-03
  -3.34996730e-03 -1.43529102e-03]]",123.046875,-84.51209
blues,97,652.8783924,44519.504,"[0.6547833681106567, 0.6547468900680542, 0.6285449862480164, 0.5230965614318848, 0.5524790287017822, 0.5128989219665527, 0.5896047353744507, 0.5788427591323853, 0.5414739847183228, 0.5380368232727051, 0.5344209671020508, 0.6384207010269165]","[[ 0.0001718   0.00244883  0.00045548 ...  0.00080482  0.00048935
   0.00264842]
 [-0.00107724  0.00204373  0.0020849  ...  0.00183612 -0.00020094
   0.0003064 ]
 [ 0.01169904  0.01514567  0.01988149 ... -0.00351892  0.00181957
   0.00317878]
 [ 0.00849389  0.00799118  0.00473446 ...  0.01214138  0.00901286
   0.01005497]
 [ 0.00389482  0.0027741   0.00240833 ... -0.00238513 -0.0009266
  -0.00133477]
 [-0.00062778 -0.00104916 -0.00129226 ...  0.00358018  0.00509537
   0.00565433]]",117.4538352,-135.8405
blues,98,1931.778875,46434.234,"[0.7407160997390747, 0.6031799912452698, 0.6246893405914307, 0.6336010694503784, 0.6949858069419861, 0.6654182076454163, 0.6155653595924377, 0.7839361429214478, 0.652400016784668, 0.6638179421424866, 0.6868691444396973, 0.6693454384803772]","[[ 0.00096607  0.00370638  0.00467033 ... -0.00462009 -0.00458881
   0.00293117]
 [-0.00433878 -0.00671982 -0.003968   ... -0.00873327 -0.01229052
  -0.01440055]
 [ 0.00253619  0.0040666   0.00367501 ...  0.01326637  0.0121641
   0.0089176 ]
 [ 0.00442265 -0.0003635   0.0022478  ...  0.0164777   0.01989345
   0.02550903]
 [ 0.00217023  0.00289378  0.00277425 ...  0.00348457  0.00279733
   0.00100138]
 [ 0.00166152  0.00210507  0.00116406 ... -0.00675605 -0.0077749
  -0.00486934]]",126.0480183,-109.859924
blues,99,1304.55428,34390.797,"[0.6231200695037842, 0.5233789086341858, 0.5620614886283875, 0.6452072858810425, 0.642486572265625, 0.6488864421844482, 0.5613000988960266, 0.6461074352264404, 0.5319328308105469, 0.5337873101234436, 0.6661810278892517, 0.5973239541053772]","[[ 0.0009527  -0.00080245  0.00147993 ...  0.00098318 -0.00056136
   0.00050978]
 [-0.00340796 -0.00164041 -0.00436618 ... -0.00345769 -0.00059363
  -0.00146151]
 [-0.00341643 -0.00223701  0.00024471 ... -0.00271052 -0.00454392
   0.00016878]
 [ 0.00352747  0.00911963  0.00731904 ...  0.00654897  0.00477007
   0.0038481 ]
 [-0.00211402 -0.00139794 -0.00146463 ... -0.00014562 -0.00051588
  -0.00145665]
 [-0.00091121  0.00027604  0.00033447 ... -0.00133169 -0.00193872
  -0.00093539]]",129.1992188,-74.462875
classical,1,1674.454209,21271.084,"[0.27439743280410767, 0.40430721640586853, 0.5455665588378906, 0.28107669949531555, 0.2952945828437805, 0.2505975067615509, 0.4373925030231476, 0.3182181417942047, 0.23859013617038727, 0.33956146240234375, 0.3551020622253418, 0.5791681408882141]","[[-6.05768135e-03 -8.66957643e-03 -9.71796196e-03 ... -4.80633786e-03
  -2.73849359e-03 -2.17886474e-03]
 [ 2.79658954e-03  2.29546362e-03 -3.92192716e-04 ... -3.03581192e-04
   1.49588665e-03  2.73929287e-03]
 [-1.98149756e-02 -2.25283206e-02 -2.85823792e-02 ...  9.51823592e-03
   9.66116041e-03  5.42230904e-03]
 [ 1.66094825e-02  1.38060376e-02  5.80628216e-03 ...  2.01112330e-02
   2.16356367e-02  2.21179500e-02]
 [-2.34809000e-04  2.44403707e-04  1.22851932e-03 ... -3.37360093e-04
   7.93566796e-04  1.52982345e-03]
 [-2.21947581e-03 -9.78313386e-04  4.51138243e-04 ... -6.00634143e-04
  -1.89422071e-03  8.29622149e-06]]",117.4538352,-33.137585
classical,2,1604.385632,35297.605,"[0.38021335005760193, 0.6031495928764343, 0.5464677214622498, 0.42462870478630066, 0.5800317525863647, 0.33345338702201843, 0.4448525905609131, 0.3292876183986664, 0.5125522613525391, 0.5104225873947144, 0.3524850010871887, 0.6304170489311218]","[[ 0.00129814 -0.0022995  -0.00694765 ... -0.00327094 -0.0045777
  -0.00200684]
 [-0.00210044 -0.00268433 -0.00432897 ... -0.00087515 -0.00580761
  -0.00313948]
 [ 0.007895    0.01446922  0.01974455 ...  0.01211815  0.01527335
   0.01507813]
 [-0.00260159 -0.00458305  0.00113778 ...  0.00814602  0.00805121
   0.01374467]
 [ 0.00235471  0.00385544  0.0074227  ...  0.00241971  0.00382134
   0.00269028]
 [-0.00137135 -0.00278976 -0.00391185 ... -0.00204718 -0.00308761
  -0.00240223]]",132.5120192,-37.587788
classical,3,1964.718174,18231.938,"[0.480764776468277, 0.2622082829475403, 0.4582687020301819, 0.356292724609375, 0.391103595495224, 0.3691311478614807, 0.342822402715683, 0.49548980593681335, 0.24836547672748566, 0.38647741079330444, 0.33316484093666077, 0.36120936274528503]","[[ 1.09833281e-03  2.22734804e-03  4.38798761e-03 ...  6.45961437e-03
   7.12479915e-03  5.59520667e-03]
 [-2.19026812e-03 -3.57104876e-03 -4.05595840e-03 ... -3.79292289e-03
  -4.94691508e-03 -4.56790504e-03]
 [ 8.95010680e-03  1.44984573e-02  1.68896541e-02 ... -1.67232379e-02
  -1.49382055e-02 -1.37446970e-02]
 [ 4.23397124e-03  8.12872499e-03  1.04455352e-02 ...  1.81011930e-02
   1.45097151e-02  4.57464904e-03]
 [ 1.14652555e-04 -9.52727951e-05  3.59372429e-04 ...  4.98189837e-03
   4.74656350e-03  3.29035217e-03]
 [-5.30444458e-03 -6.17973320e-03 -7.83377886e-03 ...  3.53476778e-03
   3.26105766e-03 -6.73502684e-04]]",120.1853198,-34.244537
classical,5,1263.555932,29616.656,"[0.5203710794448853, 0.3354637920856476, 0.4454866945743561, 0.5924225449562073, 0.37145888805389404, 0.4771898090839386, 0.3530391454696655, 0.5534597039222717, 0.5860349535942078, 0.4687068462371826, 0.48589888215065, 0.3693089187145233]","[[ 0.00082208 -0.00537122 -0.00776947 ...  0.00970507  0.01090396
   0.00651826]
 [-0.00904715 -0.0091971  -0.01104532 ... -0.00537571 -0.00385044
  -0.0034241 ]
 [ 0.01469008  0.01823914  0.01250983 ...  0.01272894  0.01256838
   0.01216644]
 [ 0.01711754  0.02685942  0.02736548 ... -0.00128973  0.00085234
  -0.00130945]
 [-0.00292635 -0.0058493  -0.00631424 ... -0.00058926 -0.00060286
  -0.00120161]
 [ 0.00540827  0.00532252  0.00552119 ...  0.0040777   0.00273373
   0.00114495]]",143.5546875,-48.68207
classical,6,1212.987512,24098.803,"[0.746677041053772, 0.3705762028694153, 0.3862765431404114, 0.42149829864501953, 0.33938977122306824, 0.45688387751579285, 0.3629351258277893, 0.510215699672699, 0.47220879793167114, 0.34689268469810486, 0.37192389369010925, 0.474126935005188]","[[-0.0038185  -0.00342589 -0.00182915 ...  0.00949162  0.00872826
   0.0055163 ]
 [-0.00485966 -0.00991117 -0.01347815 ... -0.00161427 -0.00116159
  -0.00126384]
 [ 0.0062236   0.00473462 -0.0002047  ... -0.01518749 -0.01509241
  -0.01110302]
 [ 0.01879682  0.01852216  0.02599872 ...  0.01364281  0.01605549
   0.0137321 ]
 [-0.0041401  -0.00483678 -0.0064774  ... -0.00228616 -0.00269716
  -0.00285325]
 [ 0.00021414  0.00111327  0.00241007 ... -0.00871934 -0.00889238
  -0.00867005]]",129.1992188,-56.557137
classical,7,1249.668228,25898.914,"[0.392547607421875, 0.301205039024353, 0.5196823477745056, 0.5891624093055725, 0.36082908511161804, 0.5892423391342163, 0.36146488785743713, 0.48144498467445374, 0.5046685934066772, 0.45052164793014526, 0.6640871167182922, 0.35642391443252563]","[[-0.00571541 -0.0094807  -0.01096999 ... -0.00670751 -0.01070799
  -0.00671385]
 [-0.01077673 -0.01674564 -0.01552436 ... -0.01310728 -0.01079602
  -0.0062568 ]
 [ 0.02386523  0.02935646  0.02781724 ...  0.01792056  0.01902647
   0.01543241]
 [ 0.00569579  0.00075614  0.00212574 ...  0.01100231  0.01225754
   0.00851101]
 [ 0.00359346  0.00348881  0.00340183 ...  0.01101364  0.01110495
   0.01013813]
 [ 0.00116949  0.00121083 -0.00011602 ...  0.00423527  0.00439679
   0.00291007]]",143.5546875,-63.614388
classical,8,1336.748227,28048.34,"[0.6366057395935059, 0.35963064432144165, 0.4078270494937897, 0.3272625803947449, 0.35358726978302, 0.4906221628189087, 0.33132871985435486, 0.45346954464912415, 0.36071816086769104, 0.5077640414237976, 0.5098916888237, 0.3750210404396057]","[[-0.00207674 -0.00486171 -0.00934284 ... -0.0041664  -0.01007461
  -0.00910162]
 [-0.00766907 -0.00822351 -0.00761828 ... -0.01750968 -0.01851655
  -0.01693155]
 [ 0.01278934  0.0105622   0.00610017 ...  0.0193167   0.01223737
   0.00618048]
 [-0.00375847 -0.00462777 -0.0022644  ...  0.02453244  0.02315373
   0.02143058]
 [ 0.00035454  0.00095662  0.00131788 ...  0.00130887 -0.001448
   0.00123766]
 [-0.00108337 -0.00206552 -0.00518026 ...  0.00481765  0.00274967
   0.00396929]]",139.6748311,-49.151154
classical,9,886.9836042,22973.34,"[0.5036551356315613, 0.3630203306674957, 0.54551100730896, 0.5221256017684937, 0.36218538880348206, 0.34412163496017456, 0.41871377825737, 0.5347663164138794, 0.3801303803920746, 0.4453757405281067, 0.4685080349445343, 0.34919410943984985]","[[ 7.14106287e-03  8.65853083e-03  7.24479466e-03 ... -5.49569299e-03
  -6.02724430e-03 -2.57080481e-03]
 [ 5.23036273e-03  2.22481844e-03 -3.70273141e-03 ... -4.61955179e-05
  -1.03686286e-03 -1.55831479e-03]
 [ 1.33410096e-02  1.35533586e-02  1.67529434e-02 ... -5.64027578e-03
  -5.34974039e-03 -3.63112241e-03]
 [ 1.09265745e-03 -3.26880813e-03 -2.92336941e-03 ...  1.80624872e-02
   1.59730390e-02  1.52955055e-02]
 [-1.57185433e-03 -4.22752018e-03 -6.17287445e-03 ... -2.79615701e-03
  -2.20042378e-03 -4.91019294e-03]
 [ 7.20504671e-04  2.54368410e-04 -5.94940037e-04 ... -8.92616808e-05
  -8.94796103e-05 -5.41470945e-05]]",123.046875,-74.88621
classical,11,1087.736227,17167.71,"[0.633213996887207, 0.3782040476799011, 0.43346908688545227, 0.30446508526802063, 0.28257226943969727, 0.46412715315818787, 0.3154183626174927, 0.4702548682689667, 0.43736207485198975, 0.3090763986110687, 0.27977898716926575, 0.39412829279899597]","[[-0.00310862 -0.00588427 -0.01198165 ... -0.00434431 -0.00686226
  -0.00555876]
 [-0.00030154 -0.00023064 -0.00148498 ...  0.00241195  0.00050691
  -0.00034659]
 [ 0.00308668 -0.00124515 -0.00363365 ...  0.00992726  0.01116404
   0.01132946]
 [ 0.02392249  0.02338635  0.02294188 ...  0.01403787  0.0133924
   0.01162555]
 [-0.00288548 -0.00581921 -0.00742027 ...  0.00301465  0.00405766
   0.00518702]
 [ 0.00381417  0.00339596  0.00387274 ...  0.00306536  0.00258654
   0.0017754 ]]",105.46875,-36.116356
classical,13,1450.155676,24881.965,"[0.4374493360519409, 0.32512807846069336, 0.5379152894020081, 0.2673458158969879, 0.34568968415260315, 0.32017040252685547, 0.3340870440006256, 0.566602885723114, 0.3112923502922058, 0.39667627215385437, 0.2606624960899353, 0.3727767765522003]","[[-6.44226489e-03 -1.20668233e-02 -1.47052699e-02 ... -6.59631475e-03
  -1.05897465e-02 -6.29347788e-03]
 [-6.79617911e-03 -6.03054916e-03 -3.99147594e-03 ... -1.34516874e-03
  -5.46531394e-03 -7.02643542e-03]
 [ 3.99276614e-05 -7.44924694e-03 -7.81922787e-03 ...  6.27639890e-03
   1.50807202e-03 -3.56114656e-03]
 [ 2.20700204e-02  2.67651677e-02  2.48071775e-02 ...  1.27203390e-02
   8.81747901e-03  8.77519697e-03]
 [-4.15111418e-04 -2.28456620e-03 -2.96177378e-03 ...  5.71012824e-03
   3.37573022e-03  2.31958656e-03]
 [ 3.89912166e-03  5.60021028e-03  7.65199773e-03 ... -2.14089453e-03
  -3.76921147e-03 -2.62243859e-03]]",126.0480183,-33.334446
classical,14,1257.139364,23905.613,"[0.5314935445785522, 0.4103586673736572, 0.5844615697860718, 0.29807761311531067, 0.31989574432373047, 0.2167833000421524, 0.38425856828689575, 0.5095794200897217, 0.3268111050128937, 0.46289530396461487, 0.29528194665908813, 0.5553379058837891]","[[ 1.24398395e-03 -9.07666325e-04 -1.71275392e-03 ... -9.59051781e-03
  -1.10959864e-02 -8.14294595e-03]
 [-6.63829266e-03 -8.79791915e-03 -1.05633129e-02 ...  7.00536718e-03
   9.81018197e-03  3.28287980e-03]
 [-6.87263161e-03  1.33385509e-03  4.68365103e-03 ...  8.66474211e-03
   8.59601051e-03  8.66086781e-03]
 [-3.59771401e-03 -7.27872550e-03 -1.05650201e-02 ...  1.31096691e-02
   7.36548752e-03  1.18211880e-02]
 [ 9.92142388e-04  1.07773660e-03  3.35795388e-03 ...  2.52320792e-05
  -2.14668503e-03 -2.68096890e-06]
 [ 1.65387429e-03  3.23060900e-04  4.26925719e-04 ...  3.21173482e-03
   1.02960691e-03  4.68196347e-04]]",147.65625,-21.061357
classical,15,1287.860521,20023.725,"[0.31279414892196655, 0.23584187030792236, 0.2639545202255249, 0.30008313059806824, 0.5030593276023865, 0.23224759101867676, 0.4096090495586395, 0.39000359177589417, 0.27187177538871765, 0.37967514991760254, 0.2837650775909424, 0.4690319895744324]","[[-1.78954486e-03 -2.04600612e-03 -3.75401948e-03 ... -5.63909764e-03
  -6.38744483e-03 -6.25204178e-03]
 [ 3.14497937e-03  6.34041443e-03  7.60229521e-03 ...  3.26003591e-03
   2.53502559e-03 -9.31674168e-04]
 [-1.97911188e-02 -2.16163173e-02 -3.34195048e-02 ... -6.88922405e-03
  -4.45529819e-03 -6.69226050e-04]
 [ 7.21054524e-03  7.59688765e-03  6.19003177e-03 ...  2.09027305e-02
   2.22432539e-02  1.27089545e-02]
 [ 4.20076533e-04 -6.36370394e-04 -3.05215566e-03 ... -9.24285807e-04
  -2.74052448e-04 -6.30689063e-05]
 [-5.61756268e-03 -6.27934001e-03 -6.74441829e-03 ... -5.96188009e-03
  -6.33760914e-03 -7.57280551e-03]]",129.1992188,-45.960194
classical,16,843.5683543,23856.668,"[0.41290557384490967, 0.4083345830440521, 0.7212135195732117, 0.3807674050331116, 0.2291363626718521, 0.16072188317775726, 0.32804378867149353, 0.47707632184028625, 0.2997855842113495, 0.49132710695266724, 0.2962019741535187, 0.3777354061603546]","[[ 0.00075187 -0.00071854 -0.00094624 ... -0.0209114  -0.0185277
  -0.01074991]
 [-0.00208589 -0.00327852 -0.00461176 ...  0.00936251  0.00497483
   0.00637865]
 [ 0.00196971  0.00052336 -0.00194965 ... -0.01290672 -0.01169326
  -0.01143378]
 [ 0.00843196  0.0113577   0.01061366 ...  0.01868357  0.01723009
   0.01388108]
 [ 0.00032883  0.00118078  0.00048251 ...  0.00440935  0.00452312
   0.00284205]
 [ 0.00136066  0.00218526  0.00245883 ...  0.00156934  0.00184423
   0.00155988]]",132.5120192,-25.779692
classical,17,1517.600837,25567.283,"[0.4446265697479248, 0.4756258726119995, 0.43168574571609497, 0.37003999948501587, 0.655806839466095, 0.3805238604545593, 0.34284207224845886, 0.33232274651527405, 0.36627885699272156, 0.5667492151260376, 0.3477393686771393, 0.44824835658073425]","[[-2.30073104e-03 -6.52038067e-03 -9.03349144e-03 ...  1.89502389e-03
   4.01577050e-03  2.88862197e-03]
 [-1.74015763e-03 -1.83693754e-04  5.31203271e-04 ...  5.23867510e-03
   4.34804605e-03  2.80276757e-03]
 [ 6.88616186e-03  7.65163451e-03  1.08319893e-02 ...  9.97707248e-03
   1.03765130e-02  1.01031065e-02]
 [ 6.42254949e-03  6.34418428e-03  4.72059846e-03 ...  3.15606594e-05
   1.69788301e-03  3.07644904e-03]
 [ 1.25551290e-03  4.94953317e-04  4.35497750e-04 ...  4.68882427e-03
   4.30900098e-03  4.00080570e-03]
 [-4.66212630e-04 -1.25999190e-03 -1.28318742e-03 ...  2.66655907e-03
   9.46732238e-04  1.75563619e-03]]",117.4538352,-16.924414
classical,19,950.9714159,23193.504,"[0.4768209457397461, 0.35566502809524536, 0.4082793593406677, 0.6177324056625366, 0.3060247004032135, 0.31446540355682373, 0.27266132831573486, 0.5048112273216248, 0.5205832123756409, 0.37205347418785095, 0.5687328577041626, 0.3531581461429596]","[[ 4.76063377e-03  7.03629838e-03  7.03156370e-03 ...  1.17233013e-02
   1.30747634e-02  1.15845071e-02]
 [ 8.56685869e-03  9.97275968e-03  1.03179574e-02 ...  6.32834491e-03
   9.60257070e-03  8.49869309e-03]
 [-1.25969499e-02 -1.06669664e-02 -1.31469741e-02 ... -1.88031942e-02
  -7.61847943e-03 -2.37266719e-03]
 [-6.44096732e-03 -1.19127780e-02 -2.11816505e-02 ... -3.26434895e-02
  -3.65399793e-02 -3.09102908e-02]
 [-5.09207619e-03 -5.84171833e-03 -6.07219455e-03 ... -9.10690617e-05
  -6.56769632e-04 -8.02280751e-04]
 [ 1.06558762e-03 -9.70549881e-05 -8.05547461e-04 ... -5.33406064e-03
  -7.78963044e-03 -7.01713376e-03]]",129.1992188,-72.1432
classical,20,1221.396798,27772.031,"[0.3897627592086792, 0.26550161838531494, 0.5149418711662292, 0.5018376111984253, 0.3017166256904602, 0.514789879322052, 0.3013130724430084, 0.42220982909202576, 0.4415249824523926, 0.43956315517425537, 0.6660996079444885, 0.3432874083518982]","[[ 0.01029736  0.00926227  0.00691755 ...  0.01103361  0.0077037
   0.00567061]
 [-0.00255875 -0.00072767 -0.00018077 ...  0.00492535  0.00369503
   0.00339776]
 [-0.01246646 -0.01575093 -0.01919275 ... -0.01564072 -0.01724356
  -0.0163001 ]
 [ 0.0072896   0.0148198   0.01549328 ...  0.01589325  0.01465686
   0.01488756]
 [ 0.0014004   0.00212348  0.00433225 ...  0.0022297   0.0038139
   0.00283603]
 [-0.00056084 -0.0008669   0.00102693 ...  0.00068455  0.00216427
   0.002348  ]]",143.5546875,-42.994762
classical,21,1426.140246,27054.836,"[0.5155432224273682, 0.44049587845802307, 0.41224366426467896, 0.3978683054447174, 0.3928011953830719, 0.5779755115509033, 0.44948819279670715, 0.37705129384994507, 0.35935887694358826, 0.498524010181427, 0.5993397235870361, 0.48476430773735046]","[[ 0.00023804 -0.00240991 -0.0030818  ... -0.00692663 -0.0063752
  -0.00516574]
 [-0.00712617 -0.0100034  -0.00783466 ... -0.00897733 -0.00891208
  -0.00722099]
 [-0.00514244 -0.00676797  0.00258304 ... -0.00124435 -0.0018404
  -0.00050361]
 [ 0.00032803  0.00142349  0.00606435 ...  0.018178    0.01746264
   0.01602935]
 [ 0.00371563  0.00434972  0.00298306 ...  0.00431181  0.00267822
   0.00155899]
 [-0.00440341 -0.0038347  -0.0022151  ... -0.00910923 -0.00737967
  -0.00524569]]",135.9991776,-19.131062
classical,23,725.3006166,23741.1,"[0.308241069316864, 0.23322394490242004, 0.4313570559024811, 0.6984580159187317, 0.4061170816421509, 0.434607595205307, 0.33526885509490967, 0.4319669008255005, 0.4864146113395691, 0.43774282932281494, 0.5944514870643616, 0.3677748441696167]","[[-0.00132432 -0.00067617  0.00087813 ... -0.00875517 -0.00936338
  -0.00796219]
 [-0.00024091  0.00146169  0.0003984  ... -0.01253947 -0.01585265
  -0.01024522]
 [ 0.01645813  0.02174629  0.02476353 ...  0.02209987  0.02641032
   0.02629463]
 [-0.00848156 -0.00354486  0.00019792 ... -0.00872651 -0.00769208
  -0.00166237]
 [-0.00071759 -0.00091211 -0.00032654 ...  0.00595526  0.00744564
   0.00543988]
 [-0.00134327 -0.00219181 -0.00278343 ...  0.00965847  0.00809487
   0.00187807]]",123.046875,-56.569427
classical,24,1269.846749,31099.938,"[0.39224860072135925, 0.3928926885128021, 0.5986471176147461, 0.43843498826026917, 0.311638742685318, 0.3506166934967041, 0.35780370235443115, 0.4795794188976288, 0.3659808039665222, 0.4928905963897705, 0.5155298709869385, 0.3352030813694]","[[-0.0067123  -0.00941243 -0.01188187 ... -0.01079676 -0.00807705
  -0.00795279]
 [-0.00639815 -0.00754682 -0.00988013 ... -0.00656135 -0.00567065
  -0.00628092]
 [ 0.01153858  0.00831877  0.00732697 ...  0.01260445  0.01458177
   0.01808441]
 [-0.00596841 -0.007879   -0.00305026 ...  0.02956749  0.02883755
   0.02988614]
 [ 0.00193359  0.00106196  0.0021488  ... -0.0056774  -0.00571597
  -0.00237834]
 [-0.00196521 -0.00337129 -0.00574336 ...  0.00224717  0.00285719
   0.00332976]]",151.9990809,-34.201466
classical,25,1227.705168,32064.408,"[0.5340495705604553, 0.3994404971599579, 0.6114094853401184, 0.4864945113658905, 0.39746060967445374, 0.5026963353157043, 0.4574279487133026, 0.5848650932312012, 0.4159255921840668, 0.5771361589431763, 0.5466861128807068, 0.42943745851516724]","[[ 2.82770912e-04  8.75090534e-04 -8.68448805e-05 ... -1.26301946e-02
  -1.02031741e-02 -5.77302738e-03]
 [-8.78721317e-03 -1.09804127e-02 -1.38270325e-02 ... -1.05228452e-02
  -9.65127174e-03 -6.37477905e-03]
 [ 9.96468216e-03  9.27682966e-03  9.55231488e-04 ...  1.56438872e-02
   1.18803829e-02  1.13070235e-02]
 [ 1.47425458e-02  1.95952132e-02  2.35997960e-02 ... -1.93608031e-02
  -1.33827999e-02 -1.16238892e-02]
 [ 1.40194026e-03  7.40766872e-04  7.60101464e-04 ...  3.89547685e-03
   4.06268737e-03  4.42648291e-03]
 [-4.86830249e-04 -2.65279785e-03 -8.80027190e-04 ... -2.87427008e-03
  -1.82619877e-03 -1.90024078e-03]]",132.5120192,-28.664297
classical,26,1521.506588,20456.404,"[0.4605632722377777, 0.30436208844184875, 0.5373952984809875, 0.2848014235496521, 0.37646254897117615, 0.3539677858352661, 0.32956182956695557, 0.6296468377113342, 0.3397288918495178, 0.37176331877708435, 0.29651087522506714, 0.4627847969532013]","[[-1.26705995e-04 -2.08749162e-03  6.01929135e-04 ...  7.97594223e-05
  -1.48810310e-03 -4.22946381e-03]
 [-6.72633904e-03 -1.03438142e-02 -8.75925788e-03 ... -2.32408500e-03
  -4.46858816e-03 -2.71784428e-03]
 [-2.07749382e-02 -2.76498348e-02 -2.91287526e-02 ... -2.45567933e-02
  -2.88265198e-02 -2.02079341e-02]
 [-5.58756292e-03 -2.34330446e-03 -2.40777433e-03 ...  8.56295973e-03
   1.36478245e-02  1.42550021e-02]
 [-1.52133855e-03  7.08356506e-04  1.37549191e-03 ... -7.10685820e-04
   1.06541575e-03  6.57669740e-04]
 [-7.25142658e-03 -7.79893622e-03 -1.02525931e-02 ... -6.25920668e-03
  -6.88311644e-03 -7.37540983e-03]]",132.5120192,-33.668736
classical,27,989.5896714,22962.787,"[0.5683842897415161, 0.3601292669773102, 0.32543259859085083, 0.20108722150325775, 0.3585550785064697, 0.49383172392845154, 0.2724074423313141, 0.4253413677215576, 0.32754436135292053, 0.6062754392623901, 0.4614829421043396, 0.31418028473854065]","[[ 0.00095806  0.0013243   0.00202807 ... -0.00732676 -0.00718777
  -0.00215736]
 [-0.0103287  -0.01279425 -0.01186601 ... -0.00677697 -0.00971704
  -0.00711143]
 [ 0.00971115  0.01404928  0.01514649 ...  0.00871814  0.01399114
   0.01246309]
 [-0.00079877  0.00130891  0.00775678 ...  0.01225729  0.01162896
   0.00628757]
 [ 0.00063412 -0.0028322  -0.00507757 ... -0.00418724 -0.00387131
  -0.00020939]
 [ 0.00299212  0.00321545  0.00428221 ...  0.00154256  0.00244664
   0.00092573]]",123.046875,-40.115494
classical,28,1450.150583,25568.914,"[0.4713599383831024, 0.3965531885623932, 0.5943335294723511, 0.33407506346702576, 0.37061014771461487, 0.3277362287044525, 0.4569997787475586, 0.6129044890403748, 0.3573143482208252, 0.46826332807540894, 0.31311047077178955, 0.43390142917633057]","[[-0.00334152 -0.00406461 -0.00566889 ... -0.00859771 -0.00735473
  -0.00568795]
 [ 0.00479663  0.00395011  0.00508178 ...  0.00147744 -0.00018567
   0.00037996]
 [ 0.01589473  0.01562818  0.01524688 ...  0.01151717  0.00880741
   0.00173166]
 [-0.0011427   0.00142049 -0.00088935 ... -0.01993465 -0.01678225
  -0.01304509]
 [ 0.00286571  0.00301929  0.00556494 ...  0.00239885  0.00238665
   0.00342575]
 [-0.0007351  -0.00085944 -0.00036564 ... -0.00287315 -0.00484562
  -0.00443759]]",107.6660156,-41.757343
classical,29,1623.278534,27696.428,"[0.5228770971298218, 0.3723391890525818, 0.5935329794883728, 0.31330230832099915, 0.43355512619018555, 0.3715434968471527, 0.3650229275226593, 0.4621405601501465, 0.31690481305122375, 0.4907482862472534, 0.27482327818870544, 0.4425855875015259]","[[-3.00965657e-03 -4.44730355e-03  8.46124459e-04 ... -1.75916236e-02
  -1.71389876e-02 -1.19924581e-02]
 [-6.94643972e-03 -7.68388773e-03 -1.04241235e-02 ... -6.18231784e-04
  -1.35563832e-03 -3.56709988e-03]
 [-1.16393864e-02 -1.76102221e-02 -2.40011737e-02 ...  6.04416430e-03
   5.61250746e-03  1.82484835e-03]
 [ 1.35261714e-02  1.08183250e-02  4.21332568e-03 ...  1.12709701e-02
   1.67408809e-02  2.55069956e-02]
 [ 3.58033557e-03  2.61267356e-03  4.47933446e-03 ... -1.59374084e-05
  -2.05460294e-03 -2.17375927e-03]
 [-1.22377276e-03 -5.33001497e-04 -1.83292478e-03 ... -1.18271932e-02
  -9.29434225e-03 -6.79440424e-03]]",135.9991776,-32.979282
classical,32,685.9928727,20525.287,"[0.5153687000274658, 0.7739624381065369, 0.4164580702781677, 0.4182983338832855, 0.4168219268321991, 0.5953918099403381, 0.5216783881187439, 0.33877670764923096, 0.5189404487609863, 0.3754192590713501, 0.3925844132900238, 0.3630014657974243]","[[ 0.00196198  0.00493786  0.00673368 ...  0.00597191  0.00717472
   0.00292183]
 [ 0.00448604  0.00701398  0.00819082 ...  0.01105663  0.01145257
   0.01090573]
 [ 0.00843355  0.01375562  0.01610055 ...  0.00816016  0.00906677
   0.00433075]
 [ 0.0108031   0.01374569  0.01394635 ...  0.00500628  0.00095735
   0.00370263]
 [-0.00201965 -0.0018171  -0.00079562 ...  0.00496199  0.00478531
   0.00330241]
 [-0.00593261 -0.00501026 -0.00513485 ... -0.00467738 -0.00342331
  -0.0038537 ]]",126.0480183,-77.865906
classical,34,1295.175155,25051.559,"[0.552226722240448, 0.32951614260673523, 0.39278295636177063, 0.2910601794719696, 0.4357399046421051, 0.6136580109596252, 0.3649522662162781, 0.43818697333335876, 0.43740129470825195, 0.6470919847488403, 0.48441436886787415, 0.4367412328720093]","[[-3.93860767e-03 -2.85325155e-03  4.47508483e-04 ...  8.62163083e-03
   4.98790498e-03  3.78047692e-03]
 [ 2.19755953e-03  2.99979424e-03  4.99051079e-03 ... -1.07876702e-02
  -8.19371581e-03 -2.81281641e-03]
 [ 7.35989213e-03  8.32494348e-03  1.43905282e-02 ...  9.26419348e-03
   1.01849586e-02  5.82774729e-03]
 [ 1.59281567e-02  2.04155520e-02  2.31128633e-02 ...  1.02383271e-02
   4.54819947e-03 -3.71932983e-03]
 [ 7.32930441e-04  1.95749444e-04  8.29132381e-07 ... -1.72662140e-03
  -3.33295086e-03 -3.55522932e-03]
 [-2.14147009e-03 -2.52155401e-03 -2.54298933e-03 ...  4.62374464e-03
   2.20881030e-03 -1.05655193e-03]]",123.046875,-61.54187
classical,35,1095.20509,24342.86,"[0.5322044491767883, 0.5717640519142151, 0.4347560703754425, 0.4509667754173279, 0.5188208818435669, 0.44611644744873047, 0.4575086236000061, 0.4708053171634674, 0.697963297367096, 0.5723004341125488, 0.4355572462081909, 0.5459933876991272]","[[-0.0020257  -0.00649702 -0.00707312 ... -0.00360102 -0.0071252
  -0.00853215]
 [ 0.00639101  0.00763305  0.0097314  ... -0.00683894 -0.0044976
  -0.00689928]
 [ 0.00739785  0.00264305 -0.00284296 ...  0.01352     0.00413982
   0.00156839]
 [ 0.00355476  0.00715765  0.01119314 ...  0.00644816  0.01246791
   0.00564479]
 [ 0.00587732  0.00400616  0.0004887  ... -0.0026722  -0.00063228
  -0.00207475]
 [-0.00101178  0.00269643  0.0039684  ... -0.00087643  0.00081293
  -0.00286652]]",151.9990809,-84.23002
classical,36,1091.286189,18692.459,"[0.30659687519073486, 0.4061790108680725, 0.44694551825523376, 0.5513678193092346, 0.4615456759929657, 0.2994500696659088, 0.34228792786598206, 0.4358810782432556, 0.37717288732528687, 0.4542590379714966, 0.38698485493659973, 0.3794407546520233]","[[-0.00696697 -0.00836144 -0.00636272 ...  0.00241769  0.00213891
   0.00172723]
 [-0.00028477 -0.00130733 -0.00417366 ...  0.00171634  0.00057985
   0.00240705]
 [ 0.0033598   0.00207647  0.00228273 ... -0.00765225 -0.0065731
  -0.00569836]
 [ 0.00363641  0.00569361  0.00872749 ...  0.00740899  0.00755606
   0.00906688]
 [-0.00465502 -0.00455375 -0.00505945 ... -0.00140804 -0.00011219
  -0.00066063]
 [-0.00132256  0.00057681  0.00166867 ... -0.00116177 -0.00128368
  -0.0007931 ]]",126.0480183,-30.819368
classical,37,1704.775755,23909.607,"[0.42439529299736023, 0.4674879014492035, 0.4277675151824951, 0.37933698296546936, 0.5862654447555542, 0.40107104182243347, 0.3517972528934479, 0.500013530254364, 0.5519495010375977, 0.7372631430625916, 0.49851277470588684, 0.46056124567985535]","[[ 5.46439504e-03  4.80778346e-03  5.29966804e-03 ... -1.01493188e-02
  -1.14279783e-02 -8.42732476e-03]
 [-1.40455681e-03  2.83060276e-03  5.28667988e-03 ... -1.30488248e-03
  -6.72008480e-04  5.52253177e-04]
 [ 6.55616075e-03  7.59544224e-03  5.83248585e-03 ...  1.31624490e-02
   1.12212524e-02  4.36272472e-03]
 [ 1.59839243e-02  6.68322295e-03  4.46550548e-04 ... -6.01484627e-03
  -4.87858802e-03 -1.22261792e-03]
 [-5.58704886e-03 -7.04346345e-03 -5.88016168e-03 ...  8.08087904e-04
  -6.83969690e-04 -8.99915122e-05]
 [ 7.68098980e-04 -2.45203450e-03 -2.82365456e-03 ...  3.34052369e-04
   1.78257003e-04 -9.78596509e-05]]",129.1992188,-36.91587
classical,38,1324.601019,21450.615,"[0.46778473258018494, 0.5532956123352051, 0.6645758748054504, 0.46887797117233276, 0.5454355478286743, 0.3733122944831848, 0.41434383392333984, 0.49046972393989563, 0.5016515254974365, 0.6153959035873413, 0.4822028875350952, 0.5492932200431824]","[[ 0.00046231 -0.00136128 -0.00685542 ... -0.00956247 -0.00747406
  -0.00709383]
 [ 0.00302033  0.00013769 -0.00156416 ... -0.00614533 -0.00614503
  -0.00473276]
 [-0.0010973   0.00073133  0.00668262 ...  0.00890979  0.00769642
   0.01016334]
 [ 0.00419032  0.00096353  0.00305926 ...  0.00973579  0.00797674
   0.00611518]
 [ 0.00026912 -0.00123741 -0.00119127 ...  0.00491075  0.00367434
   0.00424353]
 [-0.00312176 -0.00221278 -0.00175965 ...  0.00339707  0.00199825
  -0.00079883]]",132.5120192,-38.814583
classical,40,1299.736967,23063.898,"[0.39660701155662537, 0.38456085324287415, 0.3687302768230438, 0.35749000310897827, 0.3566124737262726, 0.4544857144355774, 0.6774933934211731, 0.5000998973846436, 0.5485819578170776, 0.44325461983680725, 0.4195896089076996, 0.3281051814556122]","[[-0.00604265 -0.00476661 -0.00138374 ...  0.00028557 -0.00011805
   0.00143377]
 [ 0.00125792  0.00291804  0.00817451 ...  0.00519275  0.00400744
   0.00370528]
 [-0.00476463 -0.00806151 -0.00929133 ... -0.0018753  -0.00131728
  -0.00128884]
 [ 0.02265434  0.03235161  0.03784528 ...  0.01234088  0.01215216
   0.01207948]
 [-0.00041879 -0.00214391 -0.00251147 ... -0.00098356 -0.00091704
  -0.00079233]
 [ 0.00078108  0.00019582 -0.00138481 ... -0.00167033 -0.00057347
  -0.00078832]]",123.046875,-22.663883
classical,41,1376.173744,15571.477,"[0.5175225734710693, 0.42107459902763367, 0.5846576690673828, 0.4308158755302429, 0.6352816820144653, 0.5194637179374695, 0.3794885277748108, 0.4630938768386841, 0.3831807076931, 0.4572349786758423, 0.4467267394065857, 0.4384582042694092]","[[-0.00069978  0.0028891   0.00490808 ... -0.00125155 -0.00104916
  -0.00025791]
 [ 0.00545761  0.00361814  0.00432395 ... -0.00022977 -0.00102568
  -0.00088447]
 [-0.0029458  -0.002902   -0.00421421 ...  0.00336503  0.00091797
   0.00445487]
 [-0.00029454 -0.00074888  0.00058304 ...  0.01665998  0.01523522
   0.01484824]
 [ 0.00340421  0.00341391  0.00149809 ...  0.00098921  0.00114574
  -0.00045253]
 [-0.00076438 -0.00085166 -0.0015839  ... -0.00174871 -0.00123427
  -0.00230721]]",126.0480183,-12.544433
classical,42,1781.498905,32499.904,"[0.4566441476345062, 0.3200989365577698, 0.3506801128387451, 0.3286120593547821, 0.7194380164146423, 0.3625763952732086, 0.31951314210891724, 0.45999807119369507, 0.4254261553287506, 0.5871375203132629, 0.28374403715133667, 0.4809163510799408]","[[-0.00257189 -0.00642894 -0.00528353 ...  0.00360883  0.00419576
   0.00442889]
 [-0.00352562 -0.00655639 -0.00617564 ... -0.00617495 -0.00527857
  -0.00440425]
 [ 0.00846863  0.01281384  0.01292516 ... -0.00664177 -0.00433441
  -0.00366211]
 [-0.00489982 -0.00668197 -0.00337511 ...  0.01225545  0.01651734
   0.01676101]
 [-0.00316941 -0.00315574 -0.00359173 ...  0.0041311   0.00387292
   0.00253092]
 [-0.00127881 -0.00087628 -0.0001941  ... -0.01151957 -0.01043947
  -0.00819661]]",129.1992188,-20.371172
classical,43,1013.034427,21800.486,"[0.22744537889957428, 0.19109918177127838, 0.38892367482185364, 0.5105592608451843, 0.27185240387916565, 0.34108132123947144, 0.23195780813694, 0.3851476013660431, 0.27460333704948425, 0.2931242287158966, 0.6076860427856445, 0.28057989478111267]","[[ 0.0025765   0.00337491  0.00395918 ...  0.00324166  0.00367292
   0.00290825]
 [ 0.00632076  0.00957783  0.01182978 ...  0.0030983   0.00203499
   0.00129695]
 [-0.00906861 -0.01421495 -0.02355283 ... -0.00636096 -0.00660414
  -0.00600533]
 [ 0.00297874  0.00017431  0.00102328 ...  0.02103304  0.01652034
   0.01362067]
 [ 0.00258631  0.00271618  0.00341374 ... -0.00095221  0.00016847
  -0.00031194]
 [-0.00053543  0.00023944  0.00069766 ... -0.00465179 -0.00472329
  -0.00348365]]",117.4538352,-5.701831
classical,46,1856.764359,43390.6,"[0.43036356568336487, 0.5738941431045532, 0.7530468106269836, 0.5452399849891663, 0.545581579208374, 0.512335479259491, 0.49292439222335815, 0.5580647587776184, 0.6255146861076355, 0.6265717148780823, 0.5689839720726013, 0.48052963614463806]","[[-0.00864168 -0.00573861 -0.00803297 ... -0.00680534 -0.00722853
  -0.00108732]
 [-0.0036023  -0.00578601 -0.00283591 ... -0.00797408 -0.00958765
  -0.00692342]
 [ 0.01583298  0.02113922  0.0190386  ...  0.0113772   0.01025443
   0.01144373]
 [ 0.01450448  0.00789783  0.00750013 ...  0.00903124  0.01131293
   0.00906887]
 [ 0.00432252  0.00458338  0.00377851 ... -0.00566214 -0.00555732
  -0.0018886 ]
 [ 0.00087929  0.00165663  0.00295887 ...  0.00254687  0.00389116
   0.00434277]]",126.0480183,-26.74846
classical,47,1179.1162,25388.885,"[0.4180029630661011, 0.43863704800605774, 0.41113004088401794, 0.3635576665401459, 0.602519690990448, 0.3796231150627136, 0.5592046976089478, 0.37294915318489075, 0.32641690969467163, 0.40044349431991577, 0.30664050579071045, 0.5955336093902588]","[[-0.00145723 -0.00385511 -0.00497921 ... -0.00385775 -0.0044536
   0.00171738]
 [-0.00459953 -0.00600909 -0.00569706 ...  0.00073574  0.0009685
   0.00062694]
 [ 0.00305064  0.00355475  0.00490185 ...  0.02576116  0.02662309
   0.02155875]
 [-0.00146583  0.00282025  0.00689965 ...  0.00984811  0.01430932
   0.01983739]
 [ 0.00683705  0.0073073   0.00657658 ...  0.00439608  0.00592849
   0.00700909]
 [ 0.00364206  0.00398246  0.00387749 ... -0.00257099 -0.00376518
  -0.0019271 ]]",123.046875,-17.636686
classical,48,1459.419269,32266.75,"[0.4445969760417938, 0.49098360538482666, 0.47791582345962524, 0.5728877782821655, 0.47243842482566833, 0.4300817847251892, 0.5432233810424805, 0.43298906087875366, 0.525754988193512, 0.5144687294960022, 0.562126636505127, 0.5561827421188354]","[[ 0.00600445  0.01073659  0.01281209 ... -0.00582903 -0.00371417
  -0.00461745]
 [-0.00378663 -0.00663937 -0.01062721 ...  0.00755998  0.01128307
   0.00473913]
 [-0.00880909 -0.01205988 -0.01405504 ... -0.00112434 -0.00082018
  -0.00214365]
 [-0.00191338 -0.00853314 -0.00692368 ...  0.00766539  0.00402404
   0.00779739]
 [ 0.00654795  0.00729819  0.00792892 ...  0.00574982  0.0060708
   0.00656628]
 [-0.0013139  -0.00294805 -0.00377847 ...  0.00257884  0.00234877
   0.00134681]]",117.4538352,-73.73422
classical,49,2007.011718,44385.902,"[0.7330241203308105, 0.4633297622203827, 0.5423862338066101, 0.44900164008140564, 0.5615880489349365, 0.5208285450935364, 0.4811735451221466, 0.7052424550056458, 0.45620155334472656, 0.49554193019866943, 0.44007354974746704, 0.5688170194625854]","[[ 6.52517255e-03  5.83561766e-03  4.34386407e-03 ... -2.59712588e-03
  -4.26462073e-03 -7.10295161e-03]
 [-2.71465135e-03 -3.78802025e-03 -2.81591352e-03 ...  9.59105634e-04
  -2.83615403e-05 -3.67495024e-04]
 [-8.16138089e-03 -1.61605030e-02 -1.30312219e-02 ... -5.69144636e-03
   2.59181857e-03  3.66137177e-03]
 [-6.36958331e-03 -5.68095595e-03  1.03941560e-03 ...  1.14066452e-02
   8.35232437e-03  5.57751954e-03]
 [ 7.23247014e-03  3.50480387e-03  2.05892927e-03 ...  9.16868782e-04
   1.58269757e-03 -1.28513583e-03]
 [ 4.48490493e-03  4.79923934e-03  3.56928818e-03 ...  1.46327354e-03
   3.14052962e-03  1.04797632e-03]]",117.4538352,-46.261864
classical,50,807.7902796,25152.148,"[0.6837725043296814, 0.7304232716560364, 0.4138643443584442, 0.3231630027294159, 0.2876235842704773, 0.4165664613246918, 0.4172233045101166, 0.4446331858634949, 0.46981579065322876, 0.34456872940063477, 0.5810264348983765, 0.3809075355529785]","[[-0.00199682 -0.00259532  0.00028188 ...  0.01275799  0.0119777
   0.00914652]
 [-0.00825175 -0.00919477 -0.01650996 ... -0.0110864  -0.01338985
  -0.01040092]
 [-0.00545776 -0.00577612 -0.0089113  ...  0.02031266  0.01718839
   0.01687878]
 [ 0.00519366  0.00292663 -0.00364514 ...  0.00749184  0.00812208
   0.00092396]
 [-0.00239108 -0.00192822  0.00070187 ...  0.00483881  0.00434305
   0.00239679]
 [-0.00544218 -0.00339249 -0.0037298  ...  0.00458811  0.0036674
   0.00339766]]",123.046875,-80.61511
classical,51,880.4768756,30750.033,"[0.5646238923072815, 0.5947129726409912, 0.670569658279419, 0.6181930303573608, 0.6764202117919922, 0.5794114470481873, 0.6369760036468506, 0.6211854219436646, 0.5388981699943542, 0.6162333488464355, 0.5730028748512268, 0.5805193185806274]","[[ 0.00159208  0.00095672  0.00109983 ... -0.0040883  -0.00234897
   0.00058576]
 [ 0.00023008  0.00077275  0.0002972  ... -0.00047463 -0.00076589
   0.00088304]
 [ 0.00343751  0.00189372  0.00026771 ...  0.00910168  0.00975179
   0.0066331 ]
 [ 0.00454649  0.00639609  0.00995051 ...  0.01074042  0.01094137
   0.0104045 ]
 [ 0.00132291  0.00085211  0.00143921 ...  0.00692404  0.00722066
   0.005535  ]
 [-0.00109395 -0.00126923 -0.00138792 ... -0.001003   -0.00082009
  -0.0013582 ]]",135.9991776,-98.96181
classical,52,2063.675093,48592.406,"[0.642777681350708, 0.5487889647483826, 0.6066203713417053, 0.5849382281303406, 0.6144372820854187, 0.6015584468841553, 0.5469344854354858, 0.5313717722892761, 0.5032883286476135, 0.6536886692047119, 0.6809597015380859, 0.5770922899246216]","[[-0.00065588 -0.00199276 -0.00137562 ... -0.00052284 -0.00060083
  -0.00030462]
 [-0.01118041 -0.01085734 -0.0066889  ... -0.00614401 -0.0038089
  -0.00403605]
 [ 0.011521    0.01493053  0.01050439 ...  0.01524404  0.01385219
   0.01327834]
 [ 0.00438837  0.00838121  0.00441979 ... -0.00435643 -0.00178526
   0.00265583]
 [-0.000186   -0.00019569  0.00051108 ...  0.00039491  0.00078899
   0.00021447]
 [ 0.00336783  0.00255391  0.00419615 ... -0.00109531 -0.00115707
  -0.00066446]]",105.46875,-79.52676
classical,54,2047.234995,41101.723,"[0.648760974407196, 0.6609494090080261, 0.6755222678184509, 0.5855882167816162, 0.5041940808296204, 0.4645385146141052, 0.4067079424858093, 0.4459192156791687, 0.38453197479248047, 0.36917421221733093, 0.39901673793792725, 0.46283891797065735]","[[-0.00016008 -0.00385039 -0.00254696 ...  0.00102347  0.00102347
   0.00102347]
 [-0.00207203  0.00261901  0.00444233 ... -0.00257954 -0.00257954
  -0.00257954]
 [-0.00430238 -0.00863557 -0.01667658 ...  0.00592675  0.00592675
   0.00592675]
 [-0.00804487 -0.00476723  0.00334141 ...  0.002533    0.002533
   0.002533  ]
 [ 0.00501829  0.0017763  -0.00242456 ...  0.00172277  0.00172277
   0.00172277]
 [ 0.00618704  0.00439307  0.00385278 ...  0.00043463  0.00043463
   0.00043463]]",123.046875,-55.878635
classical,55,1150.310492,10726.717,"[0.20699402689933777, 0.38114723563194275, 0.2517639398574829, 0.42118266224861145, 0.40111687779426575, 0.20871512591838837, 0.33509165048599243, 0.21294628083705902, 0.3749300539493561, 0.4232262670993805, 0.2991198003292084, 0.3351905345916748]","[[ 6.38745215e-03  7.35276956e-03  6.31776642e-03 ...  5.84250733e-03
   6.73009567e-03  6.83440568e-03]
 [-2.35720468e-05  5.79880460e-03  1.19885900e-02 ... -1.07627353e-03
  -1.13789665e-03 -3.67563005e-03]
 [ 7.29350001e-03  7.71865994e-03  6.41332567e-03 ... -2.64012814e-03
  -1.34357810e-03  1.84354931e-03]
 [-5.13201952e-03 -5.86346537e-03 -1.33213848e-02 ...  1.41472965e-02
   1.83438286e-02  1.60551891e-02]
 [-2.60002687e-03 -3.99812796e-03 -7.33711181e-04 ...  3.89132797e-03
   4.31032050e-03  3.23278070e-03]
 [ 4.10235487e-03  6.92628697e-03  1.10938903e-02 ... -3.92438844e-03
  -3.29154730e-03 -1.23352371e-03]]",126.0480183,-3.0918741
classical,56,1564.41937,39475.57,"[0.35623297095298767, 0.4043620526790619, 0.8240870833396912, 0.504395067691803, 0.5136817097663879, 0.44627252221107483, 0.5737992525100708, 0.7587384581565857, 0.42929011583328247, 0.459259033203125, 0.32001638412475586, 0.4922129809856415]","[[-0.00427158 -0.00511666 -0.00649792 ... -0.00569396 -0.00429248
  -0.00624925]
 [ 0.00054252 -0.00114171  0.00435202 ...  0.00172268 -0.00195373
  -0.00218555]
 [ 0.00896649  0.00506911 -0.00035124 ... -0.00702517 -0.01192161
  -0.00935742]
 [ 0.01701804  0.02695005  0.03152803 ...  0.03165885  0.02955271
   0.02346977]
 [ 0.00571301  0.0061507   0.00561387 ...  0.00316047  0.00399372
   0.00252085]
 [ 0.00279156  0.00246787  0.0026263  ...  0.00387197  0.00461435
   0.0037065 ]]",120.1853198,-90.761375
classical,57,1710.939718,32096.488,"[0.5304129123687744, 0.3717256486415863, 0.5452929735183716, 0.3647925555706024, 0.4053151309490204, 0.39213868975639343, 0.2735224664211273, 0.43282631039619446, 0.3651379644870758, 0.4227191209793091, 0.46084970235824585, 0.35318395495414734]","[[ 0.00404846  0.00281453  0.0023853  ...  0.01124888  0.00855875
   0.00533474]
 [ 0.00058494 -0.00183164 -0.00181583 ... -0.0092116  -0.01112347
  -0.00564029]
 [-0.00015415  0.00244437  0.00192129 ... -0.03910199 -0.03410619
  -0.02241237]
 [ 0.00503384 -0.00117657 -0.00327393 ...  0.00758359  0.01306533
   0.0105961 ]
 [ 0.00220667  0.002443    0.00122408 ...  0.00291429  0.00169754
   0.00134538]
 [-0.00164692 -0.00140447 -0.00223576 ...  0.00137888  0.00321831
   0.00543147]]",129.1992188,-41.764393
classical,58,1459.38793,22055.795,"[0.4053123891353607, 0.26955121755599976, 0.5373687744140625, 0.2554648518562317, 0.4756726026535034, 0.5515706539154053, 0.36465615034103394, 0.4978310167789459, 0.28362223505973816, 0.543184220790863, 0.22181469202041626, 0.31068044900894165]","[[ 1.91395045e-03  2.21467718e-03  2.40423237e-03 ... -3.05995223e-03
  -3.32316080e-03 -4.32615265e-03]
 [ 4.17800364e-05 -1.45709595e-03 -2.72923934e-03 ... -4.15851297e-03
  -4.05164373e-03 -2.26998987e-03]
 [-1.77724436e-02 -1.84275508e-02 -1.59336179e-02 ...  1.53160393e-02
   1.48795769e-02  5.80339134e-03]
 [-1.39728934e-03 -4.52899188e-03 -4.79003042e-03 ... -1.09276772e-02
  -1.09974071e-02 -2.93936580e-03]
 [ 2.83253882e-03  3.18120673e-03  1.35758652e-03 ...  1.35129866e-03
  -9.06038442e-04  1.64256287e-03]
 [ 1.77068636e-04  9.70775262e-04  2.17253156e-03 ...  7.55023211e-04
   2.83591449e-04  1.75704248e-03]]",126.0480183,-45.088757
classical,59,1656.016023,35865.355,"[0.5380994081497192, 0.38878318667411804, 0.4907180666923523, 0.38211169838905334, 0.4987139105796814, 0.5115329027175903, 0.42512214183807373, 0.49398040771484375, 0.41246774792671204, 0.5618521571159363, 0.3922491669654846, 0.49507710337638855]","[[-0.00026232 -0.00140617 -0.00312684 ... -0.00978027 -0.00797101
  -0.00541612]
 [ 0.00211665  0.00158818  0.00323743 ... -0.00820757 -0.00704709
  -0.00758551]
 [ 0.01293907  0.01469143  0.01103622 ... -0.0107132  -0.00860303
  -0.00645458]
 [-0.01059416 -0.01325873 -0.01121947 ... -0.00549705 -0.00300075
  -0.00091351]
 [ 0.00218841  0.00227436  0.00150128 ... -0.00093887  0.00067104
   0.00092979]
 [-0.00407724 -0.00399213 -0.00520315 ... -0.00647706 -0.00615661
  -0.0048498 ]]",117.4538352,-45.788555
classical,60,1848.399167,44602.305,"[0.5983173847198486, 0.4392198920249939, 0.5029881000518799, 0.43529796600341797, 0.5294442176818848, 0.5255445837974548, 0.4767139256000519, 0.5778234601020813, 0.4536917805671692, 0.5383409261703491, 0.4406699538230896, 0.5900190472602844]","[[ 0.00140421 -0.00410426 -0.00217721 ... -0.00290955 -0.00229602
  -0.00186482]
 [-0.00879109 -0.00711726 -0.00971715 ... -0.01260398 -0.00759358
  -0.00135908]
 [ 0.03400775  0.03169747  0.01856384 ...  0.01409834  0.01050299
   0.00178085]
 [ 0.00767025  0.00762143  0.00299402 ... -0.0053634  -0.0110199
  -0.00957517]
 [ 0.0012052   0.00260335 -0.00056817 ...  0.00751469  0.00603746
   0.0034526 ]
 [ 0.00570295  0.00450756  0.00210866 ...  0.00480715  0.00589222
   0.00842548]]",120.1853198,-33.599884
classical,61,1330.793609,27435.861,"[0.6225581765174866, 0.37874817848205566, 0.46988388895988464, 0.3291124105453491, 0.480389267206192, 0.34823861718177795, 0.365518718957901, 0.5555087924003601, 0.38022559881210327, 0.5189007520675659, 0.3313973844051361, 0.47700679302215576]","[[ 0.00063617 -0.00319519 -0.00709353 ...  0.00163954  0.00320799
   0.00141856]
 [-0.00341131 -0.00192407 -0.00227004 ...  0.00607132  0.00277384
  -0.00064008]
 [ 0.00559264  0.0002738  -0.00271124 ...  0.00959918  0.01136179
   0.01708666]
 [ 0.0051684   0.00885846  0.00378034 ...  0.01226953  0.01577245
   0.01807439]
 [ 0.0013019   0.00078919  0.00161    ...  0.00875139  0.00874753
   0.0077703 ]
 [ 0.00146029  0.00034117 -0.00123376 ...  0.00412643  0.00450511
   0.00190019]]",151.9990809,-59.417957
classical,62,1381.011468,32687.504,"[0.5873932242393494, 0.45785629749298096, 0.5466340780258179, 0.4350203573703766, 0.4390260577201843, 0.6066358089447021, 0.4736875593662262, 0.5023260116577148, 0.4136044383049011, 0.57012540102005, 0.5658855438232422, 0.4629345238208771]","[[ 0.00063612  0.00609643  0.00658042 ...  0.00680953  0.00689236
   0.00691025]
 [ 0.00486426  0.00740964  0.00900744 ... -0.0048854  -0.00336859
  -0.00022813]
 [-0.00284997 -0.0023081   0.00260963 ... -0.00485166 -0.00182611
  -0.0047508 ]
 [ 0.0045267   0.01103429  0.00845248 ...  0.00450933  0.00110754
   0.00611242]
 [-0.00511116 -0.00466998 -0.00472556 ...  0.00517684  0.00520765
   0.00477693]
 [-0.00390627 -0.00571223 -0.00480735 ... -0.00290886 -0.00303711
  -0.00101648]]",123.046875,-76.99038
classical,63,708.6932511,5417.6216,"[0.40783199667930603, 0.3169974982738495, 0.39697760343551636, 0.3077412545681, 0.32188165187835693, 0.5999152064323425, 0.3373797535896301, 0.2752903997898102, 0.24192331731319427, 0.3105768859386444, 0.4805346429347992, 0.3476003408432007]","[[ 1.02896261e-03  2.63239807e-03  4.70508030e-03 ... -4.16165338e-03
  -4.39325604e-03 -2.43302778e-03]
 [ 1.94664896e-03  3.20953576e-03  4.44826219e-03 ...  4.83875454e-03
   4.00338543e-03  3.05853622e-03]
 [-8.12456012e-04 -2.41243094e-03 -3.11686844e-03 ...  1.43188983e-03
   6.76140189e-05 -2.05451995e-03]
 [ 1.00965723e-02  1.37244761e-02  1.70968845e-02 ...  1.17925555e-02
   9.75997001e-03  1.14312693e-02]
 [ 1.02161692e-03  1.55976900e-03  1.38612867e-03 ...  2.09619829e-03
   2.48598084e-03  2.30403952e-03]
 [-3.28313746e-03 -3.37934494e-03 -3.80637124e-03 ...  1.99990347e-04
  -2.83753499e-04 -1.33099407e-03]]",129.1992188,-32.389336
classical,64,794.0187733,10489.041,"[0.338991641998291, 0.34292709827423096, 0.25523823499679565, 0.5018289089202881, 0.36016738414764404, 0.18445084989070892, 0.24253246188163757, 0.32372212409973145, 0.7236024737358093, 0.3957628607749939, 0.2046104520559311, 0.24668776988983154]","[[ 8.82037924e-04  4.99659016e-04 -1.85479577e-03 ... -5.72923668e-03
  -5.02274634e-03 -2.52820247e-03]
 [ 2.04563835e-03  1.72610595e-03  2.91911941e-03 ...  9.16521827e-05
   3.36712427e-04  7.41475297e-04]
 [ 6.82480633e-04  3.92130017e-03  6.16059452e-03 ... -2.08274275e-03
   4.03970480e-05 -1.75986439e-03]
 [ 8.58253986e-03  7.62584060e-03  4.75735217e-03 ...  5.86535037e-03
   8.30325484e-03  9.35646892e-03]
 [ 1.84097715e-03  2.19729114e-03  2.02271200e-03 ...  6.89312271e-04
   1.17293519e-03  8.07939499e-04]
 [-1.64463371e-03 -1.62664428e-03 -1.63430534e-03 ...  1.97438523e-04
  -4.21814620e-05 -5.74288890e-04]]",120.1853198,-26.22447
classical,65,942.123873,10938.457,"[0.2962566316127777, 0.47622400522232056, 0.5912917256355286, 0.3922439515590668, 0.28265199065208435, 0.33331793546676636, 0.3200680911540985, 0.24961549043655396, 0.23084546625614166, 0.29621875286102295, 0.33147355914115906, 0.28883248567581177]","[[-1.60984487e-03 -1.34915976e-04  6.53399695e-04 ...  8.52936378e-03
   8.17689014e-03  5.78180261e-03]
 [ 2.27224410e-03  3.31356062e-03  3.16475619e-03 ...  3.27139612e-03
   4.05176784e-03  9.64410360e-03]
 [-1.79490447e-03  4.18469310e-04  4.46679443e-03 ... -1.38596743e-02
  -8.22575390e-03 -1.06509849e-02]
 [ 9.81492549e-03  1.34223551e-02  1.52976736e-02 ... -9.63981450e-03
  -1.09593868e-02 -9.80875641e-03]
 [ 9.14552373e-04  1.51159221e-03  1.15178102e-03 ... -2.51163555e-03
  -2.62925621e-03 -1.81921323e-03]
 [-1.67627074e-03 -3.14239599e-03 -2.31755711e-03 ...  2.20742077e-05
  -8.57589766e-04  1.12232193e-03]]",126.0480183,-30.559343
classical,66,909.0668525,9121.178,"[0.3960335850715637, 0.2811797261238098, 0.35003823041915894, 0.3199233114719391, 0.19584764540195465, 0.22770991921424866, 0.2037595957517624, 0.4046773910522461, 0.29969924688339233, 0.24758753180503845, 0.4461246430873871, 0.36492326855659485]","[[ 2.96072366e-03  2.59203580e-03  2.56445294e-03 ...  8.01678365e-03
   1.00921356e-02  8.02136298e-03]
 [-4.55019016e-04  3.11773334e-04  8.88537408e-04 ...  9.64941348e-04
   4.10196042e-03  1.73689605e-03]
 [-7.70641118e-03 -6.56682998e-03 -6.60943240e-03 ... -6.11891598e-03
  -5.88318706e-03 -3.24360281e-03]
 [ 4.53235209e-03  8.23121518e-03  6.74539059e-03 ...  2.28630304e-02
   2.61824578e-02  1.85279325e-02]
 [ 1.85092351e-03  1.72890232e-03  8.60791043e-04 ... -7.04036630e-04
  -1.40587945e-03  5.62777636e-05]
 [-1.87112018e-04  5.10336831e-04 -2.40715221e-04 ... -3.06306221e-03
  -4.17704135e-03 -3.59185040e-03]]",139.6748311,-17.5857
classical,67,961.8785343,9393.687,"[0.5886107683181763, 0.3938630521297455, 0.45337164402008057, 0.3567361533641815, 0.5250169634819031, 0.47240129113197327, 0.3378857374191284, 0.5127280950546265, 0.3200370669364929, 0.2729760408401489, 0.31159743666648865, 0.5499257445335388]","[[ 7.22422795e-04  6.66120679e-04  8.35982310e-04 ... -4.08562649e-04
   1.28083896e-03  3.95467898e-04]
 [ 1.68829326e-03  1.68816879e-03  1.62781023e-03 ...  2.79675289e-03
   2.53795249e-03  3.31803743e-03]
 [-1.15063041e-03 -1.13780797e-03 -1.35101378e-03 ...  1.35019422e-03
  -3.02395970e-03 -6.94607943e-03]
 [ 5.83824515e-03  6.03958219e-03  5.72459400e-03 ...  1.39359534e-02
   1.30617917e-02  1.06733590e-02]
 [ 3.61882409e-05  3.48106552e-05  1.94423478e-04 ...  8.16539570e-03
   8.40181780e-03  6.15202677e-03]
 [-1.71837397e-03 -1.81300193e-03 -1.55854598e-03 ...  3.50213610e-03
   3.67013179e-03  2.10935995e-03]]",143.5546875,-41.000042
classical,68,1756.853294,35099.812,"[0.6140409708023071, 0.2955460846424103, 0.3386666774749756, 0.22241510450839996, 0.47843024134635925, 0.6605386137962341, 0.2908087968826294, 0.4750427007675171, 0.3025010824203491, 0.5870581865310669, 0.5147756338119507, 0.365631103515625]","[[-4.60113563e-03 -8.90089723e-03 -1.27904343e-02 ...  1.32165523e-04
  -7.53711968e-04  3.47904187e-03]
 [ 1.21464308e-03  1.64952778e-03  2.48965212e-03 ...  7.92989699e-04
   1.78452672e-03 -9.14859792e-04]
 [-4.14405763e-03 -8.26996565e-03 -1.51534230e-02 ...  7.14555383e-03
   2.00984627e-03  2.20648944e-03]
 [ 3.94321233e-03  3.43089551e-03 -4.65154648e-04 ... -1.73944011e-02
  -1.66454166e-02 -1.09662935e-02]
 [-8.19195697e-05 -2.84539199e-03 -6.16200862e-03 ...  4.86894602e-03
   3.92754847e-03  5.12114422e-03]
 [-2.48194486e-03 -3.50723602e-03 -3.53787094e-03 ... -4.27520834e-03
  -2.77231447e-03 -1.58039853e-04]]",109.9567819,-21.42795
classical,69,1463.081726,21710.271,"[0.5463137030601501, 0.256387859582901, 0.31833723187446594, 0.18621546030044556, 0.398770809173584, 0.5750080347061157, 0.27012184262275696, 0.46861380338668823, 0.2607998847961426, 0.49739551544189453, 0.45981621742248535, 0.32554662227630615]","[[ 1.01083801e-03  1.52247462e-03  1.63995483e-03 ...  7.28996418e-03
   5.02380943e-03  3.70364361e-03]
 [-3.35821642e-03 -3.49466117e-03 -3.97541849e-03 ...  2.64333315e-03
   2.66051136e-03  1.79006575e-03]
 [ 1.76721364e-02  2.28186771e-02  3.88554186e-02 ...  1.26712844e-02
   8.54122639e-03  6.56240433e-03]
 [ 1.51961297e-02  1.42782331e-02  1.98167413e-02 ...  1.02997050e-02
   1.02484301e-02  5.85623085e-03]
 [-5.37589111e-03 -5.08672716e-03 -4.72891621e-03 ... -8.91268917e-04
  -8.27241830e-04 -1.14360907e-03]
 [ 2.61683017e-05 -1.72775052e-03 -1.44688226e-03 ... -5.10240346e-03
  -5.21086156e-03 -4.86084074e-03]]",135.9991776,-23.472519
classical,71,1381.773856,23213.79,"[0.6022981405258179, 0.3416776955127716, 0.32760119438171387, 0.22749853134155273, 0.33003494143486023, 0.4259909689426422, 0.27631017565727234, 0.38134852051734924, 0.24866244196891785, 0.37145286798477173, 0.39090994000434875, 0.4130241572856903]","[[ 0.00431323  0.00228652  0.00327604 ...  0.00091193  0.00144529
  -0.00023625]
 [ 0.00444529  0.00216578  0.00051972 ... -0.00321656 -0.00418631
  -0.00165236]
 [-0.00582988 -0.01187839 -0.01373845 ... -0.00629802 -0.00047201
  -0.00584274]
 [ 0.00619061  0.00372768  0.00211972 ... -0.00190739 -0.00144266
   0.00560774]
 [ 0.0016723   0.001526    0.00295581 ... -0.00216276 -0.00394502
  -0.00227615]
 [ 0.00132114  0.00149383  0.00324655 ... -0.00153158 -0.00046858
  -0.00069766]]",143.5546875,-23.941362
classical,72,1000.31515,25542.89,"[0.5333185791969299, 0.36974531412124634, 0.5232435464859009, 0.4204728901386261, 0.4066680073738098, 0.6394543647766113, 0.3846728801727295, 0.34676530957221985, 0.31845006346702576, 0.5294229388237, 0.5589593648910522, 0.411638468503952]","[[ 0.0041336   0.00299979  0.00506802 ... -0.00810973 -0.0073676
  -0.00335722]
 [-0.00474807 -0.00348857 -0.00399118 ...  0.00107126  0.00181695
  -0.00037568]
 [ 0.01718754  0.02266715  0.02094709 ...  0.02331267  0.02654722
   0.02349493]
 [ 0.01535562  0.01844177  0.0201171  ... -0.00475003 -0.00605777
  -0.00080361]
 [ 0.00348684  0.00160502 -0.00102403 ...  0.00670805  0.00630247
   0.00378808]
 [-0.00125639  0.00011953  0.00062212 ...  0.00400378  0.0023414
   0.00269244]]",120.1853198,-81.701164
classical,74,1273.598244,30467.69,"[0.4864152669906616, 0.32208240032196045, 0.5001376867294312, 0.32350680232048035, 0.398269921541214, 0.6022811532020569, 0.30828502774238586, 0.3301181197166443, 0.275055468082428, 0.5281050801277161, 0.6162731051445007, 0.37625014781951904]","[[-0.01156393 -0.01437806 -0.0121938  ... -0.00568571 -0.00863472
  -0.00871623]
 [-0.00165896 -0.00021359  0.0021675  ... -0.00608053 -0.00667004
  -0.00623936]
 [ 0.01336998  0.00675108  0.00794744 ...  0.00765325  0.0073787
   0.01837048]
 [-0.00306847 -0.01382821 -0.0204028  ...  0.00584291  0.00095566
  -0.00115292]
 [ 0.00423178  0.001807   -0.00060146 ... -0.00416788 -0.00275059
  -0.00408123]
 [ 0.0052879   0.00451565  0.00521843 ...  0.00172366  0.00258441
   0.00164906]]",161.4990234,-26.500568
classical,75,1074.731938,16743.016,"[0.6801896691322327, 0.39086851477622986, 0.21933889389038086, 0.2301708608865738, 0.2981569766998291, 0.3880520164966583, 0.23483113944530487, 0.3933964967727661, 0.37287437915802, 0.24576784670352936, 0.37250974774360657, 0.4205513298511505]","[[-0.00514655 -0.00557484 -0.00560048 ... -0.00294467 -0.0010666
  -0.00027419]
 [-0.00631586 -0.00818798 -0.01119092 ... -0.00639007 -0.00755897
  -0.0073434 ]
 [ 0.00067256 -0.00317139 -0.00599384 ... -0.00219852 -0.00295452
  -0.00021939]
 [ 0.00071893 -0.00350711 -0.00750923 ... -0.00733897 -0.00464676
  -0.00248602]
 [ 0.00198881  0.00267885  0.0035669  ... -0.0006556  -0.00196953
  -0.00103391]
 [-0.00178873 -0.00277516 -0.00405921 ... -0.00071551 -0.00121265
  -0.00114982]]",120.1853198,-43.653522
classical,78,825.3697072,9659.028,"[0.40467366576194763, 0.3891478180885315, 0.3634169101715088, 0.5619018077850342, 0.3012416958808899, 0.27757811546325684, 0.222728431224823, 0.4351712167263031, 0.5165929794311523, 0.33199429512023926, 0.38446488976478577, 0.2722351849079132]","[[ 0.00029104 -0.00058457 -0.000621   ...  0.00305196  0.00155881
   0.00144522]
 [ 0.00381737  0.00497748  0.00603194 ...  0.00086014  0.00123497
   0.00223508]
 [-0.00114059 -0.00154378  0.00150184 ... -0.00021525  0.00121628
   0.00092762]
 [ 0.00643882  0.00217714 -0.00277626 ... -0.00148005 -0.00253327
   0.00129075]
 [-0.00069602 -0.00116602  0.00015612 ... -0.00126236 -0.0018924
  -0.00228688]
 [-0.00181967 -0.00135546 -0.00289858 ... -0.00070898 -0.00106023
  -0.00082286]]",135.9991776,-41.002377
classical,79,1094.737412,11552.313,"[0.2912290692329407, 0.25861626863479614, 0.46937087178230286, 0.5263454914093018, 0.27756038308143616, 0.36899012327194214, 0.2812386751174927, 0.3314540684223175, 0.4290409982204437, 0.39416199922561646, 0.5638079643249512, 0.30519959330558777]","[[ 0.00327314  0.00343407  0.00448406 ...  0.00324944  0.00341932
   0.00161466]
 [ 0.00104309  0.00227207  0.00311385 ...  0.00385001  0.00375194
   0.0035271 ]
 [-0.00646406 -0.00944867 -0.00886508 ... -0.0019433  -0.00241882
  -0.00048086]
 [ 0.01025994  0.00629024  0.00942443 ...  0.01706737  0.01592923
   0.01453637]
 [ 0.00190985  0.00294434  0.00126986 ...  0.00132511  0.00153639
   0.00147068]
 [-0.00467543 -0.00382463 -0.00557639 ... -0.00247831 -0.00188468
  -0.00178382]]",117.4538352,-18.975136
classical,81,1061.394687,29944.768,"[0.32734090089797974, 0.5230751633644104, 0.5824309587478638, 0.3734113276004791, 0.5021961331367493, 0.3796251118183136, 0.5462626218795776, 0.393030047416687, 0.405839741230011, 0.4705277681350708, 0.3428153395652771, 0.48092615604400635]","[[ 0.00498265  0.00421954  0.00529436 ... -0.00917341 -0.00850256
  -0.00369568]
 [ 0.0045353   0.00916512  0.00762242 ...  0.01556877  0.01461024
   0.00738114]
 [ 0.01182094  0.01846263  0.02013917 ...  0.01105433  0.01203784
   0.01299968]
 [ 0.01460315  0.01618621  0.01664191 ... -0.02110589 -0.01544005
  -0.01132802]
 [ 0.00240305  0.00150653  0.00318754 ... -0.00530223 -0.0074875
  -0.00580724]
 [ 0.00052762 -0.00078728 -0.00018125 ...  0.00213281  0.00533206
   0.00408746]]",123.046875,-50.776955
classical,82,1624.502779,30817.598,"[0.4339446723461151, 0.37613362073898315, 0.49306946992874146, 0.4259437322616577, 0.47871264815330505, 0.5143849849700928, 0.5252929329872131, 0.571605920791626, 0.4924420714378357, 0.5154774188995361, 0.4939348101615906, 0.45006880164146423]","[[ 0.00271743  0.00437028  0.00884569 ...  0.0047732   0.00035007
  -0.00237704]
 [-0.00955513 -0.00582316 -0.00196563 ...  0.00136631 -0.00054851
  -0.00204114]
 [ 0.00226609  0.00496191  0.00885012 ...  0.01247987  0.01895737
   0.01348657]
 [-0.00999195 -0.0048559  -0.00270311 ...  0.04370483  0.03532574
   0.03002199]
 [-0.00091332  0.00090703  0.00217938 ...  0.00634938  0.00477921
   0.00183993]
 [ 0.0020444   0.00254428  0.00140558 ...  0.0080848   0.00729317
   0.00414643]]",114.84375,-4.5024405
classical,84,1103.32784,18370.646,"[0.44294264912605286, 0.33207565546035767, 0.4690028131008148, 0.3758666515350342, 0.29965347051620483, 0.43843430280685425, 0.3603043258190155, 0.7246798276901245, 0.46318691968917847, 0.3840715289115906, 0.6000418663024902, 0.3868951201438904]","[[ 2.84720265e-03  5.18667111e-03  7.31356134e-03 ... -6.14663261e-05
   3.11178095e-03  2.82737266e-03]
 [-7.56204817e-03 -1.18459578e-02 -1.68155840e-02 ...  3.47300400e-03
   1.88562101e-03  3.56025519e-03]
 [-5.01893461e-04 -6.03497028e-05  4.88318503e-04 ... -1.20659173e-03
  -5.08119166e-03 -6.47609681e-03]
 [-4.40426171e-03 -2.50361115e-03 -7.83242285e-04 ...  5.63351065e-03
   3.08701396e-03  1.24555826e-03]
 [ 3.20071876e-03  5.12136037e-03  4.33811095e-03 ...  2.59665550e-03
  -2.35228405e-04  1.57839383e-03]
 [ 1.74981169e-03  3.37988883e-03  3.88089195e-03 ... -1.97912008e-03
  -3.03943828e-03 -2.86605209e-05]]",112.3471467,-11.632285
classical,85,1673.20419,37089.38,"[0.5531485676765442, 0.43414801359176636, 0.6862657070159912, 0.47990337014198303, 0.5523188710212708, 0.5506653785705566, 0.4304966628551483, 0.6156342625617981, 0.42661091685295105, 0.5368403792381287, 0.49310359358787537, 0.42408066987991333]","[[-0.00233589 -0.00337616 -0.00381988 ... -0.01044595 -0.01036747
  -0.00530947]
 [-0.00881731 -0.01068821 -0.01130645 ...  0.00311739  0.00098469
  -0.000739  ]
 [ 0.00139095  0.0039768   0.00779887 ... -0.00731911 -0.00675119
   0.00408234]
 [ 0.00672233  0.00493688  0.00672364 ... -0.01204067 -0.00322078
  -0.00314067]
 [ 0.000718    0.00163829  0.00160391 ... -0.00316065 -0.00329882
  -0.00028618]
 [-0.00153037 -0.00234132 -0.00239969 ... -0.00171968 -0.00308924
  -0.00261125]]",107.6660156,-15.289447
classical,86,1382.029412,33230.93,"[0.4218537211418152, 0.36428216099739075, 0.5506826043128967, 0.6625853776931763, 0.4376235008239746, 0.6125797629356384, 0.40709397196769714, 0.6229590177536011, 0.6456155776977539, 0.4825465977191925, 0.6332107782363892, 0.3908440172672272]","[[ 0.00643275  0.00693844  0.00590408 ...  0.00093851 -0.00259057
  -0.00103848]
 [-0.00554206 -0.00810922 -0.0108079  ... -0.0100642  -0.00939212
  -0.01058715]
 [-0.00650061 -0.0045493  -0.00054046 ...  0.01135642  0.00862521
   0.00887077]
 [ 0.00139755  0.00015929 -0.00053494 ...  0.0005465   0.00371839
   0.00248692]
 [ 0.00312379  0.00342024  0.00493684 ...  0.00432306  0.00316656
   0.00331375]
 [-0.00046608 -0.00049446 -0.00028941 ...  0.00192388  0.00193211
   0.00161757]]",132.5120192,-22.503906
classical,87,982.1628986,16216.105,"[0.4317646920681, 0.41648387908935547, 0.5983313918113708, 0.33322733640670776, 0.43939530849456787, 0.3020120859146118, 0.5100510716438293, 0.6406385898590088, 0.4250028431415558, 0.6100104451179504, 0.3597831726074219, 0.5512146949768066]","[[-0.00341295 -0.00536717 -0.00427226 ... -0.00327964 -0.00179417
   0.00145295]
 [ 0.00209583 -0.00023204  0.00129743 ... -0.01245255 -0.00973335
  -0.00840932]
 [-0.01424212 -0.01340455 -0.01547263 ... -0.01865187 -0.01689371
  -0.01234765]
 [ 0.00843444  0.00890795  0.00985894 ... -0.00560875 -0.00607015
  -0.01032584]
 [-0.00422497 -0.00291296 -0.00073788 ...  0.00350209  0.00382132
   0.00175288]
 [-0.00796742 -0.0083262  -0.00731966 ... -0.00102925  0.00087021
  -0.00158316]]",120.1853198,-17.547915
classical,88,1295.313546,30005.467,"[0.5856955051422119, 0.46227872371673584, 0.4431653618812561, 0.5478721261024475, 0.3603086471557617, 0.4721374809741974, 0.3441943824291229, 0.6093433499336243, 0.7111354470252991, 0.45722663402557373, 0.6427300572395325, 0.4140656292438507]","[[ 0.00578629  0.00879321  0.00456157 ...  0.01016402  0.01368354
   0.00795146]
 [-0.003942   -0.0045133  -0.00355399 ... -0.01169253 -0.00709863
  -0.00382748]
 [-0.00409736 -0.00609082  0.00185642 ...  0.0175613   0.01844917
   0.01151583]
 [ 0.00717847  0.00631966  0.00562825 ...  0.01354904  0.02001552
   0.02195887]
 [ 0.00242681  0.00278325  0.00158338 ...  0.00101443 -0.00014726
  -0.00138091]
 [-0.00116056 -0.00194624 -0.00095071 ...  0.00680611  0.0091209
   0.00958438]]",139.6748311,-18.5671
classical,89,3222.307079,41085.086,"[0.2497859001159668, 0.225031316280365, 0.1509423851966858, 0.36344143748283386, 0.3968293070793152, 0.17360591888427734, 0.2950383424758911, 0.20225349068641663, 0.5764750838279724, 0.432134747505188, 0.3353285491466522, 0.7512831687927246]","[[-0.00403969 -0.01046547 -0.01362876 ... -0.0177896  -0.00972269
  -0.00367771]
 [ 0.0119149   0.01685954  0.01827268 ...  0.00471581  0.00092858
   0.00590249]
 [ 0.00035941 -0.00265758 -0.00368719 ... -0.01589287 -0.01694117
  -0.0114577 ]
 [-0.01190407 -0.01999849 -0.02818346 ... -0.00896477 -0.00985748
  -0.00438007]
 [ 0.00816454  0.00703211  0.00580883 ...  0.00486358  0.00633058
   0.00559427]
 [-0.00503687 -0.00854599 -0.00986001 ... -0.01297937 -0.01094624
  -0.00946473]]",132.5120192,-17.01586
classical,91,2772.015283,36112.516,"[0.29731684923171997, 0.46830084919929504, 0.26289552450180054, 0.3725569546222687, 0.5467180609703064, 0.2856890559196472, 0.3654210567474365, 0.27304667234420776, 0.5003597736358643, 0.3833606541156769, 0.24948067963123322, 0.4501053988933563]","[[ 0.00749341  0.00686663  0.00578068 ...  0.02410089  0.02192452
   0.01625039]
 [ 0.01204189  0.01368333  0.01788956 ...  0.00689652  0.00729974
   0.01018938]
 [-0.00264035 -0.00370292 -0.00714632 ...  0.01072895  0.01353072
   0.02024708]
 [ 0.00015947 -0.00389388  0.00080173 ... -0.00123394 -0.00777198
  -0.01436795]
 [ 0.0045312   0.00749027  0.00607512 ... -0.00332405  0.00095058
   0.00099789]
 [-0.00276393 -0.00327038  0.00057117 ...  0.00137694  0.00253716
   0.00586985]]",114.84375,-46.395607
classical,92,2721.663425,23972.754,"[0.3535473942756653, 0.17593267560005188, 0.12667547166347504, 0.2247200906276703, 0.3880559206008911, 0.1906144618988037, 0.23376916348934174, 0.17936556041240692, 0.20650380849838257, 0.48027321696281433, 0.261418879032135, 0.4416220784187317]","[[-0.0033661  -0.00757239 -0.00805795 ... -0.00270588 -0.0028789
  -0.00212379]
 [ 0.0030706   0.00526414  0.00922087 ...  0.00323154  0.0013092
   0.00082873]
 [ 0.005871    0.00617754  0.00351073 ...  0.0030501   0.00441036
   0.00317819]
 [-0.00331398 -0.0089478  -0.00964078 ... -0.01171831 -0.00789607
  -0.00392113]
 [ 0.00357261  0.0029542   0.00285771 ...  0.0059694   0.00644042
   0.00595437]
 [-0.00097183 -0.00416604 -0.00561828 ... -0.002347   -0.00302406
  -0.00029747]]",126.0480183,-28.018183
classical,93,2081.604292,28124.697,"[0.4520326554775238, 0.2493870109319687, 0.39629730582237244, 0.296567440032959, 0.5334701538085938, 0.5434299111366272, 0.4233776926994324, 0.5958400964736938, 0.2705894708633423, 0.28233879804611206, 0.20955559611320496, 0.3691003620624542]","[[-2.30152085e-03 -4.01731242e-03 -4.66807175e-03 ...  2.05291875e-03
   2.09839450e-03  5.56897483e-03]
 [-1.57313836e-03  3.45390337e-03  1.55727504e-03 ...  1.91448208e-03
  -1.88441314e-03 -1.93759644e-03]
 [ 6.45325333e-03 -3.28074396e-03 -6.25168532e-03 ... -8.07904452e-03
  -5.20639122e-03  2.22859532e-03]
 [ 1.77200139e-02  2.45812014e-02  2.30588242e-02 ...  1.15334988e-04
  -1.24204159e-03 -4.47361916e-03]
 [-4.69685750e-04  2.87306307e-03  1.52528741e-03 ...  3.64802117e-04
  -2.26727701e-03 -6.79114265e-05]
 [-3.24284844e-03 -3.62523645e-03 -4.53286991e-03 ... -6.36813976e-03
  -5.13672270e-03 -1.54580548e-03]]",139.6748311,-45.013515
classical,94,1026.762559,27196.715,"[0.569694995880127, 0.4794524013996124, 0.6670427918434143, 0.4420226514339447, 0.3579024374485016, 0.39460721611976624, 0.48887574672698975, 0.6186398267745972, 0.4276410639286041, 0.6613316535949707, 0.7428585886955261, 0.40805718302726746]","[[ 1.03811295e-02  1.07595100e-02  1.22219027e-02 ...  8.31383954e-03
   8.57147467e-03  8.42842279e-03]
 [ 7.70602153e-03  4.83966034e-03  9.18204074e-04 ...  5.52787195e-03
   4.06013396e-03  4.82341522e-03]
 [-8.96638632e-03 -8.71368498e-03 -1.29472017e-02 ... -1.37607008e-03
  -1.67824328e-03  1.37662143e-03]
 [-3.58429551e-03 -2.08929926e-03 -3.26775014e-04 ... -2.64490396e-03
  -3.37044895e-03  4.14010137e-03]
 [-6.74793098e-03 -7.97020761e-03 -7.22760504e-03 ... -3.89759647e-03
  -4.55115281e-03 -3.12287388e-03]
 [ 8.79392028e-04 -1.33745372e-04 -3.10384668e-03 ... -6.77686185e-05
  -1.15440972e-03 -1.64800882e-03]]",126.0480183,-89.27024
classical,95,2147.151379,22076.74,"[0.4172300398349762, 0.26037323474884033, 0.4669713079929352, 0.29243791103363037, 0.23123620450496674, 0.4655870199203491, 0.24993298947811127, 0.3356400430202484, 0.28999409079551697, 0.36728635430336, 0.5274993777275085, 0.28215473890304565]","[[ 0.00451503  0.00471772  0.0057828  ...  0.00801821  0.00663994
   0.0037615 ]
 [-0.0005506  -0.00188949 -0.00170939 ... -0.00226373 -0.00318289
  -0.00259209]
 [-0.00213926  0.00234546  0.00545809 ... -0.0169255  -0.0211357
  -0.01719382]
 [-0.00627229 -0.00544345 -0.00810077 ... -0.00463068 -0.00592154
   0.00486254]
 [-0.00136421 -0.00245638 -0.00339314 ... -0.00290429 -0.00202887
   0.00067865]
 [-0.00291318 -0.00263071 -0.00168574 ...  0.00025364  0.00034048
  -0.00054801]]",135.9991776,-34.34342
classical,96,2044.19309,35779.195,"[0.4005483388900757, 0.5152143239974976, 0.7149224877357483, 0.3885270953178406, 0.4252246618270874, 0.3973848819732666, 0.44530627131462097, 0.5008935332298279, 0.4160144329071045, 0.6815783977508545, 0.4987509250640869, 0.40556028485298157]","[[ 0.00048406 -0.00566728 -0.00667288 ... -0.00957652 -0.01143778
  -0.00862652]
 [ 0.00102891  0.00017231  0.00123364 ... -0.00533272  0.0018038
  -0.00146279]
 [ 0.015976    0.02222092  0.02717118 ...  0.02906609  0.03119668
   0.02631738]
 [-0.00291551  0.00191803  0.00611429 ... -0.00120652  0.00021297
   0.0052425 ]
 [ 0.00299518  0.00459258  0.00307298 ...  0.00961319  0.01051988
   0.00676536]
 [-0.00094609 -0.00245552 -0.00280258 ... -0.00109585 -0.00052276
  -0.0012258 ]]",132.5120192,-57.789764
classical,97,1534.193759,22937.201,"[0.4894215762615204, 0.3710375428199768, 0.3736095130443573, 0.25067752599716187, 0.5664190649986267, 0.35041773319244385, 0.2357335388660431, 0.36223429441452026, 0.3302730917930603, 0.506624162197113, 0.27801916003227234, 0.4256772994995117]","[[-0.00275768 -0.00428889 -0.00606839 ... -0.00804199 -0.00727045
  -0.00389261]
 [-0.00460104 -0.00987342 -0.01139087 ... -0.00430659 -0.00381928
  -0.00209042]
 [ 0.00393963  0.00838985  0.01031187 ...  0.01076162  0.01354674
   0.01259356]
 [-0.00486816 -0.00829559 -0.00958429 ...  0.00361533  0.01189519
   0.00576455]
 [-0.0016504  -0.00465196 -0.00699737 ...  0.00103837  0.00187599
  -0.0005817 ]
 [-0.00258661 -0.00318429 -0.00450586 ... -0.00586461 -0.00547962
  -0.00186313]]",139.6748311,-35.57363
classical,98,2112.389213,36685.223,"[0.6060459613800049, 0.3288157284259796, 0.2893127202987671, 0.2507058084011078, 0.5629882216453552, 0.7044719457626343, 0.3904959559440613, 0.4764339029788971, 0.36375072598457336, 0.7032060027122498, 0.4744800329208374, 0.3392511010169983]","[[-2.02082134e-03 -5.29263315e-04  2.13146265e-03 ... -3.66489299e-03
  -3.48611001e-03 -1.78436333e-03]
 [-4.00148045e-03  2.29721299e-04  1.26691703e-03 ... -2.45560936e-03
  -2.16466476e-03 -1.58997076e-03]
 [ 6.97480887e-03  8.45263153e-03  6.19313121e-03 ...  7.55416602e-03
   5.63496351e-03  6.90363348e-03]
 [ 8.17269087e-03  6.72787428e-05 -1.05113834e-02 ... -6.93839043e-03
  -3.18761170e-03 -4.94918972e-03]
 [ 2.09516591e-03  1.16200484e-03  1.40653436e-03 ...  2.82819313e-03
   3.16763735e-03  1.44385500e-03]
 [ 5.13475388e-05 -1.98939443e-03 -3.09435092e-03 ... -2.20334902e-03
  -2.25993805e-03 -3.24907340e-03]]",129.1992188,-57.406063
classical,99,1079.754087,34512.78,"[0.4549762010574341, 0.5110808610916138, 0.4757303297519684, 0.5014138221740723, 0.6073944568634033, 0.3987710475921631, 0.6219885349273682, 0.5669696927070618, 0.44110310077667236, 0.47252464294433594, 0.4029984772205353, 0.5030622482299805]","[[-3.49309818e-03 -4.78738031e-03 -5.85856947e-03 ... -3.41658672e-03
  -4.98860051e-03 -2.82737979e-03]
 [ 3.30138050e-03  1.37130040e-04 -2.19573421e-03 ... -1.54668497e-03
  -6.92911894e-03 -3.06054214e-03]
 [ 6.14908338e-03  5.31788915e-03  3.15279514e-03 ... -9.86203551e-04
   3.79994512e-04  2.43393332e-03]
 [ 1.87059268e-02  2.12321952e-02  1.64082199e-02 ...  2.01012939e-03
   3.07265669e-03  1.30790621e-02]
 [-5.50578421e-03 -6.06285793e-03 -7.48802358e-03 ...  1.74089732e-03
   2.16665519e-03 -2.21909055e-03]
 [-5.04251383e-03 -2.39638425e-03 -3.34687717e-03 ...  2.77394429e-04
  -2.99289823e-05  3.08315270e-03]]",123.046875,-93.32721
country,1,1714.114051,48467.145,"[0.5813887119293213, 0.6873914003372192, 0.5709286332130432, 0.6524626016616821, 0.573175847530365, 0.6006152033805847, 0.7841323614120483, 0.5864605903625488, 0.6065129041671753, 0.5168283581733704, 0.6533285975456238, 0.7496455311775208]","[[-0.00442332  0.00074018  0.00160344 ... -0.00324165  0.00088544
  -0.00205743]
 [ 0.0023797   0.00209287 -0.00110113 ... -0.00116568 -0.00175698
  -0.00288879]
 [-0.01125006 -0.01848274 -0.01758231 ... -0.00333656 -0.00517583
  -0.002551  ]
 [ 0.00104284  0.00118741  0.00412752 ...  0.01055977  0.01285529
   0.00965947]
 [ 0.00071245  0.00138368  0.00386089 ...  0.00091306  0.00303381
   0.00359296]
 [-0.0018215  -0.0024274  -0.00779663 ... -0.00071731 -0.00055206
  -0.00523342]]",129.1992188,-138.30396
country,2,1176.258169,50201.395,"[0.4951515793800354, 0.5786482095718384, 0.4864526093006134, 0.4641701281070709, 0.5709636807441711, 0.45178166031837463, 0.44266965985298157, 0.4541422128677368, 0.5918821096420288, 0.6513509750366211, 0.5035920143127441, 0.5086233019828796]","[[ 0.00876437  0.00760946  0.00033931 ...  0.01122821  0.01363419
   0.0135874 ]
 [ 0.00128802  0.00596049  0.00641904 ... -0.00035574  0.00021366
  -0.00059154]
 [ 0.01878076  0.02248718  0.02110705 ...  0.02777605  0.02462877
   0.01321585]
 [-0.0056937  -0.0052238  -0.00055355 ...  0.00746811  0.00069568
  -0.00561651]
 [ 0.00335487  0.00474908  0.00506165 ...  0.00588283  0.00347985
   0.00011477]
 [ 0.00426234  0.00405625  0.00581275 ...  0.0027573   0.0062682
   0.00503182]]",109.9567819,-124.139984
country,3,1541.83811,52757.7,"[0.5457873940467834, 0.5490709543228149, 0.770422101020813, 0.5507098436355591, 0.5709982514381409, 0.4385058581829071, 0.5576317310333252, 0.7015485167503357, 0.5967367887496948, 0.7051425576210022, 0.5174871683120728, 0.5944191813468933]","[[ 0.00158174  0.0029518   0.0012972  ... -0.00433512  0.00078074
   0.00332164]
 [-0.00366736 -0.00515836 -0.0055714  ... -0.00906787 -0.01124372
  -0.00665378]
 [-0.00269004  0.00079276 -0.00438598 ... -0.01219576 -0.01216166
  -0.00617459]
 [ 0.00691134  0.0034714   0.00960918 ...  0.00434926 -0.00148559
   0.00105201]
 [ 0.00235686  0.00097962  0.00458184 ... -0.0009432  -0.00536531
  -0.00410372]
 [ 0.00079633 -0.00064875  0.00180935 ... -0.00617985 -0.00487383
  -0.00438967]]",105.46875,-109.81703
country,5,2004.688643,51708.355,"[0.6410040259361267, 0.6095899939537048, 0.7019343376159668, 0.5760761499404907, 0.657310962677002, 0.5652515292167664, 0.6225282549858093, 0.7209290862083435, 0.5946989059448242, 0.6453232169151306, 0.5690211653709412, 0.6684150695800781]","[[ 3.45895755e-03 -1.66347268e-03 -3.65653728e-04 ... -4.65070074e-03
  -4.53155395e-03  1.23840540e-03]
 [-1.84328501e-03 -4.12397250e-03  2.63295284e-04 ... -4.47529719e-03
  -4.63318058e-03  3.24436830e-03]
 [ 1.15085244e-02  1.18801519e-02  1.43577307e-02 ... -2.47758329e-02
  -1.28322467e-02 -3.63203138e-03]
 [ 1.61701441e-02  1.78405792e-02  2.26918086e-02 ... -8.18707794e-03
  -2.10312009e-03 -1.62249058e-03]
 [ 2.39116939e-03  5.04995497e-03  1.83958988e-03 ... -4.84291707e-03
  -1.16340823e-03  3.74971087e-03]
 [-2.41196342e-03  9.69897956e-05 -3.10494378e-03 ... -1.12207606e-04
   1.45042129e-03  1.24163553e-03]]",129.1992188,-117.80106
country,6,1816.854384,49715.348,"[0.6324353814125061, 0.559605062007904, 0.6987758278846741, 0.6097410917282104, 0.6489733457565308, 0.7952545285224915, 0.603602409362793, 0.6685477495193481, 0.5404437780380249, 0.6254899501800537, 0.692043125629425, 0.5588851571083069]","[[-0.00281004 -0.00397904 -0.00552378 ... -0.00349933 -0.00398957
   0.00305676]
 [-0.00510844 -0.00313815 -0.00148448 ... -0.00577178 -0.00394631
  -0.00205409]
 [ 0.00829478  0.00525514  0.00318117 ...  0.00985796  0.00533009
   0.00131659]
 [ 0.01027706  0.0128072   0.00972996 ...  0.00916438  0.00507704
   0.00965901]
 [ 0.00110077 -0.000162   -0.00128645 ... -0.00047666  0.00093296
   0.00283501]
 [ 0.0043529   0.00427503  0.00284483 ...  0.00236933 -0.00198931
   0.00023529]]",112.3471467,-128.27946
country,7,1416.061375,47785.098,"[0.7229363322257996, 0.6309822201728821, 0.5898662209510803, 0.7409436702728271, 0.5519401431083679, 0.5952983498573303, 0.5155338048934937, 0.6341478824615479, 0.7580651640892029, 0.5955629348754883, 0.6844619512557983, 0.5821917057037354]","[[-0.00828142 -0.00637788 -0.00392548 ... -0.00645324 -0.00554389
  -0.00564643]
 [ 0.00767902  0.008378    0.00983519 ...  0.00451618  0.00256538
   0.00322019]
 [ 0.00953761  0.01300617  0.01058655 ... -0.00551133 -0.00491108
  -0.00283289]
 [ 0.01172271  0.01673231  0.01533411 ...  0.01701745  0.01740633
   0.01844278]
 [ 0.00292693  0.00298752  0.00413162 ...  0.00235349  0.00175216
  -0.00043292]
 [-0.00416871 -0.00363585 -0.00381814 ...  0.00057392 -0.00182523
  -0.00262292]]",135.9991776,-143.44325
country,8,1361.521477,47928.746,"[0.539096474647522, 0.5564495325088501, 0.4249959886074066, 0.540834903717041, 0.6151763796806335, 0.48321282863616943, 0.5926247239112854, 0.47589346766471863, 0.6052363514900208, 0.48392242193222046, 0.4991435408592224, 0.7187357544898987]","[[-0.0009735  -0.00446052 -0.009992   ... -0.00499972 -0.00564548
  -0.00440569]
 [-0.00385533 -0.00441514 -0.00252407 ... -0.00271316 -0.00392751
  -0.00173083]
 [ 0.0088389   0.00900423  0.00988257 ... -0.00564332 -0.00581719
  -0.01407941]
 [-0.00775699 -0.01195876 -0.00726152 ... -0.00353353  0.00116209
   0.00576496]
 [ 0.00754166  0.005986    0.00399072 ...  0.00142438  0.00242164
  -0.00013979]
 [-0.0059536  -0.00618303 -0.00238049 ... -0.0039335  -0.00433758
  -0.00200159]]",132.5120192,-136.20815
country,9,2193.847798,47471.62,"[0.6284627318382263, 0.603798508644104, 0.7441955208778381, 0.5384354591369629, 0.5988147258758545, 0.6402193903923035, 0.6647061109542847, 0.8676454424858093, 0.665863573551178, 0.7176153659820557, 0.6588230133056641, 0.6689169406890869]","[[ 2.58414256e-03  5.41008536e-03  6.73686065e-03 ...  7.62503473e-03
   1.48596155e-02  1.14152471e-02]
 [-9.30386820e-05 -9.18509916e-04 -5.09140536e-03 ... -1.38853843e-02
  -9.95041753e-03 -2.43806466e-03]
 [-1.70579106e-02 -1.75542086e-02 -1.22214109e-02 ... -9.58807766e-04
   3.69993597e-03  1.61301345e-03]
 [ 3.36607546e-03  2.68989056e-03 -9.33632255e-05 ...  1.32067055e-02
   1.50633827e-02  1.66165680e-02]
 [ 3.28091555e-03  5.26051589e-03  6.69371799e-03 ... -2.16049315e-03
  -1.13848264e-03  2.22826585e-03]
 [-3.73729132e-03 -4.36487608e-03 -2.28214264e-03 ...  6.28239289e-03
   8.39861296e-03  3.27584334e-03]]",129.1992188,-118.990715
country,11,2028.75106,54695.516,"[0.4889090657234192, 0.42309990525245667, 0.5981835722923279, 0.4635755717754364, 0.43178945779800415, 0.40092095732688904, 0.5110902190208435, 0.5605329871177673, 0.458952933549881, 0.5439767241477966, 0.4728893041610718, 0.5688944458961487]","[[-3.66260435e-03 -1.72492537e-03 -5.33478613e-04 ... -9.95096825e-04
   2.57688846e-03  2.39513540e-03]
 [-4.36415475e-04 -1.29222364e-03 -1.80617636e-03 ...  9.53295521e-04
   3.13102515e-03  3.75406723e-03]
 [-9.50598717e-03 -4.66081500e-03 -5.90458512e-03 ... -1.19761676e-02
  -1.04552880e-02 -1.17200091e-02]
 [ 2.88942456e-03  5.88551164e-04 -3.67701054e-03 ...  2.39138231e-02
   2.48569250e-02  1.56606436e-02]
 [-2.94622674e-04  9.07251492e-04  8.02619502e-04 ...  7.23863217e-03
   7.85803278e-03  3.91471466e-03]
 [-2.88788229e-04 -4.98518348e-05  4.36685979e-04 ... -7.63088651e-03
  -7.95769691e-03 -4.82882746e-03]]",114.84375,-77.53824
country,13,2125.609583,54904.41,"[0.5211380124092102, 0.5981346368789673, 0.5149277448654175, 0.49934470653533936, 0.7402772903442383, 0.5563130378723145, 0.5471746921539307, 0.5095695853233337, 0.6067283153533936, 0.7494060397148132, 0.5776816010475159, 0.6189882159233093]","[[ 5.55571636e-06  5.89349779e-04  2.70994451e-03 ... -9.73312393e-03
  -6.91093776e-03 -2.69474838e-03]
 [-3.48050056e-03  8.54198255e-04 -9.02142744e-04 ...  9.73759201e-03
   8.56660687e-03  3.22154735e-03]
 [-1.18584409e-02 -8.16892833e-03 -4.62732464e-03 ...  2.03819424e-02
   1.36838108e-02  6.83686882e-03]
 [-3.40228528e-03 -8.10781121e-03 -1.27888620e-02 ... -1.83049813e-02
  -1.83777735e-02 -9.46122408e-03]
 [ 2.30730765e-03  4.03342254e-04  3.47494220e-03 ... -2.33779521e-03
  -5.85086782e-04  8.10830171e-04]
 [ 1.18375011e-03  2.28877179e-03  1.66273862e-03 ... -3.65362875e-03
  -4.12443839e-03  7.57353380e-04]]",126.0480183,-75.69258
country,14,1917.636484,55647.258,"[0.5100789666175842, 0.6944049000740051, 0.6273999810218811, 0.5650063157081604, 0.6736000180244446, 0.5310531854629517, 0.5313912630081177, 0.4390312135219574, 0.5620463490486145, 0.6853349804878235, 0.5421393513679504, 0.5748715996742249]","[[ 0.00542758  0.00447263  0.00110668 ... -0.00262793 -0.00234417
  -0.00172085]
 [ 0.00067936 -0.00160276 -0.00072628 ...  0.00248614  0.00409393
   0.00375831]
 [ 0.01933816  0.01981674  0.02263878 ... -0.00588431  0.00634766
   0.00631619]
 [ 0.00957792  0.01590175  0.01628595 ...  0.0149124   0.01465534
   0.00780011]
 [ 0.00210099  0.00268179  0.00299849 ...  0.00555855  0.00583385
   0.00658794]
 [ 0.00029201 -0.00108938 -0.00070919 ...  0.0042287   0.00104613
  -0.00056166]]",135.9991776,-89.96577
country,15,1549.121693,51423.605,"[0.6282928586006165, 0.5881537795066833, 0.6184227466583252, 0.8590867519378662, 0.560376763343811, 0.549577534198761, 0.6002793908119202, 0.5832309722900391, 0.6578381657600403, 0.6220858693122864, 0.7178717851638794, 0.600540816783905]","[[ 0.00549137  0.00241526  0.00415552 ...  0.00358089  0.00478891
   0.00043727]
 [ 0.00268654  0.00411488  0.00344479 ...  0.00629003  0.00830473
   0.00850859]
 [-0.0009065   0.00190169 -0.00234925 ... -0.00670722 -0.00614142
  -0.00413845]
 [ 0.00478409  0.00884712  0.01307061 ...  0.00049276  0.00284642
  -0.00282525]
 [ 0.00366573  0.0020316   0.00141462 ... -0.00344138 -0.00431141
  -0.00292747]
 [-0.00346108 -0.00325266 -0.00302392 ... -0.00339583 -0.00280551
  -0.00270784]]",147.65625,-50.934864
country,16,1046.424764,50416.434,"[0.6509286761283875, 0.48299989104270935, 0.464257150888443, 0.4198644757270813, 0.5738219618797302, 0.7850778102874756, 0.5447167754173279, 0.5416982769966125, 0.5051038861274719, 0.5916252136230469, 0.5501090884208679, 0.4879717230796814]","[[ 3.06832002e-03  5.01626202e-03  3.71959465e-03 ...  3.87187940e-03
   1.95824907e-03 -1.16060755e-03]
 [ 6.25059380e-04  2.16462853e-03 -8.98354371e-04 ...  1.26868449e-02
   1.49112604e-02  1.16980405e-02]
 [ 1.23661309e-02  1.26365498e-02  8.82840157e-03 ... -7.87129998e-03
  -6.82164729e-03 -2.64430791e-03]
 [ 1.17344856e-02  8.26857984e-03  4.86406684e-03 ...  9.60290432e-04
  -4.23443317e-03 -5.13344258e-03]
 [ 7.99461056e-04  8.15679144e-05 -9.52082712e-04 ... -1.42440426e-03
   2.17252041e-03  7.29449376e-04]
 [ 2.33929604e-05 -6.06553629e-04 -2.57327035e-03 ... -3.41087580e-04
   8.50375742e-04  1.12892687e-03]]",107.6660156,-58.428326
country,17,981.0866887,46392.312,"[0.44843193888664246, 0.6093919277191162, 0.7181183695793152, 0.5086942911148071, 0.5826964974403381, 0.4625820517539978, 0.6207283139228821, 0.6051177382469177, 0.5197104215621948, 0.6346514821052551, 0.4668228030204773, 0.5263203382492065]","[[ 1.99361544e-03 -6.16133737e-04  2.27554163e-03 ...  3.03004997e-03
   2.01240413e-03  3.58633845e-03]
 [ 1.35646414e-03  1.02415968e-03 -6.41906674e-04 ...  1.37355069e-03
   1.16047633e-03  4.39384929e-04]
 [-4.90849465e-03 -3.38537246e-03 -2.99036503e-04 ... -3.70293856e-06
  -1.95998698e-03 -5.62935323e-03]
 [ 1.14067271e-02  1.84404626e-02  1.77209899e-02 ... -1.10583603e-02
  -9.15464759e-03 -4.02311981e-03]
 [ 4.81706556e-04  9.62874338e-04 -1.70935480e-03 ... -2.69980989e-04
   1.27279886e-03  3.37765949e-03]
 [-3.06148268e-03 -4.90419380e-03 -4.73197550e-03 ... -2.57257372e-04
  -4.99077141e-05 -1.77691132e-03]]",117.4538352,-69.46306
country,19,911.7055084,26982.229,"[0.577828586101532, 0.4550285041332245, 0.497855544090271, 0.4612606465816498, 0.5857561230659485, 0.5150231719017029, 0.5088722109794617, 0.6745258569717407, 0.4858429729938507, 0.4804762601852417, 0.4501096308231354, 0.5669598579406738]","[[ 0.00014827  0.00536678  0.01174258 ...  0.0106538   0.00749749
   0.00265544]
 [ 0.00192807 -0.00100977 -0.0024949  ... -0.00038375 -0.00170879
  -0.00052662]
 [-0.00279558  0.00107758 -0.00657333 ...  0.00940671  0.01300931
   0.00888719]
 [ 0.01865724  0.02058432  0.02041643 ...  0.0039082   0.00582266
   0.00704093]
 [ 0.00467168  0.00356448 -0.00112858 ...  0.00094971  0.00277446
   0.00126227]
 [-0.00439429 -0.00644116 -0.00527998 ... -0.00241906 -0.0019358
  -0.00102795]]",129.1992188,-103.3344
country,20,1415.775785,59504.223,"[0.5444744825363159, 0.5349293351173401, 0.6408501863479614, 0.5745645761489868, 0.5328727960586548, 0.6019435524940491, 0.5234215259552002, 0.5103058815002441, 0.4814096689224243, 0.5914077162742615, 0.6985560655593872, 0.5594045519828796]","[[ 0.00399474  0.00379505  0.00610945 ...  0.00187158  0.00421638
   0.00492432]
 [-0.00371481 -0.00448637 -0.00718336 ... -0.00920698 -0.00932026
  -0.00749021]
 [ 0.00835782  0.00821705  0.0054602  ...  0.01556752  0.01476021
   0.01228035]
 [ 0.00970765  0.01158653  0.01026352 ...  0.00885226  0.01318371
   0.00780457]
 [ 0.00196316  0.00213183  0.00223035 ...  0.0026211   0.00236383
   0.00313125]
 [-0.00068715  0.00043838  0.00090539 ...  0.00106097  0.00074509
  -0.00063966]]",103.359375,-125.00383
country,21,784.3853295,33624.11,"[0.5615821480751038, 0.4447355270385742, 0.4731150269508362, 0.4034959673881531, 0.5425302982330322, 0.5195437073707581, 0.4579261541366577, 0.5050851106643677, 0.4803706705570221, 0.6259168386459351, 0.5184969305992126, 0.49626490473747253]","[[ 9.91742481e-05 -1.70763846e-03 -1.17381527e-03 ...  6.25592550e-03
   5.06280554e-03  3.59450720e-03]
 [-2.22557528e-03 -8.56307728e-04 -3.18307535e-03 ... -3.13275695e-04
  -9.36281659e-04 -1.43100158e-03]
 [ 6.60554320e-03 -6.77466393e-04  6.87189400e-04 ...  1.64585784e-02
   1.68012455e-02  7.41067529e-03]
 [ 4.71219420e-03  6.21411949e-03  6.18485361e-03 ... -1.42300650e-02
  -1.04891285e-02 -3.80867720e-03]
 [ 1.68891685e-03  3.94811870e-03  5.98822957e-03 ...  6.72928357e-03
   5.28536082e-03  4.48688698e-03]
 [-4.44338657e-03 -7.78865628e-03 -9.71611030e-03 ... -1.00563094e-03
  -1.13626942e-03 -2.04713456e-03]]",109.9567819,-88.179756
country,23,613.8666334,38098.844,"[0.597165584564209, 0.42738181352615356, 0.43983662128448486, 0.40349575877189636, 0.5236851572990417, 0.6582270860671997, 0.48524072766304016, 0.484205961227417, 0.41311874985694885, 0.5497286915779114, 0.4393714964389801, 0.3952217400074005]","[[ 0.00043213  0.00131734  0.00288539 ...  0.00829693  0.00545447
   0.0026729 ]
 [ 0.00216128  0.00335044  0.00042488 ... -0.00248486 -0.00309294
   0.00023585]
 [-0.00288621 -0.00066549  0.00218286 ...  0.00664742  0.00444587
  -0.00332273]
 [ 0.00820769  0.0057354   0.00750127 ...  0.01339649  0.01178822
   0.00886764]
 [-0.00050417 -0.00096453 -0.00262498 ... -0.00429539 -0.00378818
  -0.00392576]
 [-0.00289107 -0.00224857 -0.00080105 ... -0.00358126 -0.00317113
  -0.00151316]]",161.4990234,-118.76039
country,24,1527.194326,48092.836,"[0.6888952255249023, 0.4574248492717743, 0.45046037435531616, 0.3888932168483734, 0.42041823267936707, 0.38459914922714233, 0.4489854574203491, 0.5662747025489807, 0.38197407126426697, 0.3847801983356476, 0.3992213308811188, 0.5585694313049316]","[[ 0.00409946  0.0009595  -0.00624622 ...  0.00195212  0.00253228
  -0.00510223]
 [-0.00477199 -0.00580061 -0.00856213 ... -0.00197088 -0.00658016
  -0.00770319]
 [ 0.0104386   0.01117638  0.00818705 ... -0.00686825  0.00136563
   0.00840384]
 [ 0.00086571 -0.00199689 -0.00528857 ...  0.01305439  0.00740818
   0.00050418]
 [ 0.00245339  0.00302342  0.00326657 ...  0.00308713  0.0026267
   0.0022553 ]
 [-0.00216907 -0.00130178 -0.0010538  ... -0.00393758 -0.00468905
  -0.00447945]]",129.1992188,-59.307552
country,25,919.7834555,46344.723,"[0.5791959762573242, 0.5630908608436584, 0.5920714139938354, 0.5499134063720703, 0.6139007210731506, 0.48391783237457275, 0.5680544972419739, 0.6403367519378662, 0.5444182753562927, 0.54572594165802, 0.5098562836647034, 0.6498174071311951]","[[-8.97117571e-04 -5.02174311e-03 -2.87948530e-03 ...  5.93021400e-04
   3.07001888e-03  2.66778955e-03]
 [-7.08391844e-04 -2.50427469e-03 -3.55389348e-03 ...  7.32121011e-04
   1.89176393e-03 -4.65044813e-04]
 [-4.66198474e-03 -5.73641807e-03 -3.46364081e-03 ... -9.90136713e-03
  -9.72554088e-03 -1.92136317e-03]
 [ 3.31111252e-03  5.30343503e-03  7.70559162e-03 ...  8.62801820e-03
   1.61865279e-02  1.56300440e-02]
 [ 9.94765285e-05  1.70002142e-03  4.82833144e-03 ...  1.15256821e-03
   2.64716805e-03  1.34614320e-03]
 [ 1.76839530e-05 -2.52220780e-05 -3.46966088e-04 ... -6.08786009e-03
  -4.32762317e-03 -1.80792436e-03]]",147.65625,-115.47247
country,26,894.2589298,45521.992,"[0.5272156000137329, 0.49058327078819275, 0.6804999113082886, 0.47723209857940674, 0.47540736198425293, 0.3906475305557251, 0.5493382215499878, 0.564039945602417, 0.44759440422058105, 0.6505625247955322, 0.5032548904418945, 0.6319329142570496]","[[-1.75124455e-03 -5.95101977e-03 -9.41646032e-03 ... -2.14946311e-03
   2.63909879e-03  4.88944974e-03]
 [-6.69728199e-03 -6.84091216e-03 -5.93205734e-03 ... -1.51214567e-04
  -7.16715883e-05  5.19895656e-05]
 [-5.70771843e-03 -9.57426429e-03 -8.52639973e-03 ...  1.08309388e-02
   6.93915784e-03  4.75423038e-03]
 [ 3.42506170e-03  2.67082453e-03  2.98427790e-03 ...  7.31822103e-03
   5.69737703e-03  7.07681477e-03]
 [ 3.36682592e-04  9.83957529e-05 -3.93379761e-04 ...  1.97463522e-03
   2.94503628e-03  2.00244826e-03]
 [ 2.74311565e-03  1.87155791e-03  6.55185431e-05 ... -5.53373247e-05
  -2.06956081e-03 -6.39569014e-04]]",107.6660156,-97.0101
country,27,1570.54934,53563.523,"[0.5418699383735657, 0.6504263281822205, 0.6010766625404358, 0.630373477935791, 0.764495849609375, 0.5942108035087585, 0.5937936902046204, 0.5551403164863586, 0.6888827085494995, 0.7441405653953552, 0.5756449103355408, 0.6015313267707825]","[[ 0.00589168  0.00787196  0.00801297 ... -0.00474733 -0.00261658
  -0.00079305]
 [ 0.00482256  0.00236531 -0.00258957 ...  0.00459371  0.00256947
  -0.0021595 ]
 [ 0.01113331  0.01592936  0.01930972 ...  0.02789212  0.02475198
   0.0145288 ]
 [-0.0008218  -0.00254966 -0.00105151 ...  0.00677808  0.00896502
   0.00598716]
 [ 0.00574914  0.00567433  0.006485   ...  0.00100688  0.00099854
   0.00198739]
 [-0.00306161 -0.00302231 -0.00080408 ... -0.00358023 -0.00128558
  -0.00247983]]",123.046875,-93.83397
country,28,992.4205574,42255.86,"[0.44192636013031006, 0.5688669681549072, 0.6586385369300842, 0.48237037658691406, 0.5310150384902954, 0.5020231604576111, 0.6521647572517395, 0.612613320350647, 0.5133340358734131, 0.6362589001655579, 0.4931411147117615, 0.4879586100578308]","[[ 0.00494455  0.00710743  0.01214843 ... -0.00221953 -0.00471246
  -0.00327499]
 [ 0.0033104   0.00295529  0.0054744  ... -0.00440747 -0.00184395
   0.00044418]
 [ 0.01333269  0.01046816  0.00771263 ... -0.00920526 -0.01404658
  -0.00964344]
 [ 0.0217578   0.02239531  0.02670836 ... -0.00563548 -0.00736044
   0.00041163]
 [ 0.00018645  0.00130016  0.00134577 ...  0.00316323  0.00409737
   0.00196782]
 [-0.0045007  -0.00177616 -0.00087852 ...  0.00163088  0.00259677
   0.00113698]]",120.1853198,-86.727516
country,29,966.779526,41151.715,"[0.5500631332397461, 0.6037920117378235, 0.5198674201965332, 0.5958447456359863, 0.5597156882286072, 0.644353985786438, 0.5180112719535828, 0.5137044787406921, 0.6147453188896179, 0.465172678232193, 0.4390915036201477, 0.40317562222480774]","[[ 5.51477265e-03  6.71153834e-03  5.13719593e-03 ...  1.14876236e-03
   4.27966454e-03  2.57225296e-03]
 [-3.00088273e-03 -5.75061050e-03 -1.01102409e-02 ... -7.22827837e-04
  -8.68014396e-03 -1.06310447e-02]
 [ 5.85629791e-03  6.19819760e-03  2.26578116e-03 ...  1.75828040e-02
   1.97737068e-02  2.10363418e-02]
 [-6.73345476e-03 -2.03388184e-03 -4.95975465e-03 ...  2.97403336e-03
   8.38807225e-03  8.67472589e-03]
 [ 1.00097894e-03  1.41350295e-03  2.90261825e-03 ... -4.70201941e-04
   1.03259243e-03  7.53639394e-05]
 [ 3.05345654e-03  2.11546384e-03  2.08484195e-03 ... -2.69803219e-03
   1.54924579e-03  2.85716355e-03]]",120.1853198,-59.847733
country,32,967.6907294,45619.793,"[0.4777664840221405, 0.5188165307044983, 0.4065435528755188, 0.5656801462173462, 0.66452956199646, 0.485966295003891, 0.5592976808547974, 0.4036867618560791, 0.4965543746948242, 0.4881465435028076, 0.5224674940109253, 0.7051669955253601]","[[-0.00056524  0.00363024  0.0051219  ...  0.00151137 -0.00346605
  -0.00533841]
 [-0.00141577  0.00154078  0.00090699 ... -0.00419193 -0.00572703
  -0.00292516]
 [ 0.00190368 -0.00063263  0.00098645 ... -0.00754424 -0.00577427
  -0.00120176]
 [-0.00390593 -0.00431861 -0.0059933  ...  0.00186966  0.01984901
   0.0128253 ]
 [ 0.00356017  0.00412578  0.00287749 ...  0.00917315  0.0048171
   0.00021697]
 [ 0.00312168  0.00581913  0.00520683 ...  0.00356134  0.00490393
   0.00074777]]",97.50884434,-114.12349
country,34,1962.718817,65091.07,"[0.4955536425113678, 0.5768252611160278, 0.66353440284729, 0.5658890008926392, 0.6391637325286865, 0.5910214781761169, 0.6213256120681763, 0.5451074838638306, 0.5146284103393555, 0.6670397520065308, 0.5158441662788391, 0.5113674998283386]","[[ 0.00037387 -0.00216018  0.0031034  ... -0.00083032 -0.00050837
  -0.00067386]
 [-0.00184076  0.00201769  0.00185391 ...  0.01266501  0.01126649
   0.00946311]
 [ 0.00798007  0.01091507  0.01624192 ...  0.01682813  0.00511048
   0.00082992]
 [ 0.00358815  0.0047106   0.00793928 ...  0.00635774  0.00851868
   0.00689065]
 [ 0.00258214  0.00309755  0.0009314  ...  0.00627595  0.01005794
   0.00942071]
 [ 0.00163398  0.00148693 -0.00014116 ... -0.00304695 -0.00390964
  -0.00335207]]",135.9991776,-83.15557
country,35,1558.73418,55497.133,"[0.6228309273719788, 0.5266851186752319, 0.5452024340629578, 0.5136286616325378, 0.683245062828064, 0.7387518882751465, 0.5810245871543884, 0.6448827385902405, 0.6215687394142151, 0.6949718594551086, 0.6340478658676147, 0.559857189655304]","[[-0.00262816 -0.00283734 -0.00638722 ... -0.00359063 -0.00335043
   0.00110531]
 [-0.00447795 -0.00971001 -0.01196438 ... -0.00439507 -0.00712386
  -0.00915066]
 [-0.00935663 -0.01694788 -0.02440509 ...  0.01880977  0.01416609
   0.02092157]
 [ 0.01000556  0.00544073  0.00777991 ...  0.00828537  0.01089197
   0.00758841]
 [ 0.00173731 -0.00020539 -0.00183492 ...  0.00451575  0.00477318
   0.00453167]
 [ 0.00027615 -0.0012389  -0.00105085 ...  0.00120596 -0.00066899
  -0.00014483]]",132.5120192,-94.16624
country,36,1344.025381,38779.14,"[0.5733908414840698, 0.7572072148323059, 0.5239384174346924, 0.5657932162284851, 0.45403891801834106, 0.5720231533050537, 0.42246395349502563, 0.5376656651496887, 0.770386278629303, 0.5444114804267883, 0.4726133942604065, 0.43996232748031616]","[[ 0.006307    0.00696142  0.00701368 ...  0.00216787  0.00017377
  -0.01121694]
 [-0.00333308 -0.00430548 -0.00478739 ... -0.00620154 -0.00615689
  -0.00921559]
 [ 0.00951741  0.00815701  0.00571977 ... -0.00286902 -0.00152958
  -0.00853577]
 [-0.00174132 -0.00214515 -0.00259259 ... -0.00456814 -0.00893087
   0.00197526]
 [ 0.00145333  0.00153334  0.0006219  ...  0.00582828  0.00579714
   0.00331143]
 [-0.00056612  0.00102861  0.00116442 ...  0.00137124  0.00389419
   0.006167  ]]",114.84375,-101.868576
country,37,1256.699613,50915.09,"[0.615950345993042, 0.657872200012207, 0.5688645243644714, 0.6331997513771057, 0.5628831386566162, 0.6316694617271423, 0.5561873316764832, 0.559246301651001, 0.6741429567337036, 0.6229150295257568, 0.6780866384506226, 0.5548509955406189]","[[ 0.00081311  0.00217092  0.00281019 ... -0.0034389  -0.00565298
  -0.00777738]
 [ 0.00297237  0.00060885  0.00207891 ...  0.00656146  0.00474484
   0.00445411]
 [-0.00112189  0.00481968  0.00249855 ... -0.01269858 -0.00950996
  -0.00205166]
 [ 0.00276393  0.013785    0.01554734 ...  0.0244192   0.02077927
   0.01160605]
 [ 0.00116393  0.00116577  0.00110102 ...  0.00511731  0.00266513
   0.00340003]
 [-0.00254314 -0.00115271  0.00031952 ... -0.00449507 -0.00296055
  -0.00228588]]",97.50884434,-95.657974
country,38,1754.069889,54883.547,"[0.651263952255249, 0.553915798664093, 0.6706943511962891, 0.575152575969696, 0.6892449259757996, 0.5713462829589844, 0.6298012137413025, 0.659842848777771, 0.508211076259613, 0.5522228479385376, 0.5178739428520203, 0.6578972339630127]","[[ 2.10004716e-03  4.09182250e-03  4.14949280e-03 ... -2.37990741e-03
  -9.59768461e-04 -5.95650206e-05]
 [ 3.21014615e-03  4.71126078e-03  2.43070994e-03 ... -9.97218290e-04
   1.38080610e-03  5.77098995e-03]
 [ 5.54802269e-03  3.80609185e-03 -4.59199399e-03 ...  6.90642744e-03
   4.50970978e-03  3.42809409e-03]
 [ 3.96256894e-03  8.06964189e-03  1.04003176e-02 ...  1.30680799e-02
   1.82165056e-02  2.16695592e-02]
 [ 2.04324996e-03  6.83750309e-04 -3.30865761e-04 ...  1.24777971e-03
   2.77761606e-03  3.94364396e-03]
 [ 7.49211758e-05  4.96396795e-04 -1.37504935e-03 ...  4.64546122e-03
   2.97243334e-03  3.49465758e-03]]",156.6051136,-95.85001
country,40,1629.538209,58817.4,"[0.6020524501800537, 0.6224365234375, 0.7721399068832397, 0.6138967275619507, 0.6277928352355957, 0.5012323260307312, 0.5472307801246643, 0.6229726672172546, 0.6034926772117615, 0.6982608437538147, 0.579415500164032, 0.6080673336982727]","[[-0.00364091 -0.00711054 -0.00387345 ...  0.00084973 -0.0057629
  -0.00476421]
 [-0.00760449 -0.00899275 -0.01112366 ...  0.00311288  0.00335443
  -0.0006899 ]
 [ 0.00199243 -0.00254364 -0.00196743 ...  0.00792636  0.00416604
   0.00397781]
 [ 0.00212538  0.0068074   0.01322583 ... -0.00432253  0.01459637
   0.00885969]
 [ 0.00350848  0.00345293  0.00493401 ...  0.00101659  0.00107408
  -0.00013051]
 [ 0.00397081  0.00546598  0.00467921 ...  0.00140349 -0.00219656
   0.00027023]]",139.6748311,-87.48758
country,41,1398.234016,57482.613,"[0.5817895531654358, 0.6089078187942505, 0.649242639541626, 0.6764458417892456, 0.7691261172294617, 0.5339183807373047, 0.5322729349136353, 0.6141301989555359, 0.705564022064209, 0.8122380971908569, 0.611092746257782, 0.5989447236061096]","[[ 2.15172042e-03  3.64634455e-04  1.14406060e-03 ...  6.03882578e-03
   7.33101557e-03  7.00166208e-04]
 [ 8.81070034e-05  2.73715483e-03 -3.62621535e-03 ...  4.85383074e-03
   1.23341958e-02  1.37880021e-02]
 [-6.03421032e-03 -3.79061699e-03  5.50033897e-03 ... -4.71003354e-04
   2.95244157e-03  5.47277182e-03]
 [ 9.83831286e-03  1.35604963e-02  1.62720978e-02 ...  1.23661384e-02
   9.62196290e-03  1.40809044e-02]
 [-1.85674679e-03 -2.06197480e-03  5.55225111e-04 ... -5.96838201e-03
  -3.84453845e-03 -5.43444011e-03]
 [-3.98572162e-03 -3.53075005e-03 -2.92122178e-03 ...  1.30659528e-03
  -5.32846898e-05  1.20966695e-03]]",129.1992188,-123.037865
country,42,1167.178768,55704.754,"[0.7039615511894226, 0.6984387040138245, 0.6705389022827148, 0.5584191679954529, 0.6717098951339722, 0.5036348700523376, 0.5136101245880127, 0.5474838018417358, 0.5976017713546753, 0.7343535423278809, 0.6459880471229553, 0.6905532479286194]","[[ 0.00037245  0.00311551  0.00277868 ... -0.00177755 -0.00290764
  -0.00254127]
 [-0.00241434 -0.00246108 -0.00159613 ... -0.00414026 -0.00240219
  -0.00428864]
 [ 0.01222773  0.00438117  0.00128902 ... -0.00789455 -0.00249402
  -0.00342534]
 [ 0.00295816 -0.00291792 -0.00570251 ...  0.00883366  0.00693166
   0.00134771]
 [-0.00214706 -0.00188745 -0.00143442 ... -0.00023875  0.00083679
  -0.00017602]
 [ 0.0005039   0.00041049 -0.00193202 ... -0.00287396  0.00034204
   0.00216212]]",103.359375,-121.17755
country,43,2257.742305,55859.367,"[0.6067792773246765, 0.6239962577819824, 0.72376549243927, 0.5794296264648438, 0.6406133770942688, 0.5349146127700806, 0.6441628932952881, 0.6498875021934509, 0.6342685222625732, 0.8328282237052917, 0.5526511073112488, 0.6066508889198303]","[[ 0.00512068  0.00612223  0.00442807 ... -0.01209759 -0.00572433
   0.00715489]
 [ 0.00015425 -0.00077564 -0.00179689 ...  0.00064785 -0.00445785
  -0.00606371]
 [ 0.0021765  -0.00465677  0.00357091 ...  0.01101059  0.00716418
  -0.00329925]
 [-0.00157614 -0.00087393  0.01588017 ...  0.01412284  0.00872071
   0.00321285]
 [ 0.00364836  0.00489392  0.00535768 ... -0.00430341  0.00277167
   0.00449858]
 [-0.00241473 -0.00151435  0.00016362 ...  0.0026894   0.00294862
   0.00280601]]",139.6748311,-66.463135
country,46,2097.58636,55964.52,"[0.48127180337905884, 0.6101022362709045, 0.637442409992218, 0.5934782028198242, 0.7619273662567139, 0.6603224873542786, 0.6629427671432495, 0.6094924211502075, 0.6916414499282837, 0.708453357219696, 0.4971553683280945, 0.45121878385543823]","[[ 9.95592461e-04  4.35727380e-03  3.31988125e-03 ...  3.46296957e-03
   2.11967424e-03  4.19792750e-03]
 [ 4.15377312e-03  3.76151124e-04 -5.43625028e-03 ... -3.34606425e-03
  -2.29933254e-03 -2.93114347e-03]
 [ 4.72921878e-03 -8.93868506e-04  7.11449236e-03 ...  1.55658126e-02
   7.31753558e-03  2.52276659e-03]
 [-2.77528167e-03  4.81076539e-04  1.08299404e-02 ...  2.26260051e-02
   2.23979577e-02  1.55151263e-02]
 [ 1.32963798e-03 -1.17297713e-03 -8.05645674e-04 ... -1.40757965e-03
  -4.12478842e-04  2.12961200e-04]
 [ 5.80288470e-05 -2.18134373e-05 -1.32988021e-03 ...  1.02011673e-03
   3.29477713e-04 -1.76487118e-03]]",156.6051136,-74.832375
country,47,1654.734899,46429.25,"[0.671847403049469, 0.49500322341918945, 0.5900102853775024, 0.446294903755188, 0.5438478589057922, 0.4801172614097595, 0.4339691996574402, 0.6759675145149231, 0.5007482767105103, 0.48433369398117065, 0.4133778512477875, 0.5535352230072021]","[[ 1.73760354e-03 -1.49057405e-03 -6.99419924e-03 ... -1.48701915e-03
  -4.48167949e-03 -3.42163775e-03]
 [ 2.40716236e-03  3.25263591e-03 -1.52464836e-04 ...  7.94158729e-04
  -9.05161750e-04  1.10258998e-03]
 [ 3.26563418e-03  3.86476517e-03  5.39273024e-05 ... -2.15133652e-02
  -1.80264413e-02 -9.91611928e-03]
 [ 1.75645947e-02  2.39288211e-02  2.31150389e-02 ... -2.17436254e-03
  -5.99590689e-03 -6.97242469e-03]
 [ 1.79750416e-03  1.85270760e-03  3.66819780e-03 ... -1.76467116e-03
  -2.49367209e-03 -2.09542400e-03]
 [ 2.17301585e-03  4.84573841e-03  6.87045231e-03 ...  1.40047446e-03
   2.87834555e-05 -1.07715093e-03]]",147.65625,-75.33085
country,48,1016.979053,52202.383,"[0.5691019296646118, 0.5326363444328308, 0.6029505133628845, 0.543248176574707, 0.5317599177360535, 0.7028294205665588, 0.49954161047935486, 0.47141993045806885, 0.4568764269351959, 0.5096259117126465, 0.6435379981994629, 0.5692195296287537]","[[ 0.00096337  0.00036217 -0.00137703 ...  0.00113973  0.00166101
   0.00569643]
 [ 0.00178443 -0.00134437 -0.0075442  ... -0.00611719 -0.01001806
  -0.00749944]
 [ 0.00871127  0.00902244  0.00641423 ...  0.00689232  0.00431782
   0.00521313]
 [-0.00077119 -0.00189656  0.00215106 ...  0.0045022   0.01061426
   0.00961197]
 [ 0.00039579  0.00090493  0.00312817 ...  0.00299404  0.00573756
   0.00284375]
 [ 0.00325832  0.0039706   0.00489889 ... -0.00275338 -0.00123524
  -0.00157539]]",117.4538352,-93.87484
country,49,1367.689091,55061.617,"[0.4896075427532196, 0.4636026918888092, 0.6728495955467224, 0.5290977954864502, 0.5418895483016968, 0.4741712808609009, 0.5495174527168274, 0.6351284980773926, 0.4944086968898773, 0.5801129341125488, 0.5341824293136597, 0.6526845097541809]","[[-0.00529528 -0.00876883 -0.00114396 ... -0.00062466  0.00062152
   0.00313688]
 [-0.00409375 -0.00407066 -0.00716152 ... -0.00493155 -0.00881075
  -0.00710479]
 [ 0.01913837  0.01946355  0.00489169 ...  0.00777975  0.00511234
  -0.00026049]
 [ 0.007644    0.01758383  0.02319994 ...  0.01603811  0.01267131
   0.01174403]
 [ 0.00526258  0.00527715  0.00409408 ...  0.00197777  0.00159699
   0.00178769]
 [ 0.00196558  0.00019913 -0.00113017 ...  0.00010651  0.00105115
  -0.00016298]]",114.84375,-61.39552
country,50,1132.667702,47568.395,"[0.681792676448822, 0.5026530027389526, 0.6210883259773254, 0.5112389326095581, 0.6197636723518372, 0.48546862602233887, 0.49749556183815, 0.6356776356697083, 0.5230181813240051, 0.6695398688316345, 0.4814421534538269, 0.5780595541000366]","[[-1.03030088e-03 -1.41622323e-03  5.55045444e-04 ...  1.26356155e-03
  -2.25191370e-03 -2.65136485e-03]
 [ 6.89427593e-04 -4.28844632e-04  1.71675347e-03 ...  5.05621233e-05
  -4.79431129e-04  1.19091216e-04]
 [ 1.60769746e-02  1.05430931e-02  7.43326545e-03 ...  1.55544281e-02
   8.56093317e-03 -1.12105161e-03]
 [-6.78068399e-03 -3.41079384e-03 -7.36574084e-03 ...  6.00541383e-03
   1.08977333e-02  7.90598243e-03]
 [ 2.50791252e-03 -9.58502842e-05 -1.07830763e-03 ...  4.47045596e-03
   5.73243739e-03  6.59649012e-03]
 [-6.39220700e-04 -1.58059970e-03 -1.63461827e-03 ... -6.30263239e-04
   1.40868686e-03 -2.06662528e-03]]",117.4538352,-102.77613
country,51,944.537586,38319.258,"[0.38319727778434753, 0.3383654057979584, 0.2966039180755615, 0.466545045375824, 0.5770571827888489, 0.4401845932006836, 0.5190554857254028, 0.44177770614624023, 0.6024149656295776, 0.5412274599075317, 0.46893641352653503, 0.6032704710960388]","[[ 0.00259811  0.00276214  0.00491508 ...  0.01274546  0.01546157
   0.01169107]
 [-0.00087083  0.00128179  0.00104821 ... -0.00032024 -0.00362309
  -0.01090699]
 [-0.00549234 -0.00736785 -0.00320829 ...  0.00559875  0.00538032
   0.01373841]
 [-0.00067859 -0.00580101  0.00016808 ...  0.01657037  0.01637162
   0.0131422 ]
 [ 0.00065268  0.00184213  0.00262238 ...  0.01260991  0.01390362
   0.00900978]
 [ 0.00022549  0.0004521   0.00125265 ...  0.00558048  0.00703756
   0.00859384]]",129.1992188,-122.81499
country,52,526.529291,34697.742,"[0.6769759654998779, 0.43403002619743347, 0.3832349479198456, 0.36964094638824463, 0.5590464472770691, 0.671890139579773, 0.47675612568855286, 0.562116801738739, 0.45232757925987244, 0.5127341747283936, 0.3969813883304596, 0.4267826974391937]","[[-0.0011936  -0.00351703 -0.00430001 ...  0.00719047  0.00939685
   0.00370413]
 [-0.00139802 -0.00089489 -0.00148186 ... -0.00083383 -0.0017354
  -0.00075489]
 [ 0.01160935  0.01260641  0.00913861 ...  0.01018903  0.00860915
   0.00636106]
 [ 0.008071    0.008718    0.00993183 ...  0.00331128 -0.00196882
   0.00013997]
 [ 0.00350949  0.00421881  0.00424392 ...  0.00200884  0.00275962
   0.00270972]
 [ 0.00109479  0.00108061  0.00323929 ... -0.00227239 -0.00320546
  -0.00177962]]",143.5546875,-130.53143
country,54,773.5767651,41641.81,"[0.4907625913619995, 0.4174538552761078, 0.6168051958084106, 0.6059777736663818, 0.4847310483455658, 0.5621156096458435, 0.45781734585762024, 0.5672727823257446, 0.5094401836395264, 0.5177137851715088, 0.6480618715286255, 0.45732972025871277]","[[-0.00338457 -0.00266193 -0.00085464 ...  0.00605143  0.00923987
   0.0064842 ]
 [-0.00559299 -0.00672577 -0.0097225  ... -0.01163358 -0.0136701
  -0.0091291 ]
 [ 0.01557933  0.02161461  0.02982999 ...  0.00802689  0.00598567
   0.01094007]
 [ 0.00081159  0.00347307  0.00750607 ...  0.00637554  0.01225931
   0.00850357]
 [ 0.00459493  0.00406551  0.00359301 ...  0.00347563  0.00295879
   0.0021885 ]
 [ 0.00025526  0.00276952  0.00277217 ...  0.00192345  0.00112666
  -0.00018238]]",151.9990809,-97.72348
country,55,1174.994574,46394.83,"[0.5504246354103088, 0.5620411038398743, 0.48018452525138855, 0.6189095377922058, 0.6725139617919922, 0.5144168138504028, 0.5728158354759216, 0.5337874889373779, 0.7005140781402588, 0.6364377737045288, 0.59758061170578, 0.7196289300918579]","[[ 0.00213683  0.00235739  0.0046784  ...  0.00749837  0.0074571
   0.00692071]
 [-0.00800949 -0.01085157 -0.00795664 ... -0.0012797  -0.00248972
   0.00067523]
 [ 0.00543775  0.00058423 -0.00283986 ... -0.00522277 -0.00918958
  -0.0071619 ]
 [-0.01590279 -0.01742306 -0.01218958 ... -0.00188046 -0.00800487
  -0.0065589 ]
 [ 0.00157643  0.0012325   0.00050421 ...  0.00843214  0.00664834
   0.00662715]
 [ 0.00325644  0.00236156  0.00260194 ...  0.00180653  0.00147639
   0.00270265]]",132.5120192,-100.43912
country,56,805.6048172,39505.156,"[0.5874147415161133, 0.4045971930027008, 0.37495264410972595, 0.3192364573478699, 0.4978988468647003, 0.7482360601425171, 0.47313830256462097, 0.44719555974006653, 0.4671197533607483, 0.7014930844306946, 0.5576311349868774, 0.4129089117050171]","[[ 0.00414412  0.00273275  0.0012831  ... -0.00369008 -0.00429368
  -0.00236139]
 [-0.00594273 -0.00771506 -0.01110999 ... -0.00419001 -0.00468487
  -0.00125874]
 [ 0.0117734   0.01341365  0.01408616 ... -0.00273901 -0.00279777
  -0.00469756]
 [ 0.00199249 -0.00118706  0.0028783  ... -0.00478467 -0.00632714
  -0.00475465]
 [ 0.00275107  0.00380174  0.00455766 ... -0.00367194 -0.00355691
  -0.00225785]
 [ 0.00310626  0.00267633  0.00249279 ...  0.00111292 -0.00089538
   0.00050618]]",161.4990234,-105.370026
country,57,1128.391153,41570.074,"[0.5953642129898071, 0.6000803112983704, 0.4654705822467804, 0.5937560796737671, 0.4244635999202728, 0.48317691683769226, 0.457029789686203, 0.5062716603279114, 0.7357280850410461, 0.5245802402496338, 0.5379035472869873, 0.4116782546043396]","[[ 5.22045144e-03  1.02300064e-02  1.24512562e-02 ...  9.28374344e-03
   8.23627091e-03  5.66899922e-04]
 [-7.18802227e-03 -1.04368236e-02 -1.71590203e-02 ... -6.48120104e-03
  -5.98380962e-03 -4.43137578e-03]
 [-8.44135880e-04  6.66536391e-04  1.31302327e-03 ...  3.18439454e-02
   3.33806053e-02  2.50641629e-02]
 [-6.97821379e-04 -5.98353893e-03 -6.89024478e-03 ... -2.13939697e-03
  -1.84408575e-03 -7.50478357e-03]
 [ 4.93753817e-03  6.01231635e-03  7.28336983e-03 ... -5.23288997e-06
  -1.38252179e-04 -2.55648613e-03]
 [ 3.80784273e-03  3.84877063e-03  2.16985866e-03 ... -4.79933992e-03
  -8.58170912e-04 -1.63461082e-03]]",135.9991776,-93.34577
country,58,1023.051157,47516.918,"[0.5614917874336243, 0.43922507762908936, 0.5167372226715088, 0.6739155650138855, 0.536931037902832, 0.6670860052108765, 0.5339158773422241, 0.5847139954566956, 0.5014827847480774, 0.530410885810852, 0.7716299891471863, 0.5357488989830017]","[[-0.00293282 -0.00248576 -0.00077842 ...  0.00280001  0.00573428
   0.00686855]
 [-0.00635411 -0.00609402 -0.00717964 ... -0.0156342  -0.01273143
  -0.00833916]
 [ 0.0025823   0.00598195  0.00419247 ...  0.01272447  0.01531629
   0.00989285]
 [ 0.00627463  0.00591397  0.00599894 ...  0.01245245  0.00538761
   0.00570016]
 [ 0.00266048  0.00269452  0.00191351 ...  0.00209501  0.00262511
   0.0011144 ]
 [-0.0006655  -0.00040403 -0.00089606 ...  0.00075136  0.00177181
   0.0008649 ]]",112.3471467,-105.42009
country,59,782.2595048,44557.164,"[0.39299705624580383, 0.31007978320121765, 0.41719669103622437, 0.6030911803245544, 0.4387814998626709, 0.5072612762451172, 0.4364526867866516, 0.5935816764831543, 0.5575762391090393, 0.44357407093048096, 0.49678492546081543, 0.35663557052612305]","[[ 0.0013973   0.0029753   0.00152197 ...  0.00795565  0.01093464
   0.00693711]
 [ 0.00512564  0.00290897  0.00554333 ...  0.0066875   0.00658444
   0.00462719]
 [-0.00419132 -0.00224581 -0.00102997 ... -0.00853301 -0.00979386
  -0.01050477]
 [ 0.01026554  0.00791312  0.00816084 ...  0.00663512  0.00656528
   0.01065626]
 [ 0.00108547  0.00219987  0.00174415 ...  0.00371644  0.00419602
   0.00155425]
 [-0.00221226 -0.00055367 -0.003448   ... -0.0030208  -0.00484335
  -0.00234199]]",135.9991776,-89.888435
country,60,574.5163655,39031.43,"[0.7241777181625366, 0.47069230675697327, 0.4482899010181427, 0.3869428038597107, 0.5393782258033752, 0.616000771522522, 0.5469119548797607, 0.6054249405860901, 0.48127925395965576, 0.5958670377731323, 0.48770543932914734, 0.5337992906570435]","[[-0.00290305 -0.00296606 -0.00357891 ... -0.00173045 -0.00341746
  -0.00346095]
 [-0.00043522 -0.00399105 -0.00653709 ... -0.00331484 -0.00211628
  -0.00499933]
 [ 0.01512133  0.01836456  0.0193264  ...  0.01595855  0.01626778
   0.0110865 ]
 [ 0.0031414   0.00270217  0.00163309 ...  0.00527263  0.0113377
   0.00888354]
 [ 0.00016538  0.00315921  0.00404823 ...  0.00279446  0.00435859
   0.00403366]
 [-0.00073451 -0.00098493  0.00069203 ...  0.00019702  0.00184751
  -0.00046287]]",139.6748311,-130.3402
country,61,712.5856771,40383.586,"[0.3505009114742279, 0.5049000978469849, 0.6408867239952087, 0.4512442350387573, 0.5538992285728455, 0.3746066391468048, 0.45511287450790405, 0.4829663634300232, 0.5392624139785767, 0.8040739297866821, 0.5285139083862305, 0.47321411967277527]","[[ 2.38375765e-03  2.04796715e-03 -1.24286335e-03 ... -9.63044504e-03
  -9.22673730e-03 -1.51675143e-03]
 [-5.09655727e-05  1.26663145e-03  2.71858471e-03 ...  8.93101533e-03
   3.57367151e-03 -2.42617686e-03]
 [ 1.26794726e-02  1.36560872e-02  1.23519376e-02 ...  1.26276836e-02
   7.68465549e-03  9.49151069e-03]
 [-8.94032419e-04  7.66739249e-04 -3.05744261e-03 ...  2.28781402e-02
   2.13081390e-02  9.42396373e-03]
 [ 1.84544220e-03  6.13293414e-04 -7.72051295e-04 ...  6.10546631e-03
   5.75417550e-03  4.75320301e-03]
 [-1.49715319e-03 -8.53955746e-04  5.59700653e-04 ... -9.24531370e-04
  -2.28142552e-03 -2.91466527e-03]]",120.1853198,-110.51284
country,62,1480.108036,52204.383,"[0.5985968708992004, 0.593905508518219, 0.7110254168510437, 0.6084170937538147, 0.6832948923110962, 0.6299165487289429, 0.6212989687919617, 0.5845569372177124, 0.5937705636024475, 0.7564340233802795, 0.5148022174835205, 0.5342969298362732]","[[ 1.16112353e-03 -2.86752907e-05 -3.68133468e-03 ... -7.13728119e-03
  -6.71019783e-03 -5.77070191e-03]
 [ 2.85378460e-03  3.59042814e-03  1.18413755e-03 ... -1.60059249e-04
   4.74130067e-05 -1.57545390e-03]
 [ 5.37305325e-03  9.49116051e-03  1.13372505e-02 ...  8.12746584e-03
   9.52154398e-03  1.35790482e-02]
 [ 4.84277308e-03  3.39522213e-03  6.73681498e-05 ...  1.13269463e-02
   6.68676198e-03  5.90366870e-03]
 [ 9.33790180e-04  1.89511917e-03  4.68597876e-03 ...  3.59738602e-03
   4.30192594e-03  2.15113073e-03]
 [ 3.97708267e-04 -5.05842268e-04  2.56349519e-03 ... -1.75887719e-04
   1.77603215e-04 -1.08588487e-04]]",117.4538352,-83.398125
country,63,801.1989208,48320.414,"[0.4278334081172943, 0.5574892163276672, 0.5911229252815247, 0.45428451895713806, 0.5357416868209839, 0.45314666628837585, 0.596466600894928, 0.3931712806224823, 0.364492267370224, 0.468622088432312, 0.4688323736190796, 0.5632923245429993]","[[ 0.00049238  0.00113764 -0.00314837 ...  0.00367076  0.00439556
   0.00438828]
 [ 0.00172964  0.00723979  0.01059809 ...  0.00142609  0.00016411
  -0.00080927]
 [ 0.01395889  0.01032617  0.00754452 ...  0.01578368  0.01163052
   0.01208834]
 [ 0.00276069  0.00195715  0.00029414 ...  0.00992211  0.01292739
   0.01267009]
 [ 0.00174357  0.00174009  0.00617476 ...  0.00423401  0.00401514
   0.0044807 ]
 [ 0.00247648  0.00305403  0.0068436  ...  0.00065093  0.00312441
   0.00362094]]",166.7086694,-96.14681
country,64,977.5845257,37999.14,"[0.5407916903495789, 0.35155245661735535, 0.39570337533950806, 0.38946741819381714, 0.5048655867576599, 0.6519433856010437, 0.39224478602409363, 0.47704875469207764, 0.35967162251472473, 0.3789266049861908, 0.3240775167942047, 0.33485615253448486]","[[ 0.00098021  0.00033674 -0.00204953 ...  0.00427765  0.00499374
   0.00252798]
 [-0.00302227 -0.00184927  0.0019653  ... -0.01122859 -0.01122174
  -0.0086413 ]
 [ 0.00973777  0.00897521  0.00888367 ... -0.00272214 -0.00181955
   0.00460326]
 [ 0.00209013  0.0003581  -0.00562551 ...  0.00207385  0.00096459
   0.00359697]
 [ 0.00187444  0.00244401  0.00373619 ...  0.00449879  0.00399424
   0.00178744]
 [ 0.00141566  0.00053174  0.00042608 ... -0.00025963 -0.00149743
  -0.00240844]]",132.5120192,-62.10242
country,65,737.3764986,26029.27,"[0.43301907181739807, 0.4450252652168274, 0.3442595601081848, 0.40801718831062317, 0.4939946234226227, 0.4313426613807678, 0.49241119623184204, 0.4324108958244324, 0.5525497198104858, 0.48296698927879333, 0.42675068974494934, 0.5364013314247131]","[[ 0.00427346  0.00492451  0.00420848 ...  0.00577806  0.00703069
   0.00273801]
 [-0.00106638  0.00128363  0.00148237 ...  0.0032698   0.00170144
  -0.00066684]
 [ 0.00836133  0.00714207  0.00827923 ... -0.01523881 -0.0106555
  -0.00037054]
 [ 0.00655841  0.01145597  0.0091439  ...  0.00310171  0.00218716
   0.00310148]
 [ 0.00244404  0.00306437  0.0017543  ...  0.00370199  0.00318202
   0.00352795]
 [ 0.00159836  0.00016842  0.00145608 ...  0.00281133  0.00335651
   0.00201385]]",126.0480183,-105.98267
country,66,1759.832608,47456.105,"[0.40519431233406067, 0.4838906228542328, 0.5450499653816223, 0.42855513095855713, 0.6285015344619751, 0.46209844946861267, 0.5540831685066223, 0.5720820426940918, 0.5366632342338562, 0.8251919150352478, 0.49377354979515076, 0.4788858890533447]","[[-0.00019112 -0.00085545 -0.00592669 ... -0.00509798 -0.01099258
  -0.00786698]
 [-0.00019494 -0.0009939   0.00289027 ... -0.00982687  0.00812143
   0.01368289]
 [ 0.01371952  0.02335554  0.02386474 ...  0.01711433  0.00764772
  -0.00385932]
 [ 0.00525633  0.00552415  0.01402076 ... -0.01649865 -0.00996251
   0.00629292]
 [ 0.0020399   0.00302236  0.00665348 ...  0.00949219  0.01042371
   0.00371929]
 [ 0.00069215  0.00130489 -0.00045485 ...  0.00094033  0.00590038
   0.00459829]]",109.9567819,-61.09304
country,67,679.5714653,25410.717,"[0.5219380259513855, 0.5184633731842041, 0.46475717425346375, 0.4973525106906891, 0.47165486216545105, 0.5817732810974121, 0.45866858959198, 0.4534261226654053, 0.5707933902740479, 0.5048946738243103, 0.5335808992385864, 0.4561749994754791]","[[ 4.63309905e-04 -4.57660293e-04 -4.87370683e-04 ...  9.38398631e-04
   5.75803424e-04  6.04070630e-04]
 [-2.60561527e-03 -3.04779663e-03 -3.37364487e-03 ... -3.65627947e-03
  -4.16607783e-03 -2.29906621e-03]
 [ 6.95335865e-03  7.40472227e-03  9.76732373e-03 ...  6.87109679e-03
   6.83770329e-03  6.20381534e-03]
 [ 3.39284539e-04 -5.77270985e-05 -2.18752772e-03 ...  6.02021068e-03
   5.11138886e-03  1.74080580e-03]
 [ 2.84625983e-03  1.65344483e-03  1.19160196e-03 ... -2.34460571e-03
  -1.94053756e-03  6.68003246e-04]
 [ 2.12367624e-04  8.62486660e-04  1.84445828e-03 ...  3.93394753e-03
   3.33371386e-03  7.15166330e-04]]",129.1992188,-105.2696
country,68,773.5889719,37179.23,"[0.4321795105934143, 0.6054350733757019, 0.6412667036056519, 0.4825814366340637, 0.5230754613876343, 0.4789237976074219, 0.6453979015350342, 0.4678363502025604, 0.49192288517951965, 0.6508369445800781, 0.5367920398712158, 0.46943336725234985]","[[ 3.25563595e-04 -1.21065633e-03 -3.06700434e-03 ...  4.46034959e-03
   3.52245813e-03  2.80288758e-03]
 [-5.12933729e-03 -2.18806419e-03  2.12422416e-03 ... -6.96507657e-03
  -4.58329681e-03 -5.95604896e-03]
 [ 1.23133734e-02  1.36109740e-02  1.69965997e-02 ...  1.46121308e-02
   1.22355372e-02  1.12613514e-02]
 [ 3.38189304e-03  5.24894893e-03  7.19748437e-04 ...  2.50599086e-02
   2.44170576e-02  1.87551528e-02]
 [ 3.16076233e-03  2.15157917e-03  3.82191313e-03 ...  4.32974542e-03
   2.96288682e-03  2.72202225e-03]
 [ 9.45813954e-05 -1.50254928e-03 -1.38916448e-03 ...  9.64393839e-04
   2.09251791e-03  1.22365169e-03]]",112.3471467,-106.854126
country,69,877.0773481,30637.486,"[0.34801745414733887, 0.5447000861167908, 0.7369681000709534, 0.4367234408855438, 0.44080841541290283, 0.3777131736278534, 0.5572066903114319, 0.5100758671760559, 0.4672516882419586, 0.6977928876876831, 0.4537685215473175, 0.478958398103714]","[[-9.94714739e-03 -1.19307064e-02 -1.24368614e-02 ... -5.33139875e-03
  -7.08500003e-03 -6.83483347e-03]
 [ 5.85577575e-04  7.42491805e-04 -1.51979757e-03 ... -5.31840029e-03
  -5.25945937e-03 -4.41997761e-03]
 [ 1.50010586e-02  1.33322105e-02  1.96938217e-02 ... -7.86110759e-04
  -4.63066250e-03 -1.38902068e-02]
 [ 5.91490418e-03  1.02585629e-02  1.00306049e-02 ...  4.49477136e-03
  -4.04819846e-04  4.57611680e-03]
 [ 5.33364730e-03  5.62937333e-03  5.14962508e-03 ...  1.91294068e-03
   1.91916724e-03  1.91195991e-03]
 [ 9.64002684e-04  6.60847872e-05 -6.31561503e-04 ... -1.09095760e-02
  -1.03095248e-02 -7.00540841e-03]]",114.84375,-110.07094
country,71,1113.579339,27104.35,"[0.3852596879005432, 0.45716777443885803, 0.6331626772880554, 0.45849859714508057, 0.49380919337272644, 0.40514618158340454, 0.5456481575965881, 0.5086605548858643, 0.47244274616241455, 0.5793303847312927, 0.48933446407318115, 0.6197627782821655]","[[-1.21761803e-03  1.30567532e-03  3.21910326e-04 ...  3.34510116e-04
   1.58854772e-03  1.62474374e-03]
 [ 3.82126440e-04 -1.71368822e-04 -2.15925412e-03 ...  2.24746000e-03
  -2.35817388e-05 -3.83139759e-03]
 [ 9.84005630e-03  1.17605552e-02  1.24748275e-02 ...  6.01383299e-03
   8.92610848e-03  7.94710219e-03]
 [ 7.62629509e-03  4.99220192e-03  1.64734572e-03 ...  1.13191828e-02
   4.99294698e-03  7.94612616e-03]
 [ 3.04159310e-03  1.79110016e-03  2.91552304e-03 ...  5.87758072e-03
   6.36933365e-03  5.77083235e-03]
 [ 1.93798169e-03  1.18276477e-03 -1.63748674e-03 ...  9.53912735e-04
   4.86316159e-04  9.54944640e-04]]",143.5546875,-76.45847
country,72,1415.824021,46995.598,"[0.471561074256897, 0.6949612498283386, 0.5887062549591064, 0.477755069732666, 0.5861862897872925, 0.5338205695152283, 0.6904146075248718, 0.5240130424499512, 0.5635237693786621, 0.7179242372512817, 0.5413217544555664, 0.4956093728542328]","[[ 2.66668084e-03  2.42806870e-03  3.80498910e-03 ...  6.18038470e-05
   3.49582569e-03  7.98857929e-03]
 [-2.73473364e-04 -2.20045097e-03 -2.77323426e-03 ... -9.14689970e-03
  -9.34419332e-03 -6.79990357e-03]
 [ 1.98895410e-02  1.29999369e-02  1.40710548e-02 ...  1.73951983e-02
   1.91768780e-02  1.22613981e-02]
 [-1.28480047e-03  1.13645867e-02  1.28441751e-02 ... -8.71346146e-03
  -1.57767907e-02 -1.39376596e-02]
 [ 2.63345349e-03  2.32195781e-03  2.56639055e-03 ... -1.02645621e-03
  -1.88525991e-03  1.75734124e-03]
 [-1.81185827e-03  6.83665276e-04  6.33513555e-04 ...  5.35920449e-03
   6.01522997e-03  3.31408903e-03]]",147.65625,-50.707153
country,74,1188.782401,34507.004,"[0.5510268807411194, 0.4991452693939209, 0.7062742114067078, 0.5321645140647888, 0.5171729922294617, 0.457893967628479, 0.633063018321991, 0.7402216196060181, 0.5349106788635254, 0.605308473110199, 0.5052241683006287, 0.6205039620399475]","[[-1.91991001e-04 -2.27800282e-03 -2.18041978e-03 ... -3.01560669e-04
  -1.50538623e-03 -2.02989083e-03]
 [-6.58968032e-03 -3.27652301e-03 -1.07258649e-03 ... -4.20332595e-03
  -1.48943583e-03 -3.87018492e-03]
 [ 1.01638809e-02  1.33588240e-02  5.05571067e-03 ...  1.31437331e-02
   1.01199150e-02  1.34500787e-02]
 [-4.28815931e-03 -7.98145682e-03 -5.35857677e-03 ...  1.88057274e-02
   2.23901644e-02  2.18435004e-02]
 [ 1.66920802e-03  1.22815799e-03  2.53708379e-03 ... -5.56837564e-03
  -4.07765047e-03 -1.06407365e-03]
 [-9.26181674e-05 -7.68909231e-04 -1.83513202e-03 ...  1.23674050e-03
   2.84406357e-03  4.35988791e-03]]",135.9991776,-97.48125
country,75,1730.318684,47948.99,"[0.4737046957015991, 0.5804319977760315, 0.5557174682617188, 0.6067818999290466, 0.8017565608024597, 0.5249854922294617, 0.5741612315177917, 0.6588473916053772, 0.5798938274383545, 0.7087197303771973, 0.5292226076126099, 0.50156170129776]","[[-0.00545482 -0.00646865 -0.00752646 ... -0.00553025 -0.00476811
  -0.00118995]
 [ 0.00584332  0.00728298  0.00010872 ... -0.00717072 -0.00368766
   0.00057152]
 [ 0.01126795  0.01249092  0.01801218 ...  0.00519719  0.00928769
   0.00380917]
 [ 0.00346989  0.01000733  0.00479372 ...  0.00237421  0.00415038
   0.00260189]
 [-0.00515415 -0.0052777  -0.00414241 ...  0.00240809  0.00103616
   0.00028991]
 [-0.00145926  0.00071323  0.00181056 ... -0.00246061  0.00095484
   0.00148842]]",129.1992188,-86.56186
country,78,798.444048,24112.344,"[0.519263744354248, 0.5768222212791443, 0.5226576328277588, 0.5752439498901367, 0.6390249133110046, 0.5024293661117554, 0.5342532396316528, 0.47298625111579895, 0.5811099410057068, 0.6022664904594421, 0.5493852496147156, 0.6300342679023743]","[[ 1.57993364e-04  1.70018526e-03  5.68232289e-03 ... -4.86709034e-03
  -6.68388099e-03 -1.94696831e-03]
 [-9.58752610e-04 -7.76171317e-05  1.87318647e-04 ...  2.69213429e-03
   3.42239404e-03  2.89640618e-03]
 [ 6.28933311e-03  7.70153850e-03  9.99066234e-03 ... -3.36843729e-03
  -2.06343830e-04 -5.71465492e-03]
 [ 7.42688775e-03  2.17750669e-03 -7.07656145e-04 ... -1.36954188e-02
  -1.13855600e-02 -8.31544399e-03]
 [ 2.98145680e-04 -5.05135192e-04 -1.00456970e-03 ... -3.51367914e-03
  -1.49183176e-03  9.80999107e-04]
 [ 4.42218035e-04  4.43005934e-04  1.93423219e-03 ... -1.31202303e-03
   2.57171690e-04 -5.21207228e-04]]",132.5120192,-110.93472
country,79,883.6266202,32955.047,"[0.572967529296875, 0.40546873211860657, 0.5054469108581543, 0.4104866683483124, 0.6118828654289246, 0.502275288105011, 0.4334491491317749, 0.6250537633895874, 0.41845250129699707, 0.5032827854156494, 0.3705626428127289, 0.4643423557281494]","[[-0.00108929 -0.00526797 -0.00360397 ... -0.00642706 -0.00408985
  -0.00293272]
 [-0.00509899 -0.00562779  0.00052303 ... -0.00302482 -0.00268388
  -0.00505801]
 [-0.0043409   0.00017298  0.00511613 ... -0.00157201 -0.00550423
  -0.00496331]
 [ 0.00847829  0.00807273  0.01429097 ...  0.0030688   0.00150385
   0.00214884]
 [ 0.00644507  0.00581888 -0.00127861 ...  0.00474368  0.00388941
   0.00287883]
 [ 0.0028849   0.00422864  0.00311551 ... -0.00332677  0.00114747
  -0.00075166]]",161.4990234,-85.6885
country,81,1546.469279,48827.95,"[0.5783070921897888, 0.5891294479370117, 0.5943976640701294, 0.6010525822639465, 0.7128573656082153, 0.5298544764518738, 0.5482639670372009, 0.5562922358512878, 0.6587730646133423, 0.7670100331306458, 0.6329132914543152, 0.6705588698387146]","[[ 0.00675755  0.00722057  0.00734719 ...  0.00060554  0.00019863
   0.00096484]
 [-0.0023249  -0.00087528  0.0021913  ...  0.0017711   0.0013099
  -0.00137093]
 [ 0.00472597  0.0022262  -0.00082868 ...  0.008169    0.00998448
   0.00533585]
 [ 0.00050193  0.00276412  0.00217755 ...  0.01004717  0.01276346
   0.00457446]
 [ 0.00671443  0.00258272  0.00186968 ...  0.00606688  0.00625868
   0.00668779]
 [ 0.00517046  0.00582012  0.00576108 ...  0.00115824  0.00262301
   0.00048701]]",90.66611842,-83.50801
country,82,1585.741691,47976.098,"[0.6282195448875427, 0.5948166847229004, 0.6863892674446106, 0.630874514579773, 0.6435365080833435, 0.5937713384628296, 0.6349964737892151, 0.7478946447372437, 0.6301155090332031, 0.6644063591957092, 0.6272681951522827, 0.6780139803886414]","[[-1.04045985e-04 -6.25439387e-04  7.13963419e-04 ... -2.01209065e-03
  -4.35843525e-05  6.49177408e-03]
 [-2.32205168e-03 -2.85996749e-03  1.41611237e-03 ... -4.62983907e-03
  -3.39067596e-03  3.15798744e-03]
 [ 9.70451534e-03  1.16189048e-02  3.11563909e-03 ...  2.47431844e-02
   2.26069093e-02  1.59416795e-02]
 [ 6.22043014e-03  3.36824358e-03  5.50086051e-03 ...  2.33629867e-02
   6.67989999e-03 -2.01300532e-03]
 [ 1.77429813e-03  3.18793658e-03  2.06053592e-03 ...  1.31999488e-03
   1.70282176e-03  2.54570741e-03]
 [-4.21289355e-04  2.41832808e-04  1.26600079e-03 ...  5.70712052e-03
   7.87013583e-03  3.76058370e-03]]",117.4538352,-74.52452
country,84,1430.5019,51047.734,"[0.5684466361999512, 0.5215691924095154, 0.6748051047325134, 0.5036582946777344, 0.545617401599884, 0.45836421847343445, 0.5072154998779297, 0.614045262336731, 0.5028347373008728, 0.6475343704223633, 0.5193868279457092, 0.6266966462135315]","[[-0.00110885 -0.00491783 -0.00709337 ... -0.00335671 -0.00555746
  -0.00538149]
 [-0.00519049 -0.00529806 -0.00455132 ...  0.00319766  0.00242134
  -0.0024446 ]
 [ 0.0026871   0.00131741 -0.00206526 ... -0.0055344  -0.00970998
  -0.00575367]
 [ 0.00964639  0.01141167  0.00938189 ...  0.01566397  0.00586636
   0.00872805]
 [ 0.00300472  0.00348516  0.00271501 ... -0.00114944 -0.00035625
  -0.00057852]
 [ 0.00413583  0.00395586  0.00376344 ... -0.00033293  0.00018017
   0.00262996]]",114.84375,-74.25037
country,85,1082.304248,44488.02,"[0.43030402064323425, 0.5213823914527893, 0.4768308997154236, 0.49330535531044006, 0.6804993152618408, 0.4992709159851074, 0.49755600094795227, 0.3998704254627228, 0.5344588160514832, 0.6633576154708862, 0.4921427369117737, 0.5611544251441956]","[[-4.34479367e-04 -3.94901061e-03 -7.65557937e-05 ...  1.06871445e-02
   1.12833520e-02  3.33591940e-03]
 [-1.46015145e-03 -9.88233007e-03 -1.62035774e-02 ...  1.35277740e-03
   1.26544454e-03  1.81905818e-04]
 [-3.68139893e-03 -8.77244771e-03 -5.91461360e-03 ...  2.09538192e-02
   1.32529289e-02  8.72281939e-03]
 [-9.51215625e-05 -1.34370327e-02 -2.41972134e-02 ... -4.88732755e-03
  -1.10844523e-03  1.29014254e-03]
 [ 5.34668113e-03  2.43713301e-03 -9.43749448e-04 ...  3.63319357e-03
   3.52968107e-03  1.94423800e-03]
 [-2.88674794e-03 -2.93481722e-03  1.20480172e-03 ... -2.97400355e-03
  -3.30439769e-03 -2.43628398e-04]]",147.65625,-105.32867
country,86,1153.598345,53726.414,"[0.6032241582870483, 0.529008150100708, 0.5909327268600464, 0.581307590007782, 0.5600098371505737, 0.6282692551612854, 0.5115057229995728, 0.5571025013923645, 0.5050557255744934, 0.6248239278793335, 0.6597989797592163, 0.5541355609893799]","[[ 5.13360658e-05  5.22397317e-03  5.26788758e-03 ... -5.80403648e-03
  -1.36435311e-03  1.87554668e-03]
 [-4.68846134e-03 -3.91023921e-03 -6.24954309e-03 ... -4.53899935e-03
  -6.30524528e-03 -4.70172083e-03]
 [ 3.46397609e-03  1.25812069e-02  1.52341276e-02 ...  2.12048963e-02
   1.79977641e-02  1.41214728e-02]
 [ 1.19616091e-03  3.99690121e-03  5.10916859e-03 ...  9.74441320e-03
  -1.64962560e-03 -5.12235612e-03]
 [ 7.50848734e-04  1.88113038e-03  2.91543270e-03 ...  7.05982671e-03
   6.19768389e-03  2.43622000e-03]
 [ 1.49894692e-03  2.09505856e-03  1.51703320e-03 ... -9.33803618e-04
  -2.21140683e-04  7.20473006e-04]]",117.4538352,-98.31781
country,87,1170.683311,39548.75,"[0.5071801543235779, 0.4495164155960083, 0.5521847009658813, 0.4442354738712311, 0.5758277177810669, 0.4247357249259949, 0.4874986410140991, 0.6683567762374878, 0.5088561773300171, 0.5651282668113708, 0.48086559772491455, 0.6178533434867859]","[[ 0.00098037  0.0034561   0.00217946 ... -0.00135948 -0.00398784
  -0.00582967]
 [-0.00634116 -0.00843673 -0.00699428 ... -0.00219391 -0.00317125
  -0.00313364]
 [ 0.01301911  0.0092985   0.00899401 ...  0.00124612  0.00242001
  -0.0041204 ]
 [ 0.00685334  0.01273882  0.01503863 ...  0.00421654  0.00409146
  -0.00053429]
 [ 0.00167492  0.00204505  0.00234512 ...  0.00265213  0.00248516
   0.00480743]
 [ 0.00343366  0.00569682  0.00187051 ...  0.00217685  0.00233402
   0.00050878]]",143.5546875,-92.01244
country,88,952.9513874,45398.008,"[0.49006742238998413, 0.5578077435493469, 0.46908608078956604, 0.5852491855621338, 0.6637270450592041, 0.5073516964912415, 0.5598912239074707, 0.48897096514701843, 0.6210381984710693, 0.5992959141731262, 0.5521910786628723, 0.6198953986167908]","[[-6.07610474e-04  6.02787555e-04  5.90350916e-03 ...  5.39214682e-03
   4.86418848e-03  3.55853434e-03]
 [-2.33200413e-03 -2.28344422e-03 -1.88253056e-03 ...  4.00154245e-03
   1.60551657e-03 -1.71665735e-03]
 [-1.24066323e-03 -9.37470049e-03 -6.85483217e-03 ... -7.11745024e-03
  -5.22441417e-03 -6.20259345e-03]
 [ 5.88816404e-03  7.79877603e-03  8.24446976e-03 ...  6.39928877e-03
   6.04750216e-03  2.41401792e-03]
 [ 1.51879953e-03  1.69782760e-03  2.81471731e-03 ...  6.41464558e-04
   6.62015426e-06  7.82691289e-04]
 [ 6.49200752e-04  5.00945933e-03  4.21987660e-03 ...  2.54194066e-03
   2.54577398e-03  2.14586966e-03]]",105.46875,-96.0898
country,89,847.8644552,37580.95,"[0.441498726606369, 0.5739077925682068, 0.5437570214271545, 0.4255034625530243, 0.4935287535190582, 0.4063335061073303, 0.44065821170806885, 0.37768468260765076, 0.5227169990539551, 0.7058365345001221, 0.4994126856327057, 0.5228102207183838]","[[-0.00354196  0.000206    0.0003957  ...  0.00702367  0.01097052
   0.00178679]
 [ 0.00052528  0.00250173  0.0048626  ...  0.0008024   0.00312154
   0.00460442]
 [ 0.01449513  0.00983429  0.01089063 ...  0.01387478  0.01301736
   0.0090931 ]
 [-0.00417686 -0.00106847  0.00615239 ...  0.00931029  0.0066274
   0.00557713]
 [ 0.00348032  0.00162675  0.00335504 ...  0.00268332  0.00304341
   0.000941  ]
 [ 0.00036263  0.00187512  0.00163528 ...  0.00117375 -0.00015382
   0.00159591]]",147.65625,-104.56405
country,91,1034.322489,39207.09,"[0.5543950200080872, 0.49542906880378723, 0.5992308259010315, 0.6559880375862122, 0.5129473805427551, 0.5899820327758789, 0.48241931200027466, 0.5701717734336853, 0.5076884627342224, 0.5303407311439514, 0.6160813570022583, 0.4825737178325653]","[[ 0.00368448  0.00292654  0.00092998 ...  0.00417021  0.00205068
  -0.00524332]
 [-0.00571191 -0.00578391 -0.00401855 ...  0.0016358  -0.00638198
  -0.00934174]
 [ 0.02041949  0.02116808  0.01956996 ...  0.02879705  0.03117516
   0.02168071]
 [ 0.00509435 -0.00039218 -0.00582844 ...  0.01629913  0.00900617
   0.00667074]
 [ 0.00245812  0.00562823  0.00772413 ... -0.00224527  0.00264159
   0.0044838 ]
 [-0.00119323  0.00053761  0.00250052 ... -0.00167901 -0.0050856
  -0.00138878]]",114.84375,-89.891304
country,92,1805.47491,50246.344,"[0.5398465991020203, 0.5688404440879822, 0.7020124793052673, 0.6612753868103027, 0.6971259713172913, 0.5315788984298706, 0.6135520339012146, 0.7517456412315369, 0.6483631730079651, 0.6562818884849548, 0.5743643045425415, 0.6247725486755371]","[[ 0.0060916   0.00709004  0.00509358 ... -0.00093118 -0.00075041
   0.00347185]
 [-0.0041825  -0.00643405 -0.00627957 ... -0.0034902  -0.00501466
  -0.00308049]
 [-0.00059725  0.00154562  0.00434835 ...  0.00506745  0.01410015
   0.00775626]
 [ 0.00964278  0.01351673  0.01342403 ...  0.00309244  0.00109643
   0.00491654]
 [ 0.00095731  0.0023114   0.00313602 ...  0.00011974  0.00151674
  -0.00097265]
 [-0.00564247 -0.00444564 -0.00586364 ...  0.00086759  0.0003104
   0.00124142]]",109.9567819,-67.77996
country,93,1226.101608,35885.758,"[0.30235809087753296, 0.3993675112724304, 0.5305680632591248, 0.39709538221359253, 0.4493506848812103, 0.3585013151168823, 0.49090340733528137, 0.5314227938652039, 0.43301281332969666, 0.5568950772285461, 0.4069266617298126, 0.43931499123573303]","[[-2.08284316e-04 -2.43666030e-03 -3.56318001e-03 ... -4.97478504e-03
  -6.20354927e-03 -2.87080859e-03]
 [ 7.42136156e-04  3.10558032e-03  3.07553822e-03 ...  9.89797243e-03
   9.61468494e-03  4.93305335e-03]
 [ 4.30437177e-03 -1.37329847e-03 -3.72800976e-03 ...  2.33363360e-02
   2.09326074e-02  1.80526301e-02]
 [ 5.55718690e-03  3.74273211e-03  3.05160880e-03 ...  1.05684549e-02
   1.18337572e-02  4.73456830e-03]
 [ 5.44646415e-05 -3.69238136e-04 -4.05013424e-04 ...  2.82412490e-03
   3.18703324e-03  3.79781990e-03]
 [ 2.73776427e-03  1.42195821e-03  3.29388119e-03 ... -2.81197391e-03
  -1.77023746e-03 -1.33371353e-03]]",126.0480183,-54.524765
country,94,917.7077123,47643.934,"[0.6335458755493164, 0.4622664451599121, 0.5350470542907715, 0.47347742319107056, 0.583685040473938, 0.5517029762268066, 0.5366870164871216, 0.7439965605735779, 0.5909005999565125, 0.6211114525794983, 0.4743095338344574, 0.5832579135894775]","[[ 3.46865337e-04 -2.41295679e-03 -2.83519743e-03 ... -4.80453395e-03
  -2.39221003e-03 -1.08172974e-03]
 [ 2.82847089e-03  2.44381755e-03 -1.14465510e-03 ... -4.17821833e-03
  -4.61965995e-03  1.47928879e-03]
 [ 8.36476684e-03  6.66265190e-03  6.42135739e-04 ... -6.74266368e-03
  -7.90453702e-03  3.46194953e-03]
 [-4.54242527e-03 -5.32454252e-03  4.69391048e-03 ...  7.23143667e-03
   1.20390579e-02  4.94410098e-03]
 [ 4.67801651e-04 -1.95442956e-05 -1.67293428e-03 ... -6.59531255e-04
  -8.62788058e-04  9.18536725e-04]
 [-3.84046324e-03 -4.51352820e-03 -9.84380022e-04 ...  1.29819661e-03
   1.74149871e-04 -1.38107687e-03]]",114.84375,-125.39162
country,95,1117.752744,42457.203,"[0.48692628741264343, 0.43924203515052795, 0.6400361657142639, 0.5248380303382874, 0.5059189796447754, 0.5750185251235962, 0.4712258279323578, 0.6088239550590515, 0.474496990442276, 0.5971145629882812, 0.5320191383361816, 0.43143579363822937]","[[-0.00068918 -0.00213333 -0.00055025 ... -0.0022216   0.00060802
   0.00177206]
 [-0.00217647 -0.00370872 -0.00440557 ... -0.00857973 -0.00922514
  -0.00914872]
 [ 0.00825377  0.00326492  0.00313932 ...  0.00973254  0.00375994
   0.00992103]
 [ 0.01680836  0.01611115  0.01415507 ... -0.00063533 -0.00644749
   0.00277013]
 [ 0.0011374  -0.00076304 -0.00223173 ...  0.00232034  0.00256084
   0.00155206]
 [ 0.00251653  0.00133603  0.00114222 ... -0.00160464 -0.00176925
  -0.00120507]]",120.1853198,-96.617226
country,96,1494.119584,43975.004,"[0.43236738443374634, 0.4615286886692047, 0.7534468770027161, 0.4657002389431, 0.44905126094818115, 0.3984566032886505, 0.5565988421440125, 0.6937512755393982, 0.48756515979766846, 0.626867949962616, 0.4642753601074219, 0.5549238324165344]","[[-0.01090883 -0.01239451 -0.01126413 ...  0.00154788  0.00084532
   0.00064546]
 [-0.00086234 -0.00342735 -0.00500351 ... -0.0002031   0.00618234
   0.00673733]
 [ 0.01806631  0.0139744   0.01543781 ...  0.00600605  0.00779545
   0.00796594]
 [ 0.01220525  0.0218921   0.01737364 ...  0.00670118  0.0181471
   0.01565044]
 [ 0.00459445  0.00354155  0.00134125 ...  0.00044536  0.00371368
   0.0025732 ]
 [ 0.00531556  0.00551116  0.00404957 ...  0.00597871  0.00584993
   0.00640151]]",114.84375,-79.73373
country,97,1036.709749,40301.832,"[0.5566310882568359, 0.4496825933456421, 0.5752682685852051, 0.45271673798561096, 0.5092421174049377, 0.6262697577476501, 0.47362983226776123, 0.5765488743782043, 0.5362037420272827, 0.6481471657752991, 0.5090368390083313, 0.45036134123802185]","[[-0.00571318 -0.00677207 -0.01156849 ... -0.00218769 -0.00101903
   0.00056578]
 [-0.00217392  0.00015722 -0.00050309 ... -0.01322619 -0.00736728
  -0.00366573]
 [ 0.01937834  0.02589402  0.02546787 ...  0.01069682  0.00794846
   0.00752123]
 [-0.00952922 -0.01402333 -0.01269701 ...  0.01366448  0.01069939
   0.01062132]
 [ 0.00136421  0.0008659  -0.00288313 ...  0.00230191  0.00390826
   0.00314812]
 [-0.0012994  -0.00191298 -0.0011282  ...  0.00231455  0.00132037
   0.0003163 ]]",112.3471467,-112.445885
country,98,1006.110506,38984.574,"[0.4934725761413574, 0.3586687445640564, 0.46084848046302795, 0.37959668040275574, 0.47547605633735657, 0.47602489590644836, 0.44189855456352234, 0.6121901273727417, 0.42815715074539185, 0.4770849943161011, 0.36628198623657227, 0.5030825138092041]","[[-3.76328353e-04 -3.09412322e-03 -5.13543244e-03 ...  1.91050873e-03
   7.16891664e-04 -3.77334567e-04]
 [-6.21674461e-03 -2.93032346e-03  3.30109800e-04 ...  8.32327245e-06
  -3.43028106e-03 -5.99250092e-04]
 [ 1.02130696e-02  7.36798346e-03  2.80998647e-03 ...  3.97786498e-04
   3.07250768e-03  4.42574173e-03]
 [ 9.27166641e-03  1.94579586e-02  2.41247937e-02 ...  1.87975615e-02
   1.74946189e-02  1.75470859e-02]
 [ 4.31019145e-03  4.07126260e-03  4.82662801e-03 ...  9.78021328e-04
   4.38030314e-04 -4.55971190e-04]
 [ 2.89077684e-03  3.31971236e-03  3.59375775e-03 ...  4.16810438e-03
   4.56349738e-03  3.00716981e-03]]",120.1853198,-78.44817
country,99,1644.966992,48175.617,"[0.5643548965454102, 0.694892168045044, 0.5524261593818665, 0.5894867777824402, 0.5586190223693848, 0.618903398513794, 0.7915647625923157, 0.5656715035438538, 0.6180092096328735, 0.5917547941207886, 0.6392459869384766, 0.6741542816162109]","[[ 0.00378398  0.00265468  0.00327841 ...  0.01932011  0.01666264
   0.01519988]
 [-0.00398886 -0.00417261 -0.00627351 ...  0.00600741  0.00693967
   0.00551605]
 [ 0.01486088  0.01800796  0.02059172 ...  0.02684861  0.02864137
   0.02195323]
 [ 0.01316268  0.01910354  0.0240169  ...  0.00035124 -0.0007659
  -0.00777662]
 [ 0.00609695  0.00435816  0.00222947 ... -0.00566168 -0.00660379
  -0.00494736]
 [ 0.00051039  0.00033609  0.00292463 ...  0.00178635  0.00342414
   0.00219193]]",147.65625,-100.006615
disco,1,3088.324137,60550.254,"[0.6302006244659424, 0.5595616102218628, 0.5788119435310364, 0.6207366585731506, 0.7370350956916809, 0.5970461368560791, 0.5689823031425476, 0.6059198975563049, 0.6552188992500305, 0.7039873003959656, 0.568976879119873, 0.6503239870071411]","[[ 0.00165749  0.0094833   0.01434883 ... -0.00875629 -0.01111476
  -0.00627395]
 [-0.00297443 -0.00370775 -0.00210362 ... -0.01060835 -0.0061337
  -0.00778147]
 [ 0.01725931  0.00913118 -0.00718097 ... -0.0024816  -0.01020303
  -0.00930277]
 [ 0.00880999  0.01052232  0.00379716 ...  0.02275295  0.01738992
   0.00927253]
 [ 0.00404779  0.00033077 -0.00335093 ...  0.00224065  0.00323936
   0.00293279]
 [-0.00012839  0.00328823  0.00419981 ...  0.00324606  0.00262734
   0.0035473 ]]",117.4538352,-88.88365
disco,2,2237.272316,56093.695,"[0.5815830230712891, 0.5829171538352966, 0.596367597579956, 0.5704757571220398, 0.7274134159088135, 0.6570782661437988, 0.7516703009605408, 0.6091451644897461, 0.5743082165718079, 0.6776514053344727, 0.5748284459114075, 0.6631607413291931]","[[-0.00034943 -0.00099367 -0.0028016  ... -0.00262283 -0.00417754
  -0.00631937]
 [ 0.00078035  0.00327884  0.00186571 ...  0.00406347  0.00513273
   0.00273679]
 [ 0.00828926  0.00800946  0.00833027 ...  0.00044331  0.00750024
   0.00654313]
 [ 0.00582333  0.00774924  0.00856539 ... -0.00892868 -0.01267027
  -0.01242946]
 [ 0.00269101  0.00312911  0.00476875 ...  0.00419378  0.00395861
   0.00244   ]
 [ 0.00143136  0.0004979   0.00027322 ... -0.00171978  0.00086518
   0.00138195]]",114.84375,-120.31948
disco,3,2180.547681,67912.63,"[0.8127624988555908, 0.6803747415542603, 0.6509358286857605, 0.6871812343597412, 0.6744771599769592, 0.6556337475776672, 0.5935980081558228, 0.7352800369262695, 0.672559380531311, 0.7782261967658997, 0.809977114200592, 0.7120262980461121]","[[ 6.62540188e-05  1.17708102e-03  3.40634808e-03 ... -3.78761697e-03
  -1.44176589e-03 -1.98115191e-03]
 [-5.88202274e-03 -4.81105794e-03 -2.02168169e-03 ... -1.21439466e-02
  -8.97795631e-03 -5.92323875e-03]
 [ 9.44119692e-03  1.29422322e-02  1.45733431e-02 ...  1.46781504e-02
   2.04354301e-02  1.90105811e-02]
 [ 3.20052356e-03 -1.02616102e-03  6.27382100e-03 ... -1.31037012e-02
  -8.07711482e-03 -1.25931427e-02]
 [-1.00590534e-03 -1.48630851e-05  1.51050498e-05 ... -5.28305732e-04
   1.02216537e-03  3.97925471e-04]
 [ 1.98161043e-03  1.54992752e-03 -3.30407917e-03 ... -1.01370178e-03
  -4.26718406e-03 -6.06314093e-03]]",126.0480183,-141.18604
disco,5,2238.233263,56261.527,"[0.627878725528717, 0.5493894219398499, 0.6250413060188293, 0.576822817325592, 0.7012804746627808, 0.6223399043083191, 0.6305575966835022, 0.7588768601417542, 0.667227029800415, 0.7156569361686707, 0.5783663988113403, 0.6363645792007446]","[[ 0.00138736 -0.00068754 -0.00509485 ...  0.00155533 -0.00176444
   0.0084159 ]
 [-0.01175968 -0.01656102 -0.01823713 ... -0.00886534 -0.01045644
  -0.00607122]
 [ 0.01479369  0.02234972  0.01990639 ...  0.02315407  0.01804101
   0.02022103]
 [-0.01128723 -0.0123169  -0.01086816 ... -0.00213024  0.00622958
   0.007214  ]
 [ 0.00316481  0.00131744  0.00364419 ... -0.00079216 -0.00365357
  -0.00216455]
 [ 0.00238959  0.00544648  0.00968419 ...  0.0030601   0.00133809
   0.00284459]]",143.5546875,-111.06976
disco,6,2466.681366,52952.793,"[0.6835514903068542, 0.7075843214988708, 0.6068997383117676, 0.7342867851257324, 0.6973389983177185, 0.5610062479972839, 0.6384064555168152, 0.7111875414848328, 0.8119820952415466, 0.6020541787147522, 0.659824788570404, 0.7238240242004395]","[[ 0.00840001  0.01137011  0.01144792 ...  0.00660738 -0.00165374
  -0.0010326 ]
 [-0.00296315 -0.00783328 -0.00990732 ...  0.00261571  0.00357458
   0.00253635]
 [ 0.00521154  0.0043722   0.00582782 ...  0.01486945  0.01744996
   0.01478363]
 [ 0.01687828  0.02417298  0.02172832 ... -0.01555464 -0.00200333
  -0.0043442 ]
 [ 0.00425911  0.00544811  0.00564317 ...  0.00358496  0.0015806
   0.00108049]
 [ 0.00181972  0.0025898   0.00183075 ... -0.00751219 -0.00698474
  -0.00643437]]",123.046875,-116.17878
disco,7,2310.366103,65832.02,"[0.6490232348442078, 0.7201974987983704, 0.6269354224205017, 0.6318610310554504, 0.7141808867454529, 0.6640251278877258, 0.660815954208374, 0.5918802618980408, 0.6721059679985046, 0.731364369392395, 0.6224905848503113, 0.6885371804237366]","[[ 0.00127515  0.00169845  0.00575533 ... -0.00707633 -0.00753121
  -0.00564353]
 [-0.00558257 -0.0067121  -0.00509631 ...  0.00374914 -0.00105604
  -0.00131943]
 [ 0.01380987  0.01546218  0.01811486 ...  0.03329767  0.02491275
   0.01211776]
 [ 0.0043291  -0.0057711  -0.00272049 ...  0.01688951  0.0199653
   0.01331253]
 [ 0.00167803  0.00356379  0.00401821 ...  0.00209129  0.00095247
   0.00292556]
 [-0.00018369 -0.00022545  0.0004208  ... -0.00036797  0.00107354
  -0.00040413]]",129.1992188,-105.91098
disco,8,2770.793099,55668.906,"[0.6208578944206238, 0.7026495933532715, 0.5915083885192871, 0.6334652304649353, 0.5844776034355164, 0.7054224014282227, 0.6833760738372803, 0.6077857613563538, 0.7464004755020142, 0.6486318111419678, 0.668772280216217, 0.609664261341095]","[[ 0.00628788  0.00875558  0.01134993 ...  0.01146203  0.01735067
   0.01508532]
 [ 0.00036992 -0.00172853 -0.00190075 ... -0.00755186  0.00150304
   0.0100728 ]
 [ 0.00836465  0.01018711  0.00476982 ...  0.01531321  0.02467336
   0.01819434]
 [ 0.00975116  0.00915099  0.00843541 ...  0.01958049  0.03361282
   0.02552715]
 [ 0.00385127  0.00590987  0.00393634 ...  0.00228994 -0.00083743
  -0.00448297]
 [-0.00311599 -0.00166106 -0.00065939 ... -0.00339102 -0.00676425
  -0.00493064]]",123.046875,-72.87964
disco,9,2957.562234,70742.45,"[0.7516193389892578, 0.6831192970275879, 0.7489282488822937, 0.7106537818908691, 0.6526245474815369, 0.745887815952301, 0.6146370768547058, 0.6687121987342834, 0.5656518340110779, 0.6097193360328674, 0.7130357027053833, 0.7055211663246155]","[[ 7.72222669e-03  4.63607053e-03  2.04475330e-03 ...  4.21129554e-03
   5.04647425e-03  4.13070175e-04]
 [-8.04825774e-03 -7.47639232e-03 -2.78895734e-03 ... -6.12361133e-03
  -4.31101033e-03 -2.68071536e-03]
 [ 5.76822460e-03  7.08290190e-03  6.22368604e-03 ...  1.52851343e-02
   2.06855088e-02  2.20388323e-02]
 [ 1.64973736e-03  6.87526166e-03  5.06968051e-03 ...  9.63245332e-03
   7.19258934e-03 -1.07188523e-03]
 [ 2.92388856e-03  2.34327329e-03  8.93433694e-04 ... -7.27362027e-04
  -2.41546910e-03 -1.57825510e-05]
 [ 3.42412665e-03  4.39127721e-03  3.54368053e-03 ...  2.27815844e-03
   3.33699770e-03  3.64841521e-03]]",129.1992188,-75.174644
disco,11,1881.45975,55206.59,"[0.6255441308021545, 0.5335429906845093, 0.5590775012969971, 0.5809125304222107, 0.6603898406028748, 0.554945170879364, 0.5314395427703857, 0.6802989840507507, 0.6878057718276978, 0.8078048825263977, 0.7070415616035461, 0.6899874806404114]","[[-0.00296253 -0.00474919 -0.00326964 ...  0.00139471  0.00023851
  -0.00295698]
 [-0.00449939 -0.00500997 -0.00457517 ...  0.00267572  0.00084896
  -0.00584324]
 [ 0.00874551  0.00376824 -0.00047934 ...  0.01591533  0.02305017
   0.02116246]
 [-0.00292624  0.00518107 -0.00015698 ... -0.00270514 -0.00402562
   0.00727963]
 [ 0.00196757  0.00130092  0.00242626 ...  0.00570852  0.00493075
   0.00141811]
 [-0.00436763 -0.00614473 -0.00315092 ... -0.00284519 -0.00410524
  -0.00250724]]",126.0480183,-116.839325
disco,13,2278.156088,52581.79,"[0.5972077250480652, 0.6391788125038147, 0.6892620921134949, 0.697176992893219, 0.8070713877677917, 0.7242621779441833, 0.6670031547546387, 0.6789038777351379, 0.6624008417129517, 0.6807053089141846, 0.6432008743286133, 0.7127957940101624]","[[ 0.00099418  0.00228872  0.00339654 ... -0.00059196 -0.00040191
   0.00047082]
 [-0.00030647  0.00111375  0.00194916 ...  0.01103405  0.00861924
  -0.00057131]
 [ 0.00543785 -0.00124868 -0.00580312 ... -0.00138498  0.00102656
   0.0030776 ]
 [ 0.00671206  0.00313351 -0.00017458 ...  0.01532412  0.01090309
   0.01561362]
 [ 0.00130538  0.00142666 -0.00078306 ... -0.00072367  0.00193862
   0.00635095]
 [-0.00067282  0.00071892 -0.0005748  ...  0.00168528  0.00031147
  -0.00126463]]",120.1853198,-128.56032
disco,14,2247.154772,55460.723,"[0.7818973660469055, 0.5627856850624084, 0.5636205673217773, 0.6038805842399597, 0.5945770740509033, 0.7582424879074097, 0.5944741368293762, 0.6603409647941589, 0.6822898983955383, 0.6759421825408936, 0.7651937007904053, 0.6416205167770386]","[[ 0.01145024  0.01180096  0.01166204 ...  0.00348155  0.00399281
   0.00278526]
 [-0.00020009  0.00113348 -0.00071277 ...  0.01187075  0.01086713
   0.00756177]
 [ 0.01137547  0.0226369   0.02580196 ... -0.00761014 -0.00653978
  -0.00224612]
 [ 0.00177258 -0.00044107  0.00145844 ...  0.01830789  0.01713055
   0.01463406]
 [ 0.00318555  0.00072496  0.00365654 ...  0.00357123  0.0025243
   0.00325147]
 [-0.00876032 -0.00947052 -0.0090529  ... -0.00596042 -0.00634573
  -0.00517652]]",139.6748311,-129.55934
disco,15,1324.174418,59074.44,"[0.5921167135238647, 0.5616182088851929, 0.7058514952659607, 0.597256600856781, 0.7302387356758118, 0.5643554329872131, 0.6531042456626892, 0.6764060854911804, 0.5637374520301819, 0.6945915818214417, 0.5355638265609741, 0.7011213898658752]","[[-2.14048389e-03 -1.71570855e-03 -5.23963269e-04 ... -4.52627969e-03
  -2.20086410e-03  3.34598584e-03]
 [ 1.93882468e-03 -1.78988688e-03 -1.52095089e-03 ...  5.75347493e-03
   1.31781995e-03  2.71973374e-05]
 [-1.19776279e-03 -2.12554634e-03 -4.95798886e-03 ...  3.62288952e-03
   1.87557191e-03  3.02305818e-03]
 [-1.83828920e-03 -9.24104452e-03 -1.72714591e-02 ... -1.16020441e-04
   5.28199971e-03  9.54925269e-03]
 [ 4.18811864e-04 -1.69830508e-03 -2.02415733e-03 ... -4.68553032e-03
  -3.82929144e-03 -3.24738246e-03]
 [ 9.36612487e-04 -6.32988289e-04 -3.26889567e-03 ...  3.05103138e-04
  -3.85784917e-03 -4.01324965e-03]]",120.1853198,-106.50666
disco,16,1555.855066,57577.72,"[0.6196956634521484, 0.6952113509178162, 0.6492556929588318, 0.654360294342041, 0.7241635918617249, 0.6036263704299927, 0.6368218660354614, 0.5873281359672546, 0.6189743280410767, 0.6979040503501892, 0.6425504684448242, 0.6711541414260864]","[[-0.01087926 -0.0156439  -0.00926323 ...  0.00017325 -0.006767
  -0.00860875]
 [ 0.0116091   0.01205629  0.01383831 ...  0.00202147  0.00206752
   0.00446367]
 [ 0.00577911  0.00374349 -0.00179516 ... -0.00016385 -0.00605608
  -0.00662085]
 [-0.00252313 -0.00635783 -0.00660489 ...  0.01143146  0.01027039
   0.00744043]
 [ 0.00376646  0.00430968  0.00238908 ... -0.00245224  0.00015689
   0.00114675]
 [-0.0005827   0.00163261  0.00261977 ... -0.00258074  0.00174173
  -0.00047129]]",123.046875,-128.0632
disco,17,1803.215364,63652.2,"[0.694697916507721, 0.5874970555305481, 0.7190895676612854, 0.6699934601783752, 0.6136544346809387, 0.6591160297393799, 0.5927553772926331, 0.7189210653305054, 0.5695146322250366, 0.5474351048469543, 0.7135347723960876, 0.5874128341674805]","[[ 0.00319062  0.00709889  0.00840456 ...  0.00883524  0.00861506
   0.00426825]
 [ 0.00145295  0.00536665  0.0031188  ... -0.00259213 -0.00164408
   0.001713  ]
 [ 0.0004205  -0.00390244  0.00161818 ... -0.00655259 -0.00861134
  -0.00656457]
 [ 0.02108639  0.02260505  0.01116018 ...  0.02192198  0.017628
   0.01472683]
 [ 0.00079367  0.00196479  0.00510946 ...  0.00384966  0.00467202
   0.0050045 ]
 [-0.00276776 -0.0024178  -0.0045824  ...  0.00046199  0.00076885
  -0.00055089]]",123.046875,-66.27133
disco,19,1723.842995,61515.215,"[0.5958929061889648, 0.5717979073524475, 0.7009586095809937, 0.6676754951477051, 0.6089553833007812, 0.6689293384552002, 0.5672954320907593, 0.6752996444702148, 0.6037483811378479, 0.7199056148529053, 0.7878251075744629, 0.6028878092765808]","[[-0.00100101 -0.00253772 -0.00048055 ...  0.00278569  0.00498235
   0.00305495]
 [-0.00311103 -0.00414201 -0.0036359  ... -0.01242163 -0.01420587
  -0.01587414]
 [ 0.01307566  0.00267607 -0.00038064 ...  0.01359608  0.01419657
   0.01500568]
 [ 0.01488546  0.01599716  0.01219381 ...  0.00806552  0.0073977
   0.00298059]
 [ 0.00378176  0.00019699 -0.00202338 ...  0.00189507  0.00207091
   0.00245177]
 [ 0.00149587  0.00028492  0.00173085 ...  0.00427395  0.00533646
   0.000385  ]]",117.4538352,-101.059944
disco,20,1645.635663,60054.613,"[0.5414316654205322, 0.5697586536407471, 0.5229668617248535, 0.5995782017707825, 0.4719194769859314, 0.4331543743610382, 0.5559625029563904, 0.4520868957042694, 0.5041598081588745, 0.5163551568984985, 0.590299665927887, 0.7373618483543396]","[[ 2.77910555e-04  1.93980455e-03  5.15272165e-03 ...  9.52162301e-03
   9.31958571e-03  7.50112124e-03]
 [-3.00983230e-03 -2.83049845e-03 -3.58631685e-03 ... -6.79008153e-03
  -5.07068304e-03 -2.00741967e-03]
 [ 8.98011774e-03  1.26196891e-02  1.24279037e-02 ...  7.73225725e-03
   8.30308348e-03  1.44103840e-02]
 [ 5.06185740e-03  5.62550873e-03  5.28498739e-03 ... -2.27264315e-02
  -1.37972683e-02 -4.57443297e-03]
 [ 2.56648089e-03  1.72857648e-03  1.76330970e-03 ... -2.22433634e-03
  -1.92816832e-03 -2.74433140e-04]
 [-9.88034531e-04 -9.87723470e-05  1.46291777e-03 ...  5.76285087e-03
   5.55369258e-03  4.83678654e-03]]",105.46875,-93.56678
disco,21,1672.918062,64842.246,"[0.8558281660079956, 0.6690699458122253, 0.6644487380981445, 0.6289483904838562, 0.6381813287734985, 0.5225724577903748, 0.5246289372444153, 0.6994630098342896, 0.5819939374923706, 0.5939747095108032, 0.6350217461585999, 0.7154099345207214]","[[ 0.00950264  0.01130772  0.00427331 ... -0.00236356 -0.00407246
  -0.00412339]
 [-0.00454894 -0.01591254 -0.01001881 ... -0.00475883 -0.00561199
  -0.00504175]
 [ 0.01024731  0.02138762  0.01910081 ...  0.00168611  0.01914074
   0.0195987 ]
 [ 0.00635699  0.00406598 -0.00905918 ...  0.01455779  0.00978917
   0.00162981]
 [ 0.00438352  0.00245603 -0.00155227 ...  0.0005342  -0.00169477
  -0.00190754]
 [ 0.00632497  0.00839214  0.00021267 ... -0.00072283  0.00224102
   0.00360655]]",109.9567819,-113.4743
disco,23,2430.147124,56644.836,"[0.6983370184898376, 0.6202641129493713, 0.6518440842628479, 0.6716763377189636, 0.6298337578773499, 0.6763926148414612, 0.6651752591133118, 0.7681999206542969, 0.7032356858253479, 0.6681485176086426, 0.6778612732887268, 0.6233316659927368]","[[ 0.00033936  0.00117046  0.00283938 ... -0.00167633 -0.0020638
   0.00312468]
 [-0.00144975 -0.00440024 -0.00608748 ... -0.01094319 -0.00927492
  -0.00785429]
 [ 0.00097354  0.00502956  0.00586914 ... -0.0075483  -0.00965433
  -0.00463834]
 [ 0.00697222  0.00578488  0.0029997  ...  0.00744185  0.02142856
   0.02182528]
 [ 0.00107459  0.00181568  0.00074877 ... -0.00111302 -0.00028663
   0.00133385]
 [ 0.00210115  0.0018434   0.00189242 ... -0.00402489 -0.00618479
  -0.00567579]]",114.84375,-89.93529
disco,24,1878.23034,58932.594,"[0.5471101403236389, 0.6043201088905334, 0.494248628616333, 0.5767090916633606, 0.5101224184036255, 0.6634488701820374, 0.7162727117538452, 0.5844472050666809, 0.7137982249259949, 0.5421309471130371, 0.6269254088401794, 0.5300371050834656]","[[ 0.00922177  0.00922184  0.0087724  ...  0.00948329  0.0094423
   0.00475908]
 [ 0.0026334   0.0036295   0.00404261 ... -0.00682326 -0.00555901
  -0.00359374]
 [-0.00035406 -0.00169254  0.00075015 ...  0.00580063  0.00679361
   0.00305474]
 [-0.00198975  0.00264595 -0.00011718 ...  0.00591606  0.00337828
   0.00639124]
 [ 0.00104068  0.00453616  0.00377712 ...  0.00437695  0.00451891
   0.00499838]
 [ 0.00363733  0.00103242  0.00219602 ...  0.00102197  0.00214876
   0.00378799]]",129.1992188,-83.03989
disco,25,1669.75044,70185.97,"[0.7389316558837891, 0.688323974609375, 0.578047513961792, 0.5202755928039551, 0.48622041940689087, 0.6390604376792908, 0.5329334735870361, 0.6050337553024292, 0.6127636432647705, 0.5376003384590149, 0.5603024959564209, 0.5265789031982422]","[[ 1.65835347e-03  2.84719865e-04  1.86894630e-03 ... -7.42734022e-03
  -1.07322976e-03 -1.72208612e-05]
 [-6.77472576e-03 -7.08534057e-03 -9.98177278e-03 ... -1.37435797e-02
  -9.58398731e-03 -6.41401267e-03]
 [ 1.64579973e-02  1.95978805e-02  1.52738392e-02 ... -1.55159086e-02
  -1.20203346e-02 -1.17454380e-02]
 [-3.72276455e-03 -4.20341641e-03 -1.13919377e-03 ...  2.54998356e-03
  -6.24008477e-03 -1.13608614e-02]
 [ 1.30863867e-03  1.31886894e-03  1.04026433e-03 ...  1.37012642e-02
   1.31814530e-02  1.34637258e-02]
 [ 7.09211454e-04  9.35047865e-07 -7.56772235e-04 ...  8.18987750e-03
   5.32351620e-03 -3.51620838e-04]]",123.046875,-86.46358
disco,26,2101.68635,65383.5,"[0.6298574805259705, 0.5788679122924805, 0.6777728199958801, 0.5768498778343201, 0.6207848191261292, 0.6746792793273926, 0.596328854560852, 0.6980772614479065, 0.6136782765388489, 0.6629631519317627, 0.6515319347381592, 0.5943753719329834]","[[-0.00104186 -0.00187079 -0.00412355 ...  0.00014485  0.00344384
   0.00594981]
 [-0.00412082 -0.00218813 -0.00132862 ... -0.00689003 -0.00315749
  -0.00285577]
 [ 0.00277547  0.00292812  0.00454745 ...  0.02177159  0.01448258
   0.01772495]
 [-0.00479948 -0.00500054 -0.00718376 ...  0.00977466  0.00511893
   0.00178072]
 [ 0.00017316  0.00070452 -0.00087256 ...  0.00170417  0.0011455
   0.00593334]
 [ 0.00196326 -0.00070926 -0.00339506 ...  0.00026091  0.00069843
   0.00275528]]",120.1853198,-93.81073
disco,27,1649.977981,76143.445,"[0.6485443711280823, 0.6839945316314697, 0.7157161831855774, 0.7141242623329163, 0.7478619813919067, 0.6754233241081238, 0.6593302488327026, 0.6660621762275696, 0.7084802985191345, 0.774972677230835, 0.7500997185707092, 0.7126497626304626]","[[ 1.51119802e-03  2.04782059e-03  6.17157732e-03 ...  7.87943539e-03
   6.26237434e-03  3.60962305e-03]
 [-2.27996793e-03 -9.84175285e-04 -1.66332571e-03 ... -5.50617145e-03
  -2.17978730e-03 -7.04957044e-04]
 [ 6.81273639e-03  6.61469996e-03  1.06495842e-02 ...  1.84423625e-02
   1.01620853e-02  4.63649631e-03]
 [ 4.66749072e-03  3.85233015e-03 -8.15629959e-04 ...  1.83334500e-02
   1.98742822e-02  1.01002306e-02]
 [ 2.15804447e-03  1.28148055e-03 -6.05169852e-05 ... -3.90771382e-03
   2.67040311e-03  2.96411277e-03]
 [ 1.02790259e-03  9.75368544e-04  1.54521316e-04 ...  1.27188303e-03
   1.63454749e-03  5.94660640e-04]]",112.3471467,-126.717
disco,28,3365.780289,56821.926,"[0.6649935841560364, 0.7184089422225952, 0.8101524114608765, 0.7353907227516174, 0.7252299785614014, 0.6933498978614807, 0.6809536218643188, 0.7650102376937866, 0.6872049570083618, 0.6958497166633606, 0.7027269601821899, 0.6353393197059631]","[[-4.83718577e-03 -4.91230537e-03 -6.32523970e-03 ... -5.62238013e-03
  -7.63454610e-03 -6.10279742e-03]
 [-4.44946820e-03 -3.63091290e-03 -4.98496098e-03 ... -4.93113501e-03
  -7.34798809e-03 -4.48507954e-03]
 [-8.63620639e-03 -1.02945417e-02  1.55031681e-04 ...  8.21112096e-03
   7.98746198e-03  1.78444386e-03]
 [-7.12797046e-05  4.24458086e-03  1.22009218e-03 ...  1.18052140e-02
   1.14472359e-02  2.01394856e-02]
 [ 1.43375378e-03  4.46416166e-03  2.41530457e-03 ... -3.48380134e-03
  -4.36827588e-03 -2.05681934e-03]
 [-6.50574267e-03 -8.42407905e-03 -5.46681508e-03 ...  1.24372169e-03
   1.31315365e-03  8.04787502e-04]]",123.046875,-111.19061
disco,29,2244.353034,57886.14,"[0.5800175070762634, 0.6373557448387146, 0.5957897901535034, 0.6864112019538879, 0.6931034326553345, 0.6118939518928528, 0.6634316444396973, 0.6055708527565002, 0.6266075968742371, 0.5516976714134216, 0.5888841152191162, 0.5883769989013672]","[[-0.00332047 -0.00612633 -0.0056636  ... -0.00282896 -0.00565243
  -0.00728771]
 [ 0.00071652 -0.00197149 -0.00185887 ... -0.00791047 -0.00827902
  -0.01026155]
 [ 0.00223829  0.00376419 -0.00214498 ...  0.00266507  0.00051146
   0.0047238 ]
 [ 0.00439886  0.01199021  0.00635177 ... -0.00587411 -0.01039945
   0.00074878]
 [ 0.00562904  0.00230357  0.00274737 ...  0.00212006  0.00319787
   0.00320412]
 [-0.00380976  0.00013606  0.0024747  ...  0.00192667  0.00258155
   0.00377559]]",105.46875,-71.47722
disco,32,2105.794085,64904.805,"[0.6155384182929993, 0.5168536901473999, 0.5880879759788513, 0.5447665452957153, 0.6597005724906921, 0.6378348469734192, 0.5181381106376648, 0.5423469543457031, 0.5785982608795166, 0.7877271175384521, 0.47064122557640076, 0.4968315660953522]","[[ 0.00035578  0.00048637  0.00112925 ...  0.00680321  0.00751216
   0.00353183]
 [-0.00158949 -0.00169732 -0.00327467 ... -0.00047921 -0.00264761
  -0.00223515]
 [ 0.00423554  0.00609235  0.0117404  ... -0.00471059 -0.00239641
   0.00379851]
 [ 0.00577411  0.00778302  0.0083777  ...  0.01341257  0.01222406
   0.01238806]
 [-0.00123145 -0.00189748 -0.00256574 ...  0.00439317  0.00563137
   0.00532781]
 [-0.00114458  0.00084037 -0.00035536 ... -0.01271013 -0.01083226
  -0.00706297]]",109.9567819,-68.70167
disco,34,2872.221803,50445.68,"[0.551478385925293, 0.6605799794197083, 0.7255457639694214, 0.5991387367248535, 0.6153590679168701, 0.5723441243171692, 0.7025777101516724, 0.630784273147583, 0.5817842483520508, 0.6331858038902283, 0.5350200533866882, 0.6017072200775146]","[[-1.63183090e-03  2.71041835e-03  5.79673307e-03 ... -7.88329731e-04
   3.52422668e-03  2.13027618e-03]
 [-7.40795028e-03 -5.67751609e-03 -2.80992890e-03 ...  9.08934159e-04
  -1.08667637e-03  4.53281881e-05]
 [-1.56351179e-03  4.46151942e-03 -8.54812562e-04 ...  2.09854096e-02
   1.68948174e-02  1.75952017e-02]
 [ 1.23419613e-03 -2.41281092e-03 -5.45255840e-03 ...  1.06906965e-02
   1.08137876e-02  1.18485317e-02]
 [-2.15353425e-03 -2.19311322e-03  5.85383592e-04 ...  2.28341445e-03
   4.24019267e-03  4.00489975e-03]
 [-1.56044774e-03 -2.47423537e-03  4.48320061e-05 ...  2.26842239e-04
  -1.48708187e-03 -1.26203522e-04]]",129.1992188,-59.395786
disco,35,2981.390889,61408.93,"[0.5640628337860107, 0.5937021970748901, 0.6465054750442505, 0.8114565014839172, 0.6818059086799622, 0.6824865937232971, 0.6824411153793335, 0.6300764679908752, 0.6156444549560547, 0.5924692749977112, 0.7159086465835571, 0.5607423186302185]","[[ 0.00209969  0.00506252  0.00361008 ...  0.0049578  -0.0037767
  -0.0025173 ]
 [-0.00018501  0.00019694  0.00019065 ...  0.00087081  0.00155181
   0.00431751]
 [-0.0081347  -0.009563   -0.00298247 ... -0.01201951 -0.00771183
   0.0026474 ]
 [ 0.00952306  0.00545154  0.00542533 ... -0.00271726  0.00630423
   0.00495525]
 [-0.00109226 -0.00311423 -0.00264371 ...  0.00305251  0.00273821
   0.00062433]
 [-0.00085815 -0.00064688 -0.00273626 ... -0.00094347  0.00123719
  -0.00083747]]",123.046875,-103.58707
disco,36,2612.014133,58884.656,"[0.7191500663757324, 0.6295924782752991, 0.6854113936424255, 0.576372504234314, 0.6696427464485168, 0.7123709917068481, 0.6050321459770203, 0.7236515879631042, 0.6365736126899719, 0.7627975344657898, 0.6233092546463013, 0.6281410455703735]","[[-1.16743573e-03 -1.80946775e-03  1.82585428e-03 ... -1.04462406e-02
  -9.78445895e-03 -7.95200537e-03]
 [ 5.07402197e-04 -1.36271054e-03  3.63713544e-04 ...  8.41508492e-04
   5.05842251e-03  6.34272126e-03]
 [ 1.17406994e-02  8.73371959e-03  1.12919435e-02 ...  2.62287781e-02
   2.36008316e-02  2.16095895e-02]
 [-1.11366585e-02 -5.64941019e-03 -5.43761998e-03 ... -4.72024083e-04
  -4.08595055e-03 -6.85720891e-03]
 [ 2.64636795e-03  2.19454242e-03  4.62151937e-03 ...  8.20493918e-03
   1.00014755e-02  7.35326860e-03]
 [ 2.98768841e-03  1.07243657e-03  8.17701221e-06 ...  9.66589898e-04
   4.25430574e-03  4.64325026e-03]]",135.9991776,-112.01636
disco,37,3062.316933,53727.008,"[0.6691499352455139, 0.7740570902824402, 0.6980360746383667, 0.6901699304580688, 0.6959092617034912, 0.7349908947944641, 0.8298472762107849, 0.6801438927650452, 0.6450879573822021, 0.5937149524688721, 0.6592159271240234, 0.5671569108963013]","[[ 6.21084612e-04  2.99410943e-03  4.34969416e-03 ... -7.01195237e-06
   1.61084482e-03  2.44154585e-03]
 [ 7.30745696e-03  6.53995884e-03  2.62806315e-03 ... -1.44585186e-03
   5.86270235e-03  1.07015043e-02]
 [-8.92115384e-03 -3.46647203e-03 -4.97972220e-03 ... -9.12372023e-03
   8.35705549e-03  9.10661370e-03]
 [ 1.25242770e-02  1.80991665e-02  1.73835531e-02 ...  7.00845569e-03
   2.62019560e-02  2.62542143e-02]
 [-1.43384734e-03  2.93820319e-03  2.68203678e-03 ...  1.73672908e-03
  -2.18579943e-03  1.66507204e-04]
 [ 6.94831833e-04 -1.53870694e-03 -6.40967861e-04 ... -2.29930505e-04
  -2.63119489e-03 -4.01305221e-03]]",129.1992188,-104.021416
disco,38,2858.400981,58292.54,"[0.6778503656387329, 0.6162904500961304, 0.6446045637130737, 0.6107261776924133, 0.6658169031143188, 0.7303767800331116, 0.611319363117218, 0.6521506905555725, 0.5980191230773926, 0.5795090794563293, 0.5296633839607239, 0.5478334426879883]","[[ 6.31620142e-03 -2.20620917e-03 -3.25785759e-03 ...  5.23032024e-04
  -1.53174962e-03  8.11920690e-04]
 [-2.06026558e-03  7.90183820e-04  4.78818413e-03 ...  1.45727434e-03
  -4.71541486e-05  4.07716011e-03]
 [ 1.68194845e-02  1.39540285e-02  2.21928954e-03 ... -2.62759626e-03
  -6.31190836e-04  6.88593835e-03]
 [ 3.10222805e-03 -5.82760572e-03 -1.05427802e-02 ...  3.19400430e-03
   4.28090990e-03  1.07700974e-02]
 [ 4.76967274e-04  3.22897379e-03  1.47308756e-03 ...  5.28405744e-04
  -2.16329349e-04 -2.11418111e-03]
 [-4.90116328e-03 -2.81473063e-03 -6.96361065e-04 ... -4.28913161e-03
  -5.42123243e-03 -3.96448560e-03]]",123.046875,-70.59976
disco,40,1911.150245,58608.86,"[0.6173522472381592, 0.603923499584198, 0.7163410782814026, 0.5754486322402954, 0.6087996363639832, 0.6994239687919617, 0.6577794551849365, 0.744778573513031, 0.6048784852027893, 0.6352834701538086, 0.6224789619445801, 0.576455295085907]","[[ 0.00254989  0.00090987 -0.00103609 ... -0.00048667  0.00148876
  -0.00013266]
 [-0.00641083 -0.00639247 -0.00518895 ... -0.00392561 -0.00259504
  -0.00698289]
 [ 0.00809561  0.01011694  0.00756934 ... -0.01197509 -0.00944144
  -0.00875043]
 [ 0.00021981  0.00182652  0.00325637 ...  0.01600125  0.01983194
   0.01010536]
 [ 0.00352824  0.00440547  0.00375801 ... -0.00359519 -0.00362331
  -0.00244817]
 [ 0.00192353 -0.00048171 -0.00200021 ... -0.00386811 -0.00573484
  -0.00356703]]",139.6748311,-97.934105
disco,41,827.7622117,52339.617,"[0.42614325881004333, 0.5911855101585388, 0.6195966005325317, 0.48775923252105713, 0.6134369373321533, 0.4699544608592987, 0.5797344446182251, 0.5182176232337952, 0.5453746318817139, 0.740291178226471, 0.5045685172080994, 0.5089994072914124]","[[ 0.00623978  0.00498685  0.00405667 ...  0.00196155  0.00302801
   0.00167357]
 [-0.0017676  -0.00571157 -0.00307723 ... -0.00182825 -0.00421863
  -0.00448578]
 [ 0.0106955   0.0135472   0.01460484 ...  0.02288787  0.02705134
   0.02316743]
 [ 0.00184277 -0.00028156 -0.00191759 ...  0.02911948  0.0231308
   0.01382758]
 [ 0.00368128  0.00193542  0.00144706 ...  0.00496387  0.00160094
   0.00088204]
 [-0.00269009 -0.00199037 -0.00248656 ...  0.00890703  0.00615562
   0.00508098]]",105.46875,-96.85521
disco,42,1951.662801,53618.477,"[0.6064789891242981, 0.5553408265113831, 0.7900780439376831, 0.6132135987281799, 0.5985589027404785, 0.5176085233688354, 0.5908723473548889, 0.7606315612792969, 0.6331531405448914, 0.6408708691596985, 0.5701776742935181, 0.6429787278175354]","[[ 0.00074103 -0.0046551  -0.0046229  ...  0.00412679  0.00172655
   0.00042857]
 [-0.00319703 -0.00237273 -0.00180389 ...  0.00249295 -0.00137464
   0.00072712]
 [-0.00129583 -0.00263111 -0.00670732 ... -0.00546688 -0.00109055
   0.00586224]
 [ 0.00723636  0.01155287  0.01461576 ...  0.02433299  0.01830885
   0.01134698]
 [-0.00185967 -0.00390688 -0.00441109 ...  0.00268775  0.00152275
   0.00271313]
 [ 0.00434066  0.00589495  0.00561835 ... -0.00056327  0.00176756
   0.00225697]]",105.46875,-73.779625
disco,43,2040.298838,60140.023,"[0.6815171837806702, 0.5588162541389465, 0.6317071318626404, 0.5877732038497925, 0.6686529517173767, 0.5575996041297913, 0.5578201413154602, 0.6462258696556091, 0.6427327394485474, 0.7056518197059631, 0.6142799258232117, 0.6008392572402954]","[[-0.00147235 -0.0012998   0.00130394 ... -0.00203571 -0.00375628
   0.00072915]
 [-0.00203099  0.00072481  0.00043598 ... -0.00339395 -0.00016911
  -0.00104023]
 [ 0.01149121  0.00872806  0.009192   ... -0.01133109 -0.01835982
  -0.00800563]
 [-0.00715114 -0.01059923 -0.01054554 ...  0.02140888  0.01395269
   0.00151297]
 [ 0.00326881  0.00482119  0.0046253  ...  0.00479357  0.00300437
   0.00045548]
 [ 0.00180308  0.00096092 -0.00021864 ... -0.00083249 -0.00307187
  -0.00282947]]",129.1992188,-113.61667
disco,46,1807.46615,58375.66,"[0.5375687479972839, 0.5298519730567932, 0.6562511324882507, 0.5292118787765503, 0.49109694361686707, 0.5906539559364319, 0.5786306858062744, 0.7609084844589233, 0.5781797170639038, 0.5516853928565979, 0.5365799069404602, 0.5220131874084473]","[[-1.37784951e-03 -4.50984593e-03 -8.43152019e-03 ... -6.95597748e-03
  -5.26840810e-03 -3.35194220e-03]
 [-8.48924238e-03 -9.94088156e-03 -7.64682007e-03 ... -4.79873720e-03
  -5.85074221e-03 -5.86269111e-03]
 [ 1.55055970e-02  1.50509551e-02  1.41196698e-02 ...  1.61047429e-02
   1.31325722e-02  1.28775835e-02]
 [-2.26556510e-03 -1.78172439e-03 -3.66608053e-03 ...  1.31444782e-02
   1.11247078e-02  1.23621002e-02]
 [ 6.97912342e-03  9.03169063e-03  6.50460160e-03 ...  1.22769987e-03
  -9.99443270e-05  1.22332837e-03]
 [ 9.82781872e-04  1.38831884e-03  9.37609002e-04 ...  4.38327901e-03
   3.23295034e-03  1.79886818e-03]]",120.1853198,-78.535484
disco,47,1734.004137,30613.402,"[0.4180588126182556, 0.3283761441707611, 0.3739112913608551, 0.31713390350341797, 0.42137622833251953, 0.35967308282852173, 0.3996659815311432, 0.5171414017677307, 0.42820829153060913, 0.5033199191093445, 0.3533836305141449, 0.4214007258415222]","[[ 2.62853050e-05  2.13992623e-03  2.73342097e-03 ...  8.05141115e-03
  -2.74710872e-05 -2.96241915e-03]
 [-7.16502908e-04 -1.15860683e-04  2.27995854e-03 ...  1.18206634e-02
   1.04878004e-02  2.69255539e-03]
 [ 8.97765905e-03  9.58428532e-03  5.83630800e-03 ...  2.17435583e-02
   2.15232596e-02  1.42444149e-02]
 [-5.02724946e-03 -5.07790595e-03 -1.44940615e-03 ... -8.62894952e-03
  -1.88765675e-03  3.85362655e-03]
 [ 1.73032185e-03 -7.49451791e-04 -9.38290724e-04 ...  4.69149556e-03
   3.22195681e-03  2.10161185e-03]
 [-7.10351393e-04 -4.96800989e-04  1.42930076e-04 ... -1.83635205e-03
  -4.10712510e-03 -3.44411097e-03]]",126.0480183,-9.214442
disco,48,2625.469514,54293.555,"[0.5469075441360474, 0.5584400296211243, 0.7196085453033447, 0.6884680986404419, 0.7455460429191589, 0.6514257788658142, 0.6618939638137817, 0.553459882736206, 0.5516400933265686, 0.6396964192390442, 0.6137897968292236, 0.6860549449920654]","[[ 1.98010371e-03  6.28028700e-03  3.87192465e-03 ...  4.00834132e-03
  -1.02954353e-03 -2.87421133e-03]
 [-9.55002774e-04 -4.01798362e-03 -4.63652957e-03 ...  2.72701936e-03
   3.66428340e-03  3.37871181e-03]
 [ 1.12903491e-02  1.93214342e-02  1.16945654e-02 ...  1.53385550e-02
   1.70449093e-02  1.27743110e-02]
 [ 4.53834236e-03  3.92265618e-03 -1.06562674e-03 ...  4.35821712e-03
   2.93416530e-03 -1.80885941e-03]
 [ 4.05953215e-03  5.26033844e-03  4.99005097e-03 ...  6.73217747e-03
   6.03211874e-03  2.89402366e-03]
 [ 3.41305509e-04  1.57244503e-05 -1.70748681e-05 ... -6.56826422e-04
  -3.68789025e-03 -1.74168684e-03]]",135.9991776,-84.271
disco,49,2250.301901,52303.8,"[0.6568307280540466, 0.6092701554298401, 0.5801743268966675, 0.6663569211959839, 0.5542411208152771, 0.5728574991226196, 0.6901958584785461, 0.5871196389198303, 0.7416588664054871, 0.6489049196243286, 0.6726347804069519, 0.7533806562423706]","[[ 1.52178396e-02  2.04317249e-02  2.02449440e-02 ...  5.36294037e-03
   3.61330067e-03  8.12220077e-03]
 [-3.11540182e-04 -2.37543035e-03 -9.38322695e-03 ...  4.94487178e-04
   4.72435652e-05 -5.06502748e-04]
 [-6.44028187e-05 -2.98395753e-05  6.23405725e-03 ...  8.14787298e-03
   3.14722210e-03 -2.67875940e-03]
 [ 1.38141960e-03  3.91027331e-03  2.36190110e-03 ...  3.04470211e-03
  -1.25329942e-03  1.62831694e-03]
 [ 9.10507369e-03  9.44783443e-03  8.82583997e-03 ...  1.11888963e-02
   9.95595386e-03  5.63218012e-03]
 [-1.40114129e-03 -1.38631277e-03 -3.42772901e-03 ...  2.06719153e-03
   3.00655700e-03  3.32024880e-03]]",120.1853198,-102.72395
disco,50,1993.815959,50547.066,"[0.8068731427192688, 0.5933494567871094, 0.6356533765792847, 0.762788712978363, 0.6239427328109741, 0.633323609828949, 0.6264322996139526, 0.8046701550483704, 0.6116528511047363, 0.5849579572677612, 0.75164794921875, 0.6734567880630493]","[[-0.00102571 -0.00259186 -0.00235774 ...  0.00028715 -0.00159847
   0.00198874]
 [-0.01301851 -0.01390666 -0.01313785 ... -0.01714135 -0.01658211
  -0.00948913]
 [ 0.01778059  0.01605748  0.01532796 ... -0.00369639 -0.00559507
  -0.00027643]
 [-0.01429904 -0.00736553  0.00523178 ...  0.00311281  0.01124255
   0.01081036]
 [ 0.00564422  0.0064476   0.00645861 ...  0.00071046  0.00103786
  -0.00028125]
 [-0.00448149 -0.00544008 -0.00644414 ...  0.00100132 -0.00237975
  -0.00245985]]",109.9567819,-89.59049
disco,51,2529.721749,51150,"[0.808761715888977, 0.6198320984840393, 0.6483621001243591, 0.764827311038971, 0.6444020867347717, 0.6480007171630859, 0.6386522650718689, 0.8179261088371277, 0.6367289423942566, 0.6061815619468689, 0.7692660689353943, 0.689063310623169]","[[ 0.00120471 -0.00026071  0.00181031 ...  0.00772356  0.00812383
   0.00521035]
 [-0.00479085 -0.00751095 -0.00915673 ... -0.0130733  -0.01038566
  -0.00872428]
 [ 0.01038275  0.01260617  0.01416656 ...  0.01217666  0.01125377
   0.011572  ]
 [-0.01178453 -0.00737198 -0.00125237 ...  0.00805606  0.00029007
   0.00203665]
 [ 0.00350448  0.00393764  0.00358793 ...  0.00088464  0.00214332
   0.0023727 ]
 [-0.00148927  0.00032912 -0.00235299 ... -0.00299106 -0.00116217
  -0.00064207]]",109.9567819,-83.3199
disco,52,2964.76244,50035.555,"[0.6596991419792175, 0.6299809217453003, 0.7358373403549194, 0.583523690700531, 0.6191121339797974, 0.6150178909301758, 0.6271830797195435, 0.6932772397994995, 0.6195158958435059, 0.7346048355102539, 0.6888449192047119, 0.6578259468078613]","[[ 0.00316529  0.00984389  0.01577838 ...  0.00052138 -0.00164495
  -0.00087898]
 [ 0.00339131  0.00465349  0.0039271  ... -0.00747748 -0.00653648
   0.00384126]
 [ 0.00516194  0.00369038  0.00827671 ...  0.00562517  0.00295121
   0.00845441]
 [ 0.01188268  0.01921556  0.02728234 ...  0.01716947  0.01689793
   0.01934854]
 [ 0.00446086  0.00160012  0.00487366 ... -0.00432877 -0.00264797
  -0.00351781]
 [-0.00557341 -0.00492131 -0.00343257 ... -0.00685775 -0.00636241
  -0.0025605 ]]",126.0480183,-47.60656
disco,54,1755.181112,59599.777,"[0.6575374007225037, 0.5599873065948486, 0.5730964541435242, 0.5882415175437927, 0.6748989820480347, 0.5303258299827576, 0.5011056065559387, 0.6438368558883667, 0.696402370929718, 0.7605775594711304, 0.6316182017326355, 0.642694354057312]","[[ 0.00188704 -0.00109183 -0.00082977 ...  0.00414357  0.00236883
   0.00251882]
 [-0.0027834  -0.00671336 -0.00855579 ...  0.00122317 -0.00301189
  -0.00230012]
 [-0.00567767 -0.00893919 -0.0015078  ... -0.008632   -0.01492233
  -0.01230662]
 [ 0.00820567  0.01169396  0.0097729  ...  0.01407555 -0.00253543
   0.00582253]
 [ 0.00334436  0.00136958  0.00331474 ... -0.00375603 -0.00252196
  -0.00100645]
 [-0.00389444 -0.00536408 -0.00614191 ... -0.00672612 -0.00574069
  -0.00540764]]",114.84375,-100.03462
disco,55,1544.260952,52403.543,"[0.7487125396728516, 0.6118471622467041, 0.661090612411499, 0.5805656909942627, 0.6387296319007874, 0.6550684571266174, 0.6433392763137817, 0.7893187999725342, 0.6260433793067932, 0.6813600659370422, 0.6767045855522156, 0.6201072335243225]","[[ 4.30092933e-03  3.92754309e-03  2.09056717e-03 ... -1.18778228e-04
   1.47895168e-03  5.29833458e-03]
 [-8.60527311e-03 -1.01110875e-02 -8.34475245e-03 ... -9.41319110e-03
  -8.45021503e-03 -8.84413806e-03]
 [ 7.66787678e-03  1.05683133e-02  6.25218451e-03 ...  1.61317438e-02
   1.86636820e-02  1.27596930e-02]
 [ 1.29757375e-02  1.67136192e-02  1.17724389e-02 ...  2.88843364e-03
   4.26000357e-03 -7.68154860e-05]
 [ 5.11106881e-04  5.53579751e-04  1.46322831e-03 ...  4.72055068e-03
   3.30694450e-03  2.85412852e-03]
 [-1.30027905e-03 -1.30245462e-04 -2.97069550e-04 ... -6.22057542e-03
  -5.71511872e-03 -3.57136689e-03]]",129.1992188,-120.97475
disco,56,1083.289939,54478.984,"[0.4885126054286957, 0.48220694065093994, 0.49404555559158325, 0.46328723430633545, 0.5569759607315063, 0.5379788279533386, 0.71222984790802, 0.6575799584388733, 0.5260219573974609, 0.5558484196662903, 0.5131736397743225, 0.5962926149368286]","[[-0.00382173 -0.00949092 -0.01203175 ... -0.00130062 -0.00347976
  -0.00455411]
 [-0.00055594 -0.00355392 -0.00539771 ... -0.00277895 -0.00458409
  -0.00173732]
 [-0.00609114 -0.00676145 -0.00351372 ... -0.01894082 -0.01548746
  -0.01064323]
 [ 0.00270685  0.00900032  0.01688287 ...  0.01136084  0.01585209
   0.02065489]
 [-0.00184928 -0.00337754 -0.00671876 ...  0.00030424 -0.00116672
  -0.0036678 ]
 [-0.00304482 -0.00376771 -0.00365955 ... -0.00687795 -0.00763598
  -0.00643995]]",117.4538352,-88.88645
disco,57,1454.741253,46859.137,"[0.6615846157073975, 0.5200467109680176, 0.5348236560821533, 0.7372137308120728, 0.5893527269363403, 0.5911044478416443, 0.5218253135681152, 0.6326344609260559, 0.7314828634262085, 0.5803975462913513, 0.6027761101722717, 0.5584486722946167]","[[ 0.00167404  0.00016267 -0.0016707  ...  0.00629821  0.00617726
   0.00527762]
 [-0.00102205 -0.00351536 -0.00560577 ... -0.00987928 -0.00892378
  -0.00680608]
 [ 0.01076785  0.01171255  0.00738563 ... -0.01756608 -0.01692962
  -0.00890721]
 [ 0.00649493 -0.00063328  0.00041795 ...  0.01517729  0.01667339
   0.01195958]
 [ 0.00211102  0.00247685  0.00287098 ...  0.00641569  0.00492083
   0.00326465]
 [ 0.00173105 -0.00176444 -0.00167583 ... -0.00642361 -0.00606091
  -0.00422328]]",117.4538352,-58.939938
disco,58,1611.987836,57188.94,"[0.6354824900627136, 0.5901274681091309, 0.6628584861755371, 0.6061806082725525, 0.6810334324836731, 0.6877449154853821, 0.6106082201004028, 0.6276952028274536, 0.6813499927520752, 0.7803261280059814, 0.6272618770599365, 0.6006458401679993]","[[ 1.05398256e-03  4.09552662e-04  2.77610626e-03 ...  1.42741198e-02
   2.91715761e-03 -2.41658791e-03]
 [ 2.60979510e-03  3.04259285e-03  2.51829592e-03 ... -1.51305059e-03
  -3.92020218e-04 -1.55509579e-03]
 [ 1.70122236e-02  1.74003690e-02  1.67504624e-02 ...  7.20148534e-03
   7.89026916e-03  6.54902309e-03]
 [ 1.99463740e-02  2.61297077e-02  3.17604914e-02 ... -1.95110589e-03
   9.70965624e-03  1.09083056e-02]
 [ 3.17222178e-04  2.18609947e-03 -1.22137007e-03 ... -2.87583115e-05
   2.28692777e-03  3.54449576e-03]
 [-5.31605445e-03 -5.22275083e-03 -5.20107709e-03 ...  7.73102045e-04
  -1.88922882e-03 -2.35236622e-03]]",132.5120192,-99.671585
disco,59,1822.864942,56382.664,"[0.592488706111908, 0.6491126418113708, 0.6749753355979919, 0.5522720217704773, 0.5737704634666443, 0.5682274103164673, 0.6771458983421326, 0.611300528049469, 0.5994088649749756, 0.6887666583061218, 0.6605033874511719, 0.7023917436599731]","[[ 0.00457713  0.00485158  0.00561633 ...  0.00084482  0.0017278
   0.00140472]
 [ 0.00369822  0.00721002  0.0085331  ... -0.00315191 -0.00671186
  -0.00325191]
 [ 0.01820007  0.01708905  0.01288778 ...  0.01064084  0.00864834
   0.00659393]
 [ 0.00850409  0.01266614  0.0067395  ...  0.01150715  0.0141725
   0.00383387]
 [-0.00227671 -0.0019447  -0.00068608 ...  0.00200404  0.00294061
   0.00197621]
 [-0.00185787 -0.00232447 -0.00196194 ...  0.00035697 -0.00054605
  -0.00027655]]",126.0480183,-85.16209
disco,60,1310.695029,56376.36,"[0.7332355380058289, 0.5964912176132202, 0.6319829225540161, 0.5600181221961975, 0.6243146657943726, 0.6505608558654785, 0.6373025178909302, 0.7812280654907227, 0.6092875599861145, 0.6545103788375854, 0.6652078628540039, 0.6054051518440247]","[[ 0.00333297 -0.00323662 -0.00227353 ...  0.00088039  0.0053618
   0.00519765]
 [-0.0038239  -0.0047244  -0.00488494 ... -0.00500768 -0.00912289
  -0.01102582]
 [ 0.01234379  0.01392451  0.01528944 ...  0.00321878  0.00281812
   0.00674453]
 [ 0.0018133  -0.00216056  0.00146883 ...  0.00510365  0.00834153
   0.0063559 ]
 [ 0.00410299  0.00133861  0.0015922  ... -0.0017193   0.00164586
   0.0029786 ]
 [-0.00302527 -0.00426935 -0.0038622  ...  0.00225926  0.00070149
   0.00182746]]",129.1992188,-122.31413
disco,61,1853.491754,67719.66,"[0.6425953507423401, 0.5565000176429749, 0.5425600409507751, 0.5505831241607666, 0.5036191940307617, 0.5521701574325562, 0.5274112224578857, 0.5977885127067566, 0.5155737400054932, 0.5200585126876831, 0.5066912770271301, 0.5002779960632324]","[[ 2.35029645e-03  7.24497631e-03  8.38183717e-03 ... -3.83384910e-04
   3.29852381e-03  4.29819020e-03]
 [-3.77591385e-03 -5.85878343e-03 -4.25708448e-03 ... -8.68465903e-03
  -6.46180696e-03 -6.71544759e-03]
 [ 1.05153471e-02  1.38824582e-02  1.86538398e-02 ...  1.85324252e-03
   8.28672945e-03  8.48964602e-03]
 [ 3.26427892e-02  3.16875204e-02  3.21727693e-02 ...  9.91168618e-03
   1.16410851e-02  9.30905342e-03]
 [ 2.73776931e-03  4.42686038e-03  7.09329850e-03 ...  7.55583177e-03
   7.01013039e-03  7.01926698e-03]
 [-2.67183408e-03 -5.09520434e-03 -2.66134180e-03 ...  2.01927498e-04
   3.07712704e-04  1.30645931e-05]]",126.0480183,-68.085724
disco,62,2048.625316,53029.08,"[0.6591053009033203, 0.5810368061065674, 0.5898202657699585, 0.6200487613677979, 0.6361146569252014, 0.7229694128036499, 0.6477868556976318, 0.7587147355079651, 0.565051794052124, 0.6492898464202881, 0.6788219213485718, 0.6240204572677612]","[[ 0.00683294  0.0060336   0.00322759 ...  0.00213973  0.00133151
   0.00193172]
 [ 0.00081631 -0.00232202  0.0003532  ... -0.00020465 -0.00120702
  -0.0016338 ]
 [ 0.00990616  0.00869922  0.00271118 ...  0.00714984  0.00555058
   0.00880976]
 [ 0.0047688   0.00228758  0.00296638 ...  0.00446513  0.00444928
   0.00528724]
 [-0.00267415 -0.00329718 -0.00266156 ... -0.00113214  0.00010449
   0.00073512]
 [ 0.00092081  0.00010991 -0.0004901  ... -0.00256279 -0.00384101
  -0.00359291]]",109.9567819,-101.19648
disco,63,1118.851165,61111.777,"[0.8412564992904663, 0.7249284982681274, 0.656664252281189, 0.7031224370002747, 0.6857602596282959, 0.7877890467643738, 0.7302483320236206, 0.7305764555931091, 0.7264634370803833, 0.6986989974975586, 0.7180571556091309, 0.7432524561882019]","[[-1.71357352e-03 -9.60351491e-04 -3.12018598e-03 ...  2.39555829e-03
  -1.00047553e-03 -4.13315057e-04]
 [-8.72239188e-03 -9.64945012e-03 -1.30835208e-02 ... -7.10519162e-03
  -6.60951438e-03 -4.90990868e-03]
 [ 2.61726528e-02  2.66010836e-02  2.44496018e-02 ...  1.25770420e-02
   6.91952556e-03  1.05474368e-02]
 [-2.83736736e-03 -5.56696951e-03 -2.83797085e-03 ... -2.49716640e-03
   6.40507787e-03  3.93941998e-04]
 [ 6.10961197e-03  6.81632311e-03  9.02671261e-03 ...  5.15661947e-03
   5.57075335e-03  4.82581178e-03]
 [-9.72691923e-05 -3.40396538e-04  1.20252557e-03 ...  2.49109231e-03
  -3.54094431e-04 -1.30201317e-03]]",129.1992188,-149.40569
disco,64,988.5515013,73045.29,"[0.7325727939605713, 0.5802807211875916, 0.5266841053962708, 0.4534587264060974, 0.5695276260375977, 0.5972883701324463, 0.589557945728302, 0.708775520324707, 0.5486847758293152, 0.4935416877269745, 0.5068208575248718, 0.6503629088401794]","[[ 1.26687685e-03  3.31718667e-03  1.26422669e-03 ...  7.23266148e-03
   3.74725784e-03  7.77201767e-05]
 [ 8.46590558e-03  6.02378875e-03 -3.57501427e-04 ...  1.72838015e-03
   2.49088188e-03  8.91573098e-04]
 [-6.41594082e-03 -8.29919428e-03 -5.13520837e-03 ...  1.52652487e-02
   1.38104483e-02  8.84799659e-03]
 [ 2.12097242e-02  2.26588994e-02  1.16460919e-02 ...  4.05765325e-03
   4.86544520e-03  2.22235918e-03]
 [ 3.13138459e-03  2.80141893e-03  9.43465542e-04 ...  1.40991219e-04
  -7.39799013e-05  1.15820115e-03]
 [-3.74294817e-03 -2.42561661e-03 -3.49920802e-03 ... -2.51112133e-03
  -1.73874013e-03 -9.35984775e-04]]",123.046875,-137.25844
disco,65,968.997834,58714.836,"[0.6024016737937927, 0.6596460342407227, 0.6689170002937317, 0.5648026466369629, 0.6110495328903198, 0.6581260561943054, 0.8207496404647827, 0.6730643510818481, 0.6193600296974182, 0.7207880616188049, 0.6264374852180481, 0.7373397350311279]","[[ 9.23389005e-04  5.66299147e-04  1.25595749e-03 ...  7.94460416e-04
   1.51296790e-03  2.24025278e-03]
 [ 4.60623117e-04  1.06135390e-03  5.77240513e-05 ...  7.13825757e-03
  -3.81997489e-04 -2.75441597e-03]
 [ 1.02350116e-03  1.68151408e-03  7.27123767e-03 ...  1.76293328e-02
   1.12655982e-02  6.95934892e-03]
 [ 1.81024745e-02  2.24357322e-02  2.05748305e-02 ...  1.41814277e-02
   1.26700774e-02  7.73467869e-03]
 [ 2.23195339e-03  4.41613328e-03  5.62174015e-03 ... -1.43817367e-04
  -5.05635252e-04  7.93586153e-04]
 [-1.41218305e-04  7.70241022e-05  3.34083103e-03 ... -3.38763744e-03
  -1.17461011e-03  1.37455761e-04]]",132.5120192,-138.41084
disco,66,2231.771648,61043.344,"[0.6565956473350525, 0.6786656379699707, 0.6568315029144287, 0.6235285997390747, 0.7364484071731567, 0.6125857830047607, 0.6589160561561584, 0.6791658401489258, 0.6816895008087158, 0.7614259123802185, 0.6350004076957703, 0.6635253429412842]","[[-0.00433112 -0.00616439 -0.0086722  ...  0.00072275  0.002107
  -0.00146098]
 [-0.00625702 -0.00647871 -0.00278872 ... -0.00173752 -0.00266298
  -0.00314764]
 [ 0.03305675  0.04593503  0.04403031 ...  0.00573222 -0.00185683
   0.00891043]
 [-0.01382053 -0.00657016  0.00181086 ...  0.00067622 -0.00997831
  -0.00738352]
 [ 0.00955612  0.00645935  0.00420225 ...  0.00071213 -0.00310621
  -0.00259401]
 [-0.01040851 -0.01197564 -0.00900431 ... -0.00114728  0.00021798
   0.00271774]]",132.5120192,-99.49636
disco,67,2304.345488,47070.49,"[0.5562092661857605, 0.6690488457679749, 0.5988340973854065, 0.552992582321167, 0.7632758021354675, 0.5608664155006409, 0.5936024188995361, 0.4935527443885803, 0.6179696321487427, 0.7380983233451843, 0.5520113706588745, 0.5975004434585571]","[[ 0.00775593  0.00946903  0.00746533 ...  0.00433689  0.00323224
  -0.00039327]
 [-0.00132657 -0.00530664 -0.00239944 ... -0.00390436 -0.00447814
  -0.00735814]
 [ 0.00289961  0.00312731  0.01013194 ...  0.02001432  0.01883792
   0.01799373]
 [ 0.00873841  0.00808483  0.00065009 ... -0.00601561 -0.00437657
  -0.00067141]
 [ 0.00289148  0.00266602  0.0026665  ...  0.00379722  0.00177883
   0.00137725]
 [ 0.00235916  0.0007086   0.00501575 ... -0.00041773  0.00101813
   0.00102036]]",132.5120192,-63.651768
disco,68,2503.135185,52365.617,"[0.6698329448699951, 0.8344469666481018, 0.608241081237793, 0.6063939929008484, 0.6172403693199158, 0.6649664044380188, 0.7347325682640076, 0.6092830300331116, 0.6902883052825928, 0.570143461227417, 0.6637808084487915, 0.6797184944152832]","[[ 0.00260179  0.00215711  0.00107951 ...  0.00647806  0.00849061
   0.00332468]
 [-0.00280087 -0.0049597  -0.00979187 ... -0.00300124 -0.00248249
  -0.00014675]
 [ 0.0171216   0.02084785  0.03095656 ...  0.00727493  0.00894583
   0.00938054]
 [ 0.0028145  -0.00265928 -0.00475271 ... -0.01277146 -0.01228104
  -0.00737368]
 [ 0.00161197 -0.00058234 -0.00216358 ...  0.00128848  0.00120081
   0.0013746 ]
 [-0.00308324 -0.00133079  0.0024896  ...  0.00697303  0.00538928
   0.00444346]]",107.6660156,-116.523926
disco,69,1026.467038,48999.516,"[0.7373199462890625, 0.5145959258079529, 0.5905930995941162, 0.7506499290466309, 0.637271523475647, 0.6983303427696228, 0.5947038531303406, 0.664586067199707, 0.5247177481651306, 0.5356206297874451, 0.6023760437965393, 0.57826828956604]","[[-2.14438547e-04 -2.51978694e-05 -1.54187642e-03 ... -9.84288829e-05
   1.81539850e-04 -2.82522936e-04]
 [-4.53338042e-03 -1.02489135e-02 -8.67034353e-03 ... -4.77013803e-03
  -3.74998124e-03 -5.92743066e-03]
 [ 2.28230655e-03  2.61537731e-03  4.98773158e-03 ...  3.40697169e-03
  -2.14993954e-04  3.45807523e-03]
 [ 1.52591839e-02  2.19960436e-02  2.39108056e-02 ...  8.70463997e-03
   1.06660128e-02  5.64685464e-03]
 [ 1.10270090e-03 -3.27287909e-04 -6.21239535e-04 ...  1.77515630e-03
   2.71670548e-03  2.83088701e-03]
 [-3.61473113e-03 -4.19105403e-03 -2.26064213e-03 ... -4.72661108e-04
   8.53536651e-04 -1.25744753e-03]]",107.6660156,-88.747765
disco,71,2438.824793,46845.73,"[0.6958540678024292, 0.5575830340385437, 0.5807507038116455, 0.7441385388374329, 0.7309821248054504, 0.8329078555107117, 0.6378638744354248, 0.6291159987449646, 0.6277514100074768, 0.6419749855995178, 0.6969169974327087, 0.637120246887207]","[[ 6.52266912e-03  7.25333592e-03  8.83988507e-03 ...  5.30861786e-03
   7.30440692e-03  5.93500878e-03]
 [-5.24264131e-03 -6.20821117e-03 -4.24057148e-03 ... -2.82386654e-03
  -7.21939391e-03 -5.40496113e-03]
 [ 5.38382679e-03  3.95137072e-03  1.06608123e-03 ...  7.19766319e-03
   2.08488107e-03  6.06214255e-03]
 [ 1.01206377e-02  1.35577247e-02  1.47275925e-02 ...  3.11703235e-03
   3.07291746e-04  5.52124530e-03]
 [ 1.15410066e-03  1.07021633e-03 -2.60637925e-04 ...  2.08398069e-03
   3.03881857e-03  3.61191358e-03]
 [ 1.27052516e-03 -8.83135945e-05 -2.36555934e-06 ... -1.23143196e-04
   1.71713531e-04 -7.09816813e-04]]",114.84375,-87.43742
disco,72,3098.372445,52113.004,"[0.6109355092048645, 0.7250691652297974, 0.7602838277816772, 0.5739607214927673, 0.6437998414039612, 0.5809927582740784, 0.6357754468917847, 0.560474157333374, 0.6086910367012024, 0.7530916333198547, 0.6203187704086304, 0.6500406861305237]","[[ 0.01019444  0.01043871  0.00709325 ... -0.0121378  -0.01455496
  -0.00770701]
 [-0.00364205  0.00855261  0.00883652 ...  0.0053409   0.00257548
   0.00245968]
 [ 0.01747852  0.02393615  0.02426135 ...  0.03966127  0.03121144
   0.02033339]
 [ 0.00799244  0.01411079  0.01611672 ...  0.03293282  0.01750489
   0.0091078 ]
 [ 0.00406342  0.00226903 -0.0005644  ...  0.00307055  0.00487873
   0.00664882]
 [-0.00113267 -0.00295907 -0.00446658 ... -0.00767439 -0.00567137
  -0.00285997]]",135.9991776,-81.253204
disco,74,2398.993188,46777.016,"[0.7062749862670898, 0.5590508580207825, 0.57691490650177, 0.735455334186554, 0.7144274115562439, 0.813539981842041, 0.5957009196281433, 0.5838882923126221, 0.6098763942718506, 0.6394185423851013, 0.7010851502418518, 0.628811240196228]","[[ 0.00744367  0.00555637  0.00291834 ...  0.0082033   0.00450613
   0.00271618]
 [-0.00865345 -0.01141268 -0.00910636 ... -0.00698217 -0.00588909
   0.00021678]
 [ 0.00202999  0.00393701  0.00593218 ... -0.00129134  0.00032463
  -0.00265519]
 [-0.00158101  0.00135946 -0.00163127 ...  0.00085742  0.00431866
   0.00874102]
 [ 0.00316116  0.00388392  0.00320297 ...  0.00405152  0.00210833
   0.00230331]
 [-0.00022019  0.00018704 -0.00036021 ... -0.00070786  0.00127728
   0.00338529]]",112.3471467,-69.05775
disco,75,1882.155633,49775.01,"[0.6888416409492493, 0.6431141495704651, 0.6679010391235352, 0.6148881912231445, 0.6373134851455688, 0.6648362278938293, 0.6838098764419556, 0.7790961861610413, 0.7291430234909058, 0.7094153165817261, 0.6673222184181213, 0.6682542562484741]","[[ 5.61802260e-03 -1.95230101e-04  2.58337922e-03 ...  4.99587398e-03
   3.97960002e-03  1.07237891e-03]
 [ 2.58104923e-03 -1.60262990e-04 -4.00719255e-03 ... -4.53440474e-03
  -4.97149834e-03 -1.46041395e-03]
 [ 1.32811442e-02  1.65671185e-02  1.56923905e-02 ...  1.79526284e-02
   1.29131973e-02  1.02377981e-02]
 [ 6.22366369e-03  7.26424158e-03  3.82537395e-03 ... -1.40236169e-02
  -1.06052831e-02 -2.93651968e-03]
 [-6.64851253e-04  4.36870497e-03  6.84870444e-03 ...  4.56801936e-03
   2.91369701e-03  2.53905499e-03]
 [ 4.79133613e-03  3.71431746e-03  7.24643469e-03 ...  3.44740227e-04
  -4.46643680e-05 -1.15052983e-03]]",132.5120192,-113.17703
disco,78,1484.353897,47843.605,"[0.697437584400177, 0.514451801776886, 0.475604772567749, 0.5051232576370239, 0.6144708395004272, 0.7470107674598694, 0.5725035071372986, 0.5630549788475037, 0.5064822435379028, 0.5212771892547607, 0.518400251865387, 0.5554491877555847]","[[ 0.00150482  0.00029308 -0.00016237 ... -0.0012719   0.00030279
   0.00185127]
 [-0.00178792 -0.00392858 -0.00630469 ... -0.0067677  -0.00554896
  -0.00263616]
 [ 0.00603867  0.00584355  0.00636002 ...  0.00187182 -0.00411391
   0.00084501]
 [ 0.00171261 -0.0016158   0.0007427  ...  0.0067246   0.00378323
   0.00063724]
 [ 0.00268489  0.00319832  0.00368743 ...  0.00075198  0.00293855
   0.00050464]
 [ 0.00085813  0.00026261  0.00071061 ...  0.00053935 -0.00090847
   0.00015677]]",129.1992188,-76.195816
disco,79,1360.249057,58995.47,"[0.5753305554389954, 0.5758450627326965, 0.5582252740859985, 0.6186941862106323, 0.6545785069465637, 0.7767571210861206, 0.6544028520584106, 0.6828639507293701, 0.7733985781669617, 0.6383554935455322, 0.6685918569564819, 0.5652996897697449]","[[ 4.81566213e-03  6.91081305e-03  4.44206821e-03 ... -7.71921951e-03
  -5.99573029e-04  5.43583568e-03]
 [-2.87761992e-03 -5.91650168e-03 -6.60687529e-03 ... -1.34423722e-03
  -7.11630895e-03 -7.61622608e-03]
 [ 1.60271674e-02  1.40453950e-02  8.54074955e-03 ...  6.24285638e-03
   4.36873734e-03  5.28513640e-03]
 [ 1.25940815e-02  1.54043809e-02  1.35085881e-02 ...  1.92385167e-03
   5.61547279e-03  1.09873191e-02]
 [-3.14776721e-04  9.97507552e-04  9.28466957e-05 ...  8.47733659e-03
   4.78822337e-03  4.11824569e-03]
 [-1.82889216e-03 -7.49602914e-04  7.00993463e-04 ... -6.54662028e-04
  -2.13211402e-03 -1.87288970e-04]]",120.1853198,-114.01496
disco,81,1868.342613,55948.47,"[0.6207908987998962, 0.5105912089347839, 0.551000714302063, 0.5596640706062317, 0.7427582740783691, 0.5509741306304932, 0.44038039445877075, 0.5794726610183716, 0.5299221873283386, 0.5533949732780457, 0.49694615602493286, 0.595065176486969]","[[ 0.00912625  0.00607031  0.00368412 ...  0.00421599  0.00356391
   0.00491058]
 [-0.00405636 -0.00327581  0.00195405 ... -0.00594188 -0.00920892
  -0.0058976 ]
 [ 0.00235529  0.00577922  0.00249739 ...  0.00917877  0.00880097
   0.01585379]
 [ 0.01142942  0.01327976  0.01104755 ...  0.00454906  0.00640231
   0.00384194]
 [ 0.00045414  0.00114062  0.00089233 ... -0.00451735 -0.00331126
  -0.00255374]
 [ 0.00078315 -0.00120684 -0.00095777 ... -0.00199029 -0.00102518
  -0.00149378]]",172.265625,-87.841125
disco,82,2221.633633,68224.41,"[0.8021138310432434, 0.5966895222663879, 0.5703485012054443, 0.6650372743606567, 0.5846436023712158, 0.6315838098526001, 0.5723243355751038, 0.7116956114768982, 0.6779477000236511, 0.5977402925491333, 0.6378098726272583, 0.6659477353096008]","[[ 0.00581702  0.01342739  0.00762653 ...  0.00317519 -0.00201906
  -0.00174545]
 [ 0.00363522 -0.00105525  0.0010453  ...  0.00449445  0.00148447
  -0.00221706]
 [ 0.00825761  0.00351051  0.00789396 ... -0.00972422  0.00768629
   0.01409954]
 [ 0.01723368  0.01373037  0.0111068  ... -0.00668575  0.0036851
   0.00352298]
 [-0.00074636  0.00178046  0.00259626 ... -0.00209774 -0.00263988
  -0.00163401]
 [-0.00409816 -0.00218747 -0.00472873 ... -0.00727095 -0.00433943
  -0.00227624]]",123.046875,-93.05289
disco,84,2631.61844,60881.51,"[0.7177766561508179, 0.7592273950576782, 0.6841080784797668, 0.6238025426864624, 0.6238222122192383, 0.6112218499183655, 0.6902819275856018, 0.6297966837882996, 0.7091470956802368, 0.7273077368736267, 0.7993618249893188, 0.801025390625]","[[ 0.00118189  0.00398348  0.00601152 ...  0.00227328  0.00210152
   0.0010148 ]
 [ 0.00087448  0.00051086  0.00272468 ...  0.00050337  0.00287575
   0.00285676]
 [ 0.00588419  0.00388496  0.00257205 ...  0.00026215  0.00788613
   0.01058636]
 [ 0.00787157  0.0103603   0.00894097 ...  0.00805331  0.00246718
   0.00177643]
 [ 0.00380485  0.00314656  0.00228985 ...  0.00239367  0.0018785
   0.00256375]
 [-0.00193287 -0.00359023 -0.00232652 ... -0.00102343 -0.00408691
  -0.00429291]]",114.84375,-85.47819
disco,85,2321.531647,63978.855,"[0.7603233456611633, 0.6642324924468994, 0.6388199329376221, 0.6918187141418457, 0.7471729516983032, 0.7220442891120911, 0.7629218101501465, 0.7912891507148743, 0.7514698505401611, 0.723720133304596, 0.7283638119697571, 0.8424943685531616]","[[ 7.83151541e-04  4.63697872e-04  6.68132166e-04 ... -1.09798657e-04
  -1.02940579e-03  1.74018915e-03]
 [-1.99353832e-03 -3.44863967e-03  5.58279330e-04 ... -2.30110948e-03
   3.04309665e-05 -2.11672215e-04]
 [-8.54453444e-03 -7.30793923e-03 -5.57336211e-03 ... -8.77231359e-05
   1.87400728e-03  3.07559222e-03]
 [ 7.49106705e-03  9.95948911e-03  1.35874674e-02 ...  7.11347163e-03
   6.29928708e-03  7.15058297e-03]
 [ 5.90908130e-03  5.72235230e-03  7.18449338e-03 ...  3.24865681e-03
   5.23583549e-03  4.67082855e-03]
 [-2.69086286e-03 -7.36447051e-04  1.33683532e-03 ... -4.39003110e-04
  -1.94280408e-03 -2.35747546e-03]]",123.046875,-117.14116
disco,86,1556.337971,52384.73,"[0.6823159456253052, 0.541759729385376, 0.576989471912384, 0.6081925630569458, 0.5965880751609802, 0.5278899073600769, 0.5192323327064514, 0.6650665998458862, 0.591987669467926, 0.6196329593658447, 0.6281741857528687, 0.645684003829956]","[[ 0.00340321  0.00186709 -0.00100795 ... -0.00518808 -0.00114914
   0.0035542 ]
 [-0.00202296 -0.00372383 -0.004669   ... -0.00623427  0.00134038
  -0.00050893]
 [ 0.00077351  0.00516655  0.01519103 ...  0.01290423 -0.00141678
  -0.00723094]
 [ 0.0188333   0.0172293   0.01309875 ... -0.01352345 -0.01196346
   0.00085738]
 [ 0.00228326  0.00141716 -0.00215204 ...  0.00702776  0.00286647
   0.00307103]
 [ 0.00127953  0.00289306  0.004254   ... -0.00333732 -0.00363036
  -0.00667335]]",126.0480183,-102.3841
disco,87,1562.945678,49752.9,"[0.6897407174110413, 0.5747412443161011, 0.5713546276092529, 0.5919830203056335, 0.5925412178039551, 0.6907585859298706, 0.639610767364502, 0.671895444393158, 0.6401615738868713, 0.6130267977714539, 0.5967796444892883, 0.5782149434089661]","[[ 0.00228147  0.00325238  0.00753805 ...  0.00032636  0.00113326
  -0.00024563]
 [ 0.00586051  0.00669475  0.00226893 ...  0.00660968  0.00642081
   0.00473644]
 [ 0.00339353 -0.00152862 -0.01515557 ...  0.00526469  0.00596138
   0.00912127]
 [ 0.01467241  0.01908838  0.02069978 ...  0.01810768  0.01352146
   0.00997184]
 [-0.00184098 -0.00182361 -0.0051955  ...  0.00047781  0.00170458
  -0.00031046]
 [-0.00145054 -0.00225579 -0.00087064 ... -0.00377185 -0.00485509
  -0.00325714]]",105.46875,-82.60873
disco,88,2143.811396,45438.824,"[0.6744857430458069, 0.5301271677017212, 0.6429140567779541, 0.4908670485019684, 0.5481414794921875, 0.5977180600166321, 0.5511851906776428, 0.7287093997001648, 0.5494115948677063, 0.6186613440513611, 0.496791809797287, 0.5937160849571228]","[[-7.00483801e-03 -8.45727447e-03 -9.41707703e-03 ... -8.93978342e-03
  -9.10058150e-03 -7.14792416e-03]
 [-1.60045929e-03 -4.01311869e-04 -2.43552433e-03 ... -3.40031856e-04
   2.90676706e-03  1.79731394e-03]
 [ 9.07786936e-03  5.70071489e-03  4.28900123e-04 ...  1.32591277e-03
  -4.68388200e-03 -1.68189406e-04]
 [ 1.92356110e-03 -6.47783279e-04  1.21802092e-03 ... -6.17751479e-03
   1.16605312e-03  1.32180005e-03]
 [ 4.12022335e-03  3.66345851e-03  2.64824237e-03 ... -8.76918797e-04
  -9.86957891e-05  3.46693478e-04]
 [ 1.37488730e-03 -5.86187467e-04 -1.32080168e-04 ...  1.46814063e-03
   1.55914575e-03  1.61919743e-03]]",123.046875,-91.2373
disco,89,1678.462888,57169.473,"[0.7341089844703674, 0.5951820015907288, 0.6381983757019043, 0.5641933083534241, 0.6272588968276978, 0.6524882912635803, 0.6317529082298279, 0.777571976184845, 0.6102933287620544, 0.6572285890579224, 0.6664988994598389, 0.6025978922843933]","[[ 6.41009042e-04  1.76911968e-03  1.55681682e-07 ...  1.82639277e-03
  -1.62673744e-03 -1.20406249e-03]
 [-6.75689285e-03 -7.80571992e-03 -7.25783506e-03 ... -1.34810216e-03
  -5.63669810e-03 -9.14844256e-03]
 [ 5.62454760e-03  7.83142447e-03  5.97181916e-03 ...  1.19173378e-02
   1.44511834e-02  1.50848404e-02]
 [-2.83037871e-03 -6.07363880e-04  4.40252572e-03 ... -1.53935701e-03
   9.70378518e-04  2.24171579e-03]
 [-1.52896850e-03 -5.36977747e-04  6.41135486e-04 ...  1.06577128e-02
   1.05047556e-02  7.61138364e-03]
 [-2.85080262e-03 -2.28168257e-03 -1.85400620e-03 ...  3.35498527e-03
   2.10231356e-03  2.77036801e-03]]",129.1992188,-107.92955
disco,91,1388.973793,59904.78,"[0.6972128748893738, 0.6133117079734802, 0.6560984253883362, 0.6166340708732605, 0.5169197916984558, 0.5501533150672913, 0.5437449216842651, 0.7164672613143921, 0.534977912902832, 0.5078096389770508, 0.732438325881958, 0.640972375869751]","[[ 0.00089615 -0.00071712 -0.00523469 ...  0.00362485  0.00258181
   0.00987408]
 [-0.01023713 -0.01403077 -0.01597961 ... -0.00549848 -0.0040237
   0.00208875]
 [ 0.01920784  0.0209062   0.02541078 ...  0.01728879  0.002939
  -0.00699914]
 [ 0.00023268 -0.00291371 -0.00027031 ...  0.01109417  0.01538944
   0.0217651 ]
 [ 0.00696942  0.00583621  0.00801655 ...  0.00156629 -0.00219802
   0.00130033]
 [ 0.00181788  0.00335647  0.00135796 ...  0.00505081  0.00468989
   0.00116143]]",99.38401442,-121.26822
disco,92,1653.059859,49079.004,"[0.5556902885437012, 0.6224056482315063, 0.5570540428161621, 0.5675125122070312, 0.6939435005187988, 0.5599009394645691, 0.5407939553260803, 0.5715453624725342, 0.7971113324165344, 0.517234742641449, 0.5072002410888672, 0.6894417405128479]","[[ 0.00471624  0.00541852  0.00442426 ...  0.00161802  0.00015101
   0.00352298]
 [-0.00291627 -0.00759682 -0.00674555 ...  0.00078446 -0.00033338
  -0.00206431]
 [ 0.01319815  0.00983094  0.00553053 ...  0.01573013  0.01057695
   0.00312703]
 [ 0.0030335   0.00335784  0.00664916 ... -0.003855   -0.00355674
  -0.000122  ]
 [ 0.00238762  0.0027143   0.00227016 ... -0.00067018  0.00044738
   0.00170437]
 [ 0.00039695  0.00174571  0.00156285 ... -0.00085599 -0.0006538
  -0.00166049]]",114.84375,-114.96479
disco,93,2155.068055,63371.62,"[0.7241744995117188, 0.6239862442016602, 0.6613251566886902, 0.5338250398635864, 0.5760535001754761, 0.6955199837684631, 0.5299702882766724, 0.5993348360061646, 0.5327025055885315, 0.6867719292640686, 0.6094796061515808, 0.547296941280365]","[[-5.19576022e-03 -5.50969469e-03 -6.97523686e-03 ... -5.81755792e-03
  -5.19778410e-03 -3.69584072e-03]
 [-9.60306723e-03 -8.94361687e-03 -8.34933226e-03 ... -6.35059721e-03
  -3.68378043e-03 -2.70198078e-03]
 [ 1.20258704e-02  8.28574598e-03  5.46240062e-03 ...  1.95311755e-03
   6.79258257e-03  3.09903175e-03]
 [ 1.30211413e-02  1.23897791e-02  5.77108562e-03 ...  4.00929898e-03
   2.56122649e-03 -4.74458188e-03]
 [ 4.70741361e-03  3.32138818e-03 -5.69004195e-05 ... -5.68513813e-04
  -6.29843800e-04  2.22959827e-03]
 [-2.25048512e-03 -2.40653753e-04 -4.73627821e-04 ... -6.69721887e-03
  -8.82097706e-03 -8.09063017e-03]]",109.9567819,-89.80227
disco,94,1134.513721,49836.824,"[0.8245930075645447, 0.5742853879928589, 0.5264809727668762, 0.5291542410850525, 0.6324480772018433, 0.629688024520874, 0.5687418580055237, 0.6753516793251038, 0.5888213515281677, 0.5645564794540405, 0.6365309357643127, 0.6117207407951355]","[[-0.000802    0.00204781  0.00289269 ...  0.00351537  0.006429
   0.00693551]
 [ 0.00694681  0.00389633  0.00505078 ...  0.0078153   0.01070607
   0.00924179]
 [-0.01585958 -0.01449317 -0.01143659 ... -0.01216744 -0.00431172
   0.00147918]
 [ 0.01244559  0.01609579  0.01679784 ...  0.00947181  0.00373429
  -0.00137124]
 [-0.00328881 -0.0029878  -0.00049839 ...  0.00120604  0.00286077
   0.00336958]
 [-0.0006153  -0.00423022 -0.00765446 ... -0.00049066  0.00109127
   0.00229063]]",139.6748311,-131.42886
disco,95,1975.687772,65441.324,"[0.6961852312088013, 0.5961622595787048, 0.7163223028182983, 0.5962076187133789, 0.5601224303245544, 0.6552442312240601, 0.6058654189109802, 0.7029166221618652, 0.6635208129882812, 0.7183616161346436, 0.6646448969841003, 0.6576827168464661]","[[ 2.35819544e-04  2.73136569e-03  6.67859127e-03 ... -8.20037032e-04
   8.17800951e-03  1.13983490e-02]
 [ 1.75260228e-03 -4.06075120e-05 -1.61141256e-03 ...  7.42910131e-03
   5.91936327e-03 -3.40149777e-04]
 [ 4.44805622e-03 -7.26155937e-04 -4.60480899e-03 ...  6.08779490e-03
   4.65288758e-04 -8.54081661e-03]
 [ 1.22917220e-02  1.83707997e-02  1.35785341e-02 ...  8.06175917e-03
  -7.16910511e-03 -2.33116001e-03]
 [ 8.89539676e-04  1.39929155e-03 -1.69491435e-04 ... -1.15627189e-03
   1.70600924e-03  3.60292217e-03]
 [-2.78437883e-03 -4.79017198e-03 -5.82484901e-03 ... -7.92910345e-03
  -9.80271958e-03 -8.31684656e-03]]",120.1853198,-110.43895
disco,96,2143.510312,57017.32,"[0.6168382167816162, 0.5651824474334717, 0.6485608220100403, 0.5828084945678711, 0.5960635542869568, 0.5361837148666382, 0.6164617538452148, 0.7035417556762695, 0.5987341403961182, 0.6092816591262817, 0.5924932956695557, 0.722333550453186]","[[-0.0031111   0.00140616 -0.00191334 ... -0.0010685  -0.00181752
  -0.00604406]
 [ 0.00430434  0.00455062  0.00063039 ...  0.00802453  0.00747231
   0.00570311]
 [ 0.00401879  0.01124561  0.01265    ... -0.0158694  -0.0155094
  -0.01430885]
 [ 0.00662407  0.00061222 -0.00260621 ...  0.00569895  0.00505219
   0.00377631]
 [ 0.00214387  0.00160279  0.0015398  ...  0.00231044 -0.00246622
  -0.00275623]
 [-0.00035998 -0.00560659 -0.00590907 ... -0.00126066 -0.00245595
  -0.00058232]]",135.9991776,-100.48677
disco,97,1732.507808,62405.883,"[0.6041020750999451, 0.5459651947021484, 0.5810308456420898, 0.49766892194747925, 0.5279539823532104, 0.8470928072929382, 0.5643025040626526, 0.49205800890922546, 0.5833269357681274, 0.5848233699798584, 0.875498354434967, 0.6291742920875549]","[[ 0.00225252  0.00503653  0.00512458 ...  0.00644541  0.00862205
   0.00983893]
 [ 0.00289817  0.00877292  0.00771109 ...  0.0111003   0.0066963
   0.00408164]
 [-0.01105884 -0.00523464 -0.0030852  ... -0.00923114 -0.00288446
  -0.00608968]
 [ 0.0049848   0.00202291 -0.00081672 ...  0.03998861  0.0323069
   0.02334043]
 [ 0.00420579  0.00167709 -0.00049848 ...  0.0087775   0.00728227
   0.00682318]
 [-0.00049036 -0.00132003 -0.00294747 ...  0.00088472  0.00236467
   0.00027641]]",129.1992188,-134.43237
disco,98,1638.269772,61225.63,"[0.6028754711151123, 0.6716760993003845, 0.6706946492195129, 0.6482222676277161, 0.6936048269271851, 0.6925246715545654, 0.799313485622406, 0.6415086984634399, 0.5874589681625366, 0.6074446439743042, 0.6224138140678406, 0.7178618907928467]","[[ 5.40082830e-03  1.59101108e-03 -1.50466526e-04 ... -7.27963189e-03
  -3.24888939e-03  1.61224196e-03]
 [ 9.81933985e-04  4.39443250e-04  1.66692204e-03 ...  4.21034849e-03
  -7.04167392e-04 -1.20715249e-03]
 [ 4.69207764e-04 -2.44408846e-04  8.62137228e-03 ...  1.27160102e-02
   8.48180056e-03  8.49054009e-03]
 [ 2.26594508e-03  1.05315298e-02  1.84833929e-02 ...  6.80889189e-03
   6.62261993e-03  4.78723645e-03]
 [ 5.37178093e-03  3.41720942e-03  3.22716389e-03 ...  1.96458240e-03
   3.86382465e-03  4.56667726e-03]
 [ 3.68190929e-04  7.59819523e-04 -5.56558371e-06 ...  1.80600025e-03
   9.05049965e-04 -5.43082133e-04]]",123.046875,-100.08691
disco,99,1638.269772,61225.63,"[0.6028754711151123, 0.6716760993003845, 0.6706946492195129, 0.6482222676277161, 0.6936048269271851, 0.6925246715545654, 0.799313485622406, 0.6415086984634399, 0.5874589681625366, 0.6074446439743042, 0.6224138140678406, 0.7178618907928467]","[[ 5.40082830e-03  1.59101108e-03 -1.50466526e-04 ... -7.27963189e-03
  -3.24888939e-03  1.61224196e-03]
 [ 9.81933985e-04  4.39443250e-04  1.66692204e-03 ...  4.21034849e-03
  -7.04167392e-04 -1.20715249e-03]
 [ 4.69207764e-04 -2.44408846e-04  8.62137228e-03 ...  1.27160102e-02
   8.48180056e-03  8.49054009e-03]
 [ 2.26594508e-03  1.05315298e-02  1.84833929e-02 ...  6.80889189e-03
   6.62261993e-03  4.78723645e-03]
 [ 5.37178093e-03  3.41720942e-03  3.22716389e-03 ...  1.96458240e-03
   3.86382465e-03  4.56667726e-03]
 [ 3.68190929e-04  7.59819523e-04 -5.56558371e-06 ...  1.80600025e-03
   9.05049965e-04 -5.43082133e-04]]",123.046875,-100.08691
hiphop,1,1708.827731,66291.9,"[0.6956596374511719, 0.6799641847610474, 0.7205498814582825, 0.7192237973213196, 0.6651637554168701, 0.6341561675071716, 0.5824421644210815, 0.5797165632247925, 0.6513403058052063, 0.742137610912323, 0.7018474340438843, 0.678849458694458]","[[-3.51716665e-03  1.11345599e-03  1.93242318e-03 ...  1.93254953e-03
   4.82039014e-03  2.83589532e-03]
 [ 7.62680875e-03  7.32977487e-03 -1.26217803e-03 ...  4.48178966e-03
  -1.47212482e-03 -2.00434579e-03]
 [ 8.54715705e-03  8.89218599e-03  3.87041271e-03 ...  5.75670600e-03
   8.99618864e-03  1.51859969e-02]
 [ 4.37763333e-03  8.47262144e-03  8.65280628e-03 ...  9.23226774e-03
   8.41324031e-03  9.35967267e-03]
 [ 2.96477737e-04 -1.79572652e-03 -3.01375103e-03 ... -2.25099763e-03
  -6.21858964e-04  3.54333111e-05]
 [-2.40943767e-03 -1.36283785e-03 -2.70079821e-03 ... -4.06105258e-03
  -3.14447470e-03 -3.04883160e-03]]",120.1853198,-142.61775
hiphop,2,888.9212157,54484.402,"[0.6129994988441467, 0.6249176859855652, 0.6542434692382812, 0.6021677255630493, 0.5818743109703064, 0.6295462250709534, 0.5697538256645203, 0.5356975793838501, 0.5927980542182922, 0.6550580263137817, 0.7388955950737, 0.7045938372612]","[[ 0.00271501  0.00301852  0.00049165 ...  0.00128874  0.00081849
   0.00097202]
 [-0.00268383 -0.0039677  -0.00582015 ... -0.00644698 -0.00080923
  -0.00114366]
 [ 0.00549683  0.0078273   0.01627532 ... -0.00261192 -0.00201764
   0.00259322]
 [ 0.00565445  0.00932654  0.00707178 ...  0.00944564  0.009415
   0.00963331]
 [ 0.00159733  0.00130033  0.00033483 ...  0.00179942  0.00392584
   0.0039385 ]
 [-0.00026766  0.00084971  0.00195677 ... -0.00240105 -0.00242967
  -0.00227254]]",99.38401442,-103.55277
hiphop,3,1660.75486,66412.64,"[0.6746359467506409, 0.6502571702003479, 0.6762472987174988, 0.6559367775917053, 0.6231520175933838, 0.6261136531829834, 0.6474907994270325, 0.6322711706161499, 0.6173121333122253, 0.7250873446464539, 0.7444741129875183, 0.7353919148445129]","[[ 0.00516561  0.00634414  0.00587925 ...  0.00802261  0.00933774
   0.00843978]
 [-0.0009741  -0.00254715 -0.00872455 ... -0.00131356  0.0019393
   0.0023308 ]
 [-0.00539526  0.00472581  0.01468656 ... -0.00825153 -0.00541014
  -0.00362533]
 [ 0.00230024  0.00530679  0.01410595 ...  0.01000357  0.01427229
   0.00977561]
 [ 0.00613638  0.00707406  0.00591541 ...  0.00353544  0.00095816
   0.00066299]
 [-0.00377314 -0.00370276 -0.00097768 ...  0.00304415  0.00251235
   0.00228637]]",123.046875,-117.05403
hiphop,5,1680.784242,49529.625,"[0.7094010710716248, 0.7311837673187256, 0.7089058756828308, 0.6966448426246643, 0.7222243547439575, 0.7288686037063599, 0.7267767786979675, 0.7262929677963257, 0.7295094728469849, 0.816466748714447, 0.7293643355369568, 0.7094678282737732]","[[ 0.00223706  0.00288393  0.00088816 ...  0.00171613 -0.00056287
  -0.00101134]
 [-0.00012386 -0.00050327 -0.00047812 ... -0.00478657 -0.00458501
  -0.00151539]
 [ 0.00705475  0.00577917  0.00108752 ...  0.01981124  0.0115914
   0.00932804]
 [-0.00611687 -0.00282551  0.00126999 ... -0.00974013 -0.00772444
  -0.00872657]
 [ 0.00515381  0.00542314  0.00705532 ...  0.00753378  0.00471223
   0.00270552]
 [ 0.00027389 -0.00018685 -0.00076587 ... -0.00217904 -0.00404673
   0.00027363]]",139.6748311,-132.33
hiphop,6,2073.429276,77617.055,"[0.7038255929946899, 0.6820558905601501, 0.6870254278182983, 0.7322644591331482, 0.6576873064041138, 0.6200850605964661, 0.6397451162338257, 0.6751036047935486, 0.7031103372573853, 0.7084254026412964, 0.7515957355499268, 0.7097019553184509]","[[ 0.00129272 -0.00468225 -0.00560949 ...  0.00308163  0.00275388
  -0.00137191]
 [ 0.00359501  0.00417518  0.00918413 ...  0.00239521 -0.00471309
  -0.00705988]
 [-0.00902116 -0.00980256 -0.01093333 ...  0.00383579 -0.00639038
  -0.00393841]
 [ 0.00183762 -0.00516338 -0.00550329 ...  0.01118422  0.00864611
   0.00347138]
 [-0.00269984 -0.00330063 -0.00258407 ... -0.00060212 -0.0020476
  -0.00243271]
 [-0.00241527 -0.00123765  0.00255217 ... -0.00441714 -0.00297808
  -0.00448833]]",132.5120192,-125.25779
hiphop,7,1205.576485,61393.43,"[0.5866836309432983, 0.582867443561554, 0.6099876761436462, 0.7170363664627075, 0.8002850413322449, 0.5844005346298218, 0.5681294202804565, 0.5943335294723511, 0.6144654154777527, 0.6822339296340942, 0.6197645664215088, 0.6222469210624695]","[[ 0.00239404  0.00061623 -0.00025598 ...  0.00383554  0.00464104
   0.00621148]
 [ 0.00225486  0.00473029  0.0035102  ... -0.00034376 -0.00414406
  -0.00660233]
 [ 0.0038439   0.00371686 -0.00019904 ...  0.00660203  0.00512292
   0.00351273]
 [-0.00274134 -0.00260781 -0.00243298 ...  0.00132876  0.00594206
   0.01332658]
 [ 0.00249808  0.00368085  0.00189117 ... -0.00094435  0.00190523
   0.00420633]
 [ 0.00418245  0.00428226  0.00391652 ... -0.00451098 -0.00434164
  -0.00383576]]",120.1853198,-101.24606
hiphop,8,3160.99282,55735.418,"[0.6229725480079651, 0.5981501340866089, 0.6198849678039551, 0.6529437899589539, 0.6666070222854614, 0.7095056772232056, 0.7204161286354065, 0.7471199035644531, 0.7361811995506287, 0.7110190987586975, 0.7209469079971313, 0.6603706479072571]","[[ 3.53925927e-03  2.60067953e-03  4.27271374e-03 ...  2.23857615e-03
   5.06340448e-03  5.16898808e-03]
 [ 7.31204291e-05 -9.58375215e-04 -8.92424529e-04 ...  5.54866321e-04
  -3.88334976e-03 -7.00673713e-03]
 [ 5.69666922e-03  5.82241267e-03  4.28593904e-03 ...  5.15878201e-03
   2.97150761e-03  5.15189767e-03]
 [ 1.57047063e-03  5.65630198e-03  2.78638303e-03 ...  1.64460167e-02
   1.62375495e-02  1.64332315e-02]
 [ 5.98949746e-04  3.07481324e-03  1.96220792e-03 ...  3.09059579e-03
   3.23536166e-03  5.31802928e-04]
 [-3.54796648e-04 -7.58195296e-04 -2.01371498e-03 ...  1.22863986e-03
   4.75546345e-04 -1.07865781e-05]]",112.3471467,-74.61507
hiphop,9,1476.039966,65770.27,"[0.7857908606529236, 0.7363911271095276, 0.716628909111023, 0.7255969643592834, 0.759425163269043, 0.7857065796852112, 0.7808226346969604, 0.7520068287849426, 0.7308477759361267, 0.7271393537521362, 0.7370522022247314, 0.7897732257843018]","[[ 0.00094855  0.00727195  0.00830073 ...  0.0055985   0.00280586
   0.00323801]
 [-0.00030232 -0.00042839 -0.00070886 ... -0.00629617 -0.00219321
  -0.00235762]
 [ 0.01196869  0.01369231  0.01825227 ...  0.00315806  0.00495965
   0.00454424]
 [ 0.01291528  0.00950943  0.01193199 ...  0.01573012  0.01353889
   0.01304083]
 [ 0.00232268  0.00240777  0.00012061 ...  0.00301418  0.00502229
   0.00464282]
 [ 0.000696   -0.00313504 -0.00443525 ...  0.00077487  0.00173492
   0.00218038]]",103.359375,-124.958374
hiphop,11,1350.165537,50280.668,"[0.6208297610282898, 0.5932350754737854, 0.6012594699859619, 0.6148605346679688, 0.6232864260673523, 0.6575936675071716, 0.6533840298652649, 0.6682600975036621, 0.728342592716217, 0.7574676275253296, 0.6963270902633667, 0.6428847908973694]","[[ 6.65138948e-03  2.56809341e-03  5.20946306e-03 ...  3.94546298e-03
   3.89445620e-03  4.90603988e-03]
 [-3.45001896e-05 -2.46160644e-03 -5.63638998e-03 ...  1.69798323e-04
   2.80886562e-05 -9.01966725e-04]
 [ 4.06846404e-03  1.82107091e-04 -1.02391839e-03 ...  8.35032016e-03
   6.36830181e-03  3.23906541e-04]
 [ 3.00558656e-03  9.35480744e-03  1.71302035e-02 ...  1.86754167e-02
   1.99827328e-02  1.31012201e-02]
 [ 4.53588645e-03  5.06627307e-03  2.66061806e-03 ...  3.76074446e-04
   3.57503493e-03  2.19514895e-03]
 [-1.68219395e-03 -1.01141073e-03 -4.89681959e-04 ... -1.42795406e-03
   9.97750089e-04  4.34890389e-05]]",132.5120192,-120.64716
hiphop,13,1683.443347,47874.242,"[0.5389214754104614, 0.4908071458339691, 0.6020285487174988, 0.7565394639968872, 0.7608010768890381, 0.6347370147705078, 0.4382264316082001, 0.43628591299057007, 0.48600631952285767, 0.45495033264160156, 0.5750629305839539, 0.6889307498931885]","[[ 1.00916148e-02  9.14171114e-03 -8.46265260e-05 ...  2.72739846e-03
   2.24893137e-03  6.59256537e-03]
 [-3.85668152e-03 -7.68589999e-03 -6.45514907e-03 ... -3.01961153e-03
  -1.83920980e-03 -2.35349414e-03]
 [ 9.39732045e-03  5.00319898e-03  2.03471631e-03 ...  8.79177451e-03
   6.26463443e-03 -1.21350586e-03]
 [ 1.89378485e-02  1.34785026e-02  8.65065306e-03 ...  8.11945647e-03
   1.36564970e-02  8.90671462e-03]
 [ 8.36555858e-04  3.61443647e-03  8.33402251e-03 ...  3.22200521e-03
   3.27526002e-03  3.03346954e-03]
 [-3.11950035e-03 -2.13968009e-03 -6.87833317e-03 ...  4.54740599e-04
   1.60972774e-03  4.73387539e-04]]",101.3327206,-44.3172
hiphop,14,1996.081894,46664.723,"[0.7155877947807312, 0.6692022085189819, 0.6908106803894043, 0.8271277546882629, 0.7434007525444031, 0.6494539976119995, 0.7047497034072876, 0.8005817532539368, 0.8639273047447205, 0.7265954613685608, 0.6489065885543823, 0.6645988821983337]","[[ 6.13523804e-03  5.24130825e-03  2.39463607e-04 ...  4.62712382e-03
   3.32035579e-03  4.90695106e-03]
 [-3.67868450e-03 -6.38140580e-04 -2.38425180e-03 ... -1.57378723e-03
  -5.69124890e-03 -6.69204843e-03]
 [ 2.87351012e-03  3.54695320e-03  8.37247819e-03 ... -6.58996403e-04
   2.84011662e-03  5.93358278e-03]
 [ 1.27291828e-02  1.74294934e-02  1.30692795e-02 ...  3.45030427e-03
   4.75320965e-03  3.59386206e-03]
 [ 2.89766927e-03  4.43155772e-03  2.09647574e-03 ...  1.81789372e-03
   1.83058880e-03 -1.50856927e-05]
 [ 1.07408874e-03 -2.69697979e-04 -9.56887379e-04 ... -6.44491799e-03
  -6.00759685e-03 -3.41722742e-03]]",132.5120192,-120.07144
hiphop,15,1743.5928,47778.305,"[0.7147045135498047, 0.7193162441253662, 0.6712349057197571, 0.6919768452644348, 0.6779263615608215, 0.61666339635849, 0.6175315976142883, 0.6158158183097839, 0.6115894913673401, 0.6217557191848755, 0.66585373878479, 0.7351011633872986]","[[-0.00140255 -0.00164702 -0.00212474 ...  0.00139274  0.00220326
   0.00322116]
 [ 0.00039204 -0.00437628 -0.00647473 ... -0.00128341  0.00075234
  -0.00083187]
 [ 0.00433844  0.0093646   0.00883306 ...  0.00548962  0.00648089
   0.00252142]
 [ 0.00163212  0.00781483  0.00916584 ...  0.00939899  0.01126215
   0.01688918]
 [ 0.00330743  0.00266403  0.00097287 ...  0.00355703  0.00382667
   0.00375111]
 [-0.00254651 -0.00244698 -0.00412025 ... -0.00276463 -0.00356507
  -0.00101139]]",132.5120192,-95.3882
hiphop,16,1823.889917,59249.48,"[0.6383661031723022, 0.6457440853118896, 0.679202139377594, 0.6813666820526123, 0.6882808804512024, 0.6840658187866211, 0.6790570616722107, 0.7260266542434692, 0.7086537480354309, 0.6411764621734619, 0.5803315043449402, 0.6053221225738525]","[[ 0.00038005  0.00131665  0.00078872 ... -0.00133168  0.00056061
   0.00226848]
 [-0.00241463  0.00019143 -0.00131007 ... -0.00309801 -0.00136769
  -0.00226449]
 [ 0.00522599 -0.00136921  0.00229415 ...  0.00492293  0.00869238
   0.00885807]
 [ 0.00325589  0.00140911  0.00066794 ... -0.00869528 -0.00648277
  -0.00188307]
 [ 0.00570768  0.00350376  0.00567082 ...  0.00618872  0.00495659
   0.00481129]
 [-0.00103153  0.00108489  0.00077231 ...  0.00260482 -0.00112842
  -0.00255772]]",101.3327206,-114.59279
hiphop,17,1052.074975,49865.21,"[0.7586473226547241, 0.7328258156776428, 0.678422212600708, 0.6406344175338745, 0.6365699768066406, 0.6700314283370972, 0.7167271971702576, 0.716028094291687, 0.7113707661628723, 0.7556988000869751, 0.6942228078842163, 0.6712028384208679]","[[ 0.00781086  0.00664008 -0.00015833 ...  0.00565487  0.00706729
   0.00622067]
 [ 0.00106666  0.0006842  -0.00014557 ... -0.00930274 -0.00748967
  -0.0104593 ]
 [ 0.00283094  0.00678295  0.01015956 ...  0.01252092  0.01965737
   0.01770295]
 [ 0.00589184  0.01022568  0.01449029 ...  0.01823584  0.02187581
   0.01018412]
 [ 0.00076229 -0.00057225  0.00282949 ...  0.00491246  0.00623789
   0.00527076]
 [-0.00415472 -0.0032649  -0.00142963 ... -0.00237862 -0.00168442
  -0.00325554]]",129.1992188,-135.82959
hiphop,19,1749.304312,88956.36,"[0.6207427382469177, 0.6214416027069092, 0.665052592754364, 0.6220522522926331, 0.6036035418510437, 0.6230679750442505, 0.6662706136703491, 0.7238814830780029, 0.7168598175048828, 0.6922483444213867, 0.64421546459198, 0.6380581259727478]","[[ 0.00282856  0.01222803  0.0134002  ...  0.00441716  0.00635444
   0.00549791]
 [-0.00807746 -0.0048064   0.0002264  ... -0.00369578 -0.00438329
  -0.00230285]
 [-0.00272678 -0.00637412 -0.00822031 ...  0.01158161  0.013469
   0.00974282]
 [ 0.00782362  0.00519789 -0.00153112 ...  0.01071051  0.00859947
   0.01167579]
 [ 0.00673034  0.00849127  0.00852659 ...  0.00062424 -0.00022928
   0.00171623]
 [ 0.00172702 -0.00089428 -0.00306256 ... -0.00102834 -0.00225205
  -0.002562  ]]",101.3327206,-113.7678
hiphop,20,1865.055126,61068.953,"[0.6215304136276245, 0.5863586664199829, 0.5983000993728638, 0.6267611980438232, 0.6366255879402161, 0.6938520073890686, 0.6807754039764404, 0.6708320379257202, 0.6753890514373779, 0.6651884317398071, 0.6507108807563782, 0.6210789680480957]","[[-9.20809445e-05  9.20467617e-04  1.19537443e-02 ...  1.50978695e-02
   8.90915819e-03  4.70337817e-03]
 [-1.37660520e-03 -7.03174498e-03 -2.11226190e-03 ... -3.68674895e-03
  -5.35712336e-03 -4.63282226e-03]
 [ 5.62055409e-03  1.55456364e-04 -2.81111896e-03 ... -4.85424697e-03
  -6.88407570e-03 -2.45492905e-03]
 [-2.15134770e-03 -3.81734222e-03 -7.92872161e-03 ... -8.06656480e-03
   1.96246058e-03  7.80535489e-03]
 [ 7.87746738e-03  1.17532128e-02  1.19688550e-02 ...  4.53862549e-03
   4.66667643e-03  3.70835103e-03]
 [ 4.18283045e-04  2.94335186e-03  1.97924487e-03 ... -3.90682369e-03
  -1.62456743e-03 -1.75067037e-03]]",117.4538352,-120.27423
hiphop,21,1820.551458,48713.707,"[0.6233623623847961, 0.614312469959259, 0.6216227412223816, 0.6623956561088562, 0.658699095249176, 0.7000083923339844, 0.7629840970039368, 0.7076147198677063, 0.6616473197937012, 0.6002702116966248, 0.582438588142395, 0.5954226851463318]","[[-2.34695933e-03  1.69465121e-03  1.95556042e-03 ... -5.16003867e-03
  -4.74146620e-03  4.97509973e-03]
 [-1.50741919e-03 -2.79001306e-03 -5.38625405e-03 ... -9.32075597e-03
   2.33691155e-03  4.46116511e-03]
 [ 4.88232821e-03  2.84264237e-03  3.07411700e-03 ...  5.50562143e-03
   1.19793043e-02  1.43574029e-02]
 [ 2.13127509e-02  1.91858783e-02  1.41011477e-02 ...  2.17915103e-02
   2.42930427e-02  1.80904493e-02]
 [ 9.71956079e-05  2.38013258e-03  4.78411320e-03 ...  9.08620367e-03
   9.75025160e-03  7.66863571e-03]
 [-2.08329968e-03 -1.45672262e-03 -3.14337015e-03 ... -4.87181358e-03
  -2.63564289e-06  6.76483288e-03]]",135.9991776,-86.51758
hiphop,23,1555.609125,44640.273,"[0.5630739331245422, 0.5232858061790466, 0.6394883394241333, 0.6149860620498657, 0.6172524690628052, 0.7112594246864319, 0.6549374461174011, 0.7898070812225342, 0.647491455078125, 0.6628326773643494, 0.5589926838874817, 0.5333368182182312]","[[ 0.00599863  0.00497994  0.00061177 ... -0.00301965 -0.00364393
  -0.00051674]
 [-0.00516761 -0.0085657  -0.00365637 ... -0.00034071  0.00277083
   0.00312783]
 [-0.00311991 -0.0011965   0.00761621 ...  0.008617    0.00609316
   0.00225779]
 [ 0.00740501  0.00606164  0.01947336 ... -0.00121912  0.00111236
  -0.00140935]
 [ 0.0043928   0.00429171  0.0033795  ... -0.00214741 -0.00252349
   0.00089046]
 [ 0.00062937  0.00100666 -0.00132631 ... -0.00387436 -0.00487974
  -0.00169212]]",126.0480183,-95.10867
hiphop,24,2469.170254,67281.15,"[0.5611643195152283, 0.5806427001953125, 0.6252478361129761, 0.6257678270339966, 0.6406667828559875, 0.7151855826377869, 0.7392522692680359, 0.7090157866477966, 0.6877944469451904, 0.6799322366714478, 0.6291290521621704, 0.5699033737182617]","[[-0.00628842 -0.00293329 -0.00336813 ...  0.00360487  0.00127343
   0.0007674 ]
 [-0.00216061  0.00189192 -0.00344736 ...  0.00013357 -0.00389614
  -0.00380144]
 [ 0.00766789  0.0063949   0.00397927 ...  0.00507792  0.00104994
   0.00268964]
 [ 0.0161397   0.01785801  0.01673035 ...  0.01471768  0.01254761
  -0.00267572]
 [ 0.00101979 -0.00194613 -0.00033603 ...  0.00232248  0.0019242
   0.00365625]
 [ 0.00413614  0.00273159  0.00392748 ...  0.00199585  0.00359377
   0.00189547]]",135.9991776,-74.73864
hiphop,25,1691.95188,47008.766,"[0.5720138549804688, 0.5557755827903748, 0.600910484790802, 0.6347355842590332, 0.710891842842102, 0.7001336812973022, 0.7055826187133789, 0.7858688831329346, 0.7929419279098511, 0.7203246355056763, 0.6517536640167236, 0.6411291360855103]","[[ 5.57998037e-03  5.11948784e-03  1.59517066e-03 ...  8.31520497e-03
   5.51729028e-03  6.68810380e-04]
 [ 4.77267610e-04 -1.93153463e-04  8.86219824e-04 ... -9.27333636e-05
   5.05095371e-03  5.90363071e-03]
 [ 5.63773513e-03  9.53277200e-03  2.63483822e-03 ... -4.56625223e-03
   7.29396939e-03  1.25770569e-02]
 [ 1.22244954e-02  1.27429962e-02  7.46749341e-03 ... -2.00540572e-03
  -3.23592126e-03 -5.49077243e-03]
 [ 2.05519979e-03  1.00236620e-03  1.65155427e-04 ...  6.18740846e-03
   1.73721946e-03 -1.27799949e-03]
 [-3.68360989e-03 -4.66025993e-03 -5.75445965e-03 ... -2.56476738e-03
  -1.70600601e-03 -2.69900262e-03]]",105.46875,-117.293175
hiphop,26,2945.335549,65727.62,"[0.7160736322402954, 0.7110587954521179, 0.7367623448371887, 0.6959648728370667, 0.7028828263282776, 0.6799296140670776, 0.713088870048523, 0.715908408164978, 0.687998354434967, 0.6852415800094604, 0.7331761121749878, 0.7515084147453308]","[[ 1.34752684e-03  1.91672021e-03  1.93066936e-03 ... -4.14161793e-03
  -4.26366974e-03  3.06736803e-05]
 [-2.47104726e-03  1.10779767e-03  7.59110609e-05 ... -1.91831199e-03
  -5.96254622e-03 -2.71961651e-03]
 [-3.76753509e-04 -2.68788636e-03 -1.17741525e-04 ... -1.07896328e-02
  -1.51052177e-02 -1.59169585e-02]
 [-1.87591463e-03  1.41714513e-02  1.94930732e-02 ...  1.54455453e-02
   1.52239427e-02  8.05732608e-03]
 [ 4.47171741e-03  4.71330464e-03  6.52362003e-03 ...  2.76464030e-03
   2.54590421e-03  2.76304333e-04]
 [ 8.45696777e-05 -3.09093669e-03 -3.52049991e-03 ... -7.22582079e-03
  -7.07007013e-03 -3.28434631e-03]]",135.9991776,-118.97109
hiphop,27,1681.607992,69399.78,"[0.6528579592704773, 0.7010027170181274, 0.7117337584495544, 0.5877062678337097, 0.5603324770927429, 0.5755295753479004, 0.5956900715827942, 0.5662357211112976, 0.5933400392532349, 0.6620612144470215, 0.6821372509002686, 0.7263619303703308]","[[-7.55174176e-04  9.90453578e-04  2.32892253e-03 ... -7.70808124e-04
  -1.95148909e-03  2.75694029e-03]
 [-1.64360813e-03 -1.45262332e-03 -2.50629271e-03 ... -1.26032323e-03
  -1.39319718e-03 -1.67449730e-03]
 [ 1.51024014e-03  1.17598474e-03 -3.89840454e-03 ...  4.23336029e-03
   7.22368807e-03  5.20122051e-03]
 [ 1.56196579e-02  1.21836662e-02  1.53248459e-02 ...  1.91207007e-02
   1.51964799e-02  1.46990642e-02]
 [ 1.91167278e-03  3.70506999e-03  3.86034358e-03 ...  3.03934767e-03
   3.08940532e-04  1.22314770e-04]
 [-3.63392197e-03 -3.78144346e-03 -2.98364460e-03 ... -3.53346020e-03
  -3.39176133e-03  3.13650817e-05]]",120.1853198,-104.81212
hiphop,28,1819.38346,62192.2,"[0.7807421088218689, 0.6363748908042908, 0.5767937302589417, 0.5363539457321167, 0.5476773977279663, 0.5267437696456909, 0.5301052927970886, 0.6276403069496155, 0.6551527976989746, 0.6622480154037476, 0.682287871837616, 0.6845276951789856]","[[ 3.29835875e-03  7.79685649e-03  3.39863779e-03 ...  9.61690821e-04
   9.62372536e-04  1.09504741e-03]
 [ 8.95476391e-03  1.29149915e-02  8.72714518e-03 ...  2.64897468e-03
  -6.58026055e-03 -2.27382125e-03]
 [-2.30375677e-03  1.32486224e-04  8.75219703e-05 ...  7.46130943e-04
  -3.49397212e-03 -5.00418991e-03]
 [ 7.55459070e-03  1.90962851e-03  1.30673796e-02 ...  6.29519671e-03
   7.59173930e-03  2.10524350e-03]
 [-1.11334412e-03 -7.61659717e-04 -1.81404164e-03 ...  4.58342444e-04
  -4.62118707e-03 -3.78974796e-03]
 [-7.49869272e-04 -1.59160420e-03 -2.41805054e-03 ... -1.06121041e-03
   1.26724876e-03  1.59490108e-03]]",120.1853198,-115.751366
hiphop,29,1849.126663,61633.39,"[0.6653226017951965, 0.6669188141822815, 0.6551435589790344, 0.7042035460472107, 0.7067863941192627, 0.6030603647232056, 0.6140848994255066, 0.6418372988700867, 0.7145739197731018, 0.6433073878288269, 0.6642695665359497, 0.6938184499740601]","[[ 0.01236003  0.01490408  0.01302218 ...  0.0031831   0.00672504
   0.00679448]
 [-0.00426164 -0.00367257 -0.00338131 ...  0.0071582   0.0059016
   0.00016571]
 [ 0.0022993  -0.00249512 -0.00049227 ...  0.00056209 -0.0048993
  -0.0064966 ]
 [ 0.00482742  0.00104098 -0.00193192 ...  0.01265149 -0.00196218
  -0.0013529 ]
 [ 0.002976    0.00527906  0.00546511 ...  0.00474829  0.00553547
   0.00668046]
 [-0.00280636 -0.0032216  -0.00547412 ... -0.00030762 -0.00238346
  -0.00171869]]",147.65625,-107.70472
hiphop,32,1164.020223,57569.08,"[0.7166285514831543, 0.6574624180793762, 0.690815269947052, 0.7499460577964783, 0.6807690858840942, 0.7212634086608887, 0.6786460876464844, 0.7194361686706543, 0.648891031742096, 0.6287925839424133, 0.6530556082725525, 0.6636754274368286]","[[ 0.00532582  0.00497389  0.00155464 ...  0.01108727  0.00867116
   0.0057339 ]
 [ 0.00203439 -0.00204222 -0.00323195 ... -0.0023442  -0.00177699
  -0.00473667]
 [ 0.00047515 -0.00270347 -0.00337767 ... -0.00284684  0.00098393
   0.00195967]
 [ 0.00561059  0.00760841  0.00586301 ... -0.00488697 -0.00193136
   0.00441013]
 [ 0.00351197  0.0031612   0.00326253 ...  0.00308821  0.00224936
   0.0027807 ]
 [-0.00058624 -0.00154371 -0.00199231 ... -0.00100007 -0.00149528
  -0.00225052]]",129.1992188,-130.82921
hiphop,34,2651.571545,51551.41,"[0.7074534893035889, 0.719200611114502, 0.731773853302002, 0.738710880279541, 0.7150837182998657, 0.6958160996437073, 0.6516519784927368, 0.6432723999023438, 0.6769306063652039, 0.6686533093452454, 0.7374637126922607, 0.7179484367370605]","[[ 4.35616870e-03  4.63886306e-03  4.75550112e-03 ...  7.76763946e-03
   8.92980326e-03  7.53013478e-03]
 [-5.46945689e-03 -3.37279883e-03  1.19960280e-03 ...  6.76482919e-04
   3.20545884e-03  3.18953922e-03]
 [ 9.83070582e-03  6.47421926e-03 -8.38711858e-05 ...  1.34732127e-02
   1.18032992e-02  6.12716377e-03]
 [ 1.60230771e-02  1.46163628e-02  1.34367868e-02 ...  9.52479988e-03
   9.50179249e-03  9.91916656e-03]
 [ 3.55153532e-03  1.96021090e-03  9.35525874e-04 ...  1.63411991e-03
   1.50653031e-03  2.38377818e-03]
 [ 1.82344578e-03 -1.86674297e-05 -3.12198326e-03 ... -9.56371427e-04
  -1.84341148e-03 -2.78028101e-03]]",132.5120192,-109.19362
hiphop,35,1635.772017,60645.805,"[0.7176079750061035, 0.6946809887886047, 0.6828388571739197, 0.645573616027832, 0.6502809524536133, 0.6697260141372681, 0.7393004894256592, 0.6976386904716492, 0.7266571521759033, 0.7879325151443481, 0.7954668402671814, 0.8038212060928345]","[[ 0.00022023  0.00225106  0.00470661 ...  0.0052537   0.00943738
   0.00560822]
 [-0.00295995 -0.0031276   0.00076234 ...  0.00078797 -0.00068942
  -0.00037892]
 [ 0.00435843  0.00581554 -0.00184796 ...  0.01402109  0.01376195
   0.01044821]
 [ 0.01629539  0.0148164   0.01512858 ...  0.00865194  0.00531083
   0.00803885]
 [ 0.00259621  0.00326873  0.00347442 ...  0.00352121  0.00399366
   0.0035836 ]
 [ 0.00042075  0.00113519  0.00036849 ... -0.00040241  0.00306314
   0.00141881]]",109.9567819,-132.18004
hiphop,36,3051.422774,66747.43,"[0.6344739198684692, 0.6423612833023071, 0.7156763076782227, 0.8140146732330322, 0.6927436590194702, 0.6336809396743774, 0.6095147132873535, 0.6528488397598267, 0.703864574432373, 0.7358977198600769, 0.7631411552429199, 0.6515801548957825]","[[ 0.00218897  0.00218897  0.00218897 ...  0.0019434   0.00065332
   0.00071629]
 [-0.0007888  -0.0007888  -0.0007888  ... -0.00580141 -0.00078195
   0.00234636]
 [ 0.00250216  0.00250216  0.00250216 ...  0.0138281   0.00909615
   0.00994677]
 [ 0.00567751  0.00567751  0.00567751 ... -0.00436451 -0.00439582
  -0.00034337]
 [ 0.00167413  0.00167413  0.00167413 ...  0.00783409  0.00514763
   0.00480404]
 [-0.00049338 -0.00049338 -0.00049338 ... -0.00409947 -0.00415939
  -0.00092771]]",117.4538352,-112.35218
hiphop,37,4463.458747,73917.21,"[0.6405481696128845, 0.6977770924568176, 0.6628586053848267, 0.6207634210586548, 0.6601969599723816, 0.6261985301971436, 0.6538239121437073, 0.6537534594535828, 0.568451464176178, 0.5968243479728699, 0.6510888934135437, 0.6355534195899963]","[[ 0.00218897  0.00218897  0.00218897 ...  0.00229013  0.00265264
   0.00331843]
 [-0.0007888  -0.0007888  -0.0007888  ... -0.00354378 -0.00162935
  -0.00209219]
 [ 0.00250216  0.00250216  0.00250216 ...  0.00555334 -0.00204724
   0.00034729]
 [ 0.00567751  0.00567751  0.00567751 ...  0.00609432  0.00777464
   0.0133433 ]
 [ 0.00167413  0.00167413  0.00167413 ...  0.00088768  0.00128879
   0.00357328]
 [-0.00049338 -0.00049338 -0.00049338 ...  0.00041234 -0.00089732
   0.00120658]]",143.5546875,-49.546223
hiphop,38,2528.760822,57324.215,"[0.5243819355964661, 0.5119533538818359, 0.6392380595207214, 0.5316699147224426, 0.5332196950912476, 0.6170113682746887, 0.626807451248169, 0.6375818252563477, 0.5786661505699158, 0.6930472254753113, 0.6697803735733032, 0.5796563625335693]","[[ 0.00089468  0.00089468  0.00089468 ... -0.00610987 -0.00682311
  -0.00526761]
 [-0.00253462 -0.00253462 -0.00253462 ... -0.00824262 -0.00749597
  -0.00446561]
 [ 0.00595895  0.00595895  0.00595895 ...  0.01595021  0.021984
   0.02311939]
 [ 0.00232407  0.00232407  0.00232407 ...  0.01171603  0.01172124
   0.01060349]
 [ 0.0016994   0.0016994   0.0016994  ...  0.00020802  0.00172646
   0.001466  ]
 [ 0.00049525  0.00049525  0.00049525 ...  0.00123351  0.00161716
   0.00182154]]",123.046875,-87.68236
hiphop,40,1889.652011,46869.773,"[0.4510030150413513, 0.6071355938911438, 0.508155107498169, 0.6745231747627258, 0.4920077323913574, 0.5068150162696838, 0.5703604221343994, 0.42064371705055237, 0.41855543851852417, 0.4342039227485657, 0.5832661390304565, 0.5579782128334045]","[[ 1.61228176e-03  1.61228176e-03  1.61228176e-03 ... -7.17411380e-03
  -7.55697126e-03 -4.13308410e-03]
 [-2.50822556e-03 -2.50822556e-03 -2.50822556e-03 ... -5.39762577e-03
  -2.73874913e-03  2.55048012e-03]
 [ 5.59318066e-03  5.59318066e-03  5.59318066e-03 ...  1.84847862e-02
   1.79467872e-02  1.20622069e-02]
 [ 3.60147655e-03  3.60147655e-03  3.60147655e-03 ...  3.55780125e-04
  -5.61977923e-03 -1.15936995e-03]
 [ 1.78135382e-03  1.78135382e-03  1.78135382e-03 ...  2.06277167e-03
   2.33973415e-03  6.62821975e-05]
 [ 1.65676698e-04  1.65676698e-04  1.65676698e-04 ... -3.24432552e-03
   1.49682164e-05 -2.61533819e-03]]",161.4990234,-74.47923
hiphop,41,1894.126546,55172.96,"[0.7151504755020142, 0.7362764477729797, 0.6858134269714355, 0.6433227062225342, 0.6761525869369507, 0.6341409683227539, 0.6152450442314148, 0.6667044758796692, 0.7146764993667603, 0.6474292278289795, 0.589460015296936, 0.6400399208068848]","[[ 0.00210556  0.00210556  0.00210556 ...  0.00406917  0.00239141
   0.00016183]
 [-0.00062898 -0.00062898 -0.00062898 ... -0.00551824 -0.00616562
  -0.00850451]
 [ 0.00215685  0.00215685  0.00215685 ...  0.00248309  0.01048608
   0.01548938]
 [ 0.00568062  0.00568062  0.00568062 ...  0.0071439   0.01003974
   0.00964014]
 [ 0.00166452  0.00166452  0.00166452 ...  0.00048223  0.00200398
   0.00408146]
 [-0.0005847  -0.0005847  -0.0005847  ... -0.00354427 -0.00208084
   0.00010423]]",123.046875,-103.45945
hiphop,42,1634.338687,64143.285,"[0.6362606883049011, 0.6718668937683105, 0.7492510676383972, 0.7316382527351379, 0.6747948527336121, 0.670891523361206, 0.6147507429122925, 0.6749619841575623, 0.6312123537063599, 0.6503684520721436, 0.5948148369789124, 0.6071386337280273]","[[ 0.00216469  0.00216469  0.00092211 ... -0.00183335  0.00616691
   0.004995  ]
 [-0.00073442 -0.00073442 -0.00276505 ...  0.00016783  0.00212133
  -0.00420627]
 [ 0.00238404  0.00238404  0.00566716 ...  0.00644862  0.00830191
   0.01052297]
 [ 0.00568203  0.00568203  0.00459605 ... -0.00320522  0.0080448
   0.00915106]
 [ 0.00167138  0.00167138  0.00137554 ...  0.00412467  0.00177403
   0.00080514]
 [-0.00052284 -0.00052284 -0.00053197 ... -0.00514936 -0.00220363
   0.00181722]]",120.1853198,-138.81989
hiphop,43,931.9164076,60812.508,"[0.6131885647773743, 0.6540911197662354, 0.550112247467041, 0.6257787346839905, 0.8097344636917114, 0.5151599645614624, 0.4812321066856384, 0.5715117454528809, 0.6754674911499023, 0.8208492398262024, 0.6110369563102722, 0.5764767527580261]","[[ 1.01497227e-03  1.01497227e-03  1.20097197e-03 ... -7.13191190e-03
  -5.15243615e-04  1.12612118e-03]
 [ 5.12700599e-04  5.12700599e-04  8.88065884e-04 ...  1.26894421e-03
   1.88857509e-03 -6.68185231e-05]
 [ 2.00174749e-04  2.00174749e-04 -3.91378999e-05 ...  1.90731138e-02
   1.77330226e-02  9.89530236e-03]
 [ 5.53155690e-03  5.53155690e-03  5.29218465e-03 ...  6.17414713e-04
  -7.64037669e-03 -3.54260206e-03]
 [ 9.74456381e-04  9.74456381e-04  1.14334452e-03 ... -1.98417186e-03
  -2.18148278e-03 -1.39811722e-03]
 [-1.46640651e-03 -1.46640651e-03 -1.46060064e-03 ... -9.32926312e-04
  -3.67066264e-03 -2.00735033e-03]]",120.1853198,-124.07725
hiphop,46,1357.984219,65598.336,"[0.727545440196991, 0.7176843285560608, 0.7111282348632812, 0.729619026184082, 0.7630048990249634, 0.7322515845298767, 0.6438915729522705, 0.6286011934280396, 0.6589551568031311, 0.6965845823287964, 0.7096020579338074, 0.6885520219802856]","[[ 0.00399909  0.0029412   0.00246772 ... -0.0014445   0.00160513
   0.0008474 ]
 [-0.0034025  -0.00225453  0.00177883 ... -0.01008033 -0.01029374
  -0.00912237]
 [-0.0011414  -0.00600924 -0.00909867 ... -0.00044812 -0.00312565
   0.00019537]
 [ 0.00089917  0.00368208  0.00767539 ...  0.01544506  0.01032048
   0.01012567]
 [ 0.00310116  0.00458361  0.0002217  ... -0.00043907  0.00091533
   0.00551622]
 [-0.00175561 -0.00048878 -0.00120501 ...  0.00487766  0.00130112
  -0.00109004]]",95.703125,-122.63139
hiphop,47,1632.329067,61118.72,"[0.7059109807014465, 0.6808090209960938, 0.6895227432250977, 0.6702158451080322, 0.7039201855659485, 0.7079712748527527, 0.6781021356582642, 0.6763665080070496, 0.6855787634849548, 0.6475685834884644, 0.6096476316452026, 0.6462336778640747]","[[ 0.00234048  0.0017342  -0.00044259 ...  0.00604655  0.00781626
   0.00447246]
 [-0.00151799  0.00012489 -0.00194857 ...  0.00421966  0.00041693
   0.00069311]
 [-0.00140028 -0.00159414 -0.00016925 ... -0.00190842 -0.0001965
   0.00427883]
 [ 0.00542191  0.00046236  0.00321642 ... -0.00520582 -0.00038525
   0.00345404]
 [ 0.00254145  0.00247851  0.00517661 ...  0.00401395  0.00290302
   0.0018641 ]
 [-0.00273325 -0.00481241 -0.00392123 ... -0.00386948 -0.00087938
  -0.00170531]]",129.1992188,-134.8861
hiphop,48,949.9918444,56821.883,"[0.6916236281394958, 0.6861521005630493, 0.688093900680542, 0.699382483959198, 0.7553984522819519, 0.7131096124649048, 0.7096633911132812, 0.7397873401641846, 0.7505892515182495, 0.8110104203224182, 0.7640746235847473, 0.6843971610069275]","[[ 0.00144546  0.00035376  0.00037853 ...  0.00169769  0.00099368
   0.0010733 ]
 [ 0.00077664 -0.00037905 -0.00300503 ...  0.00059335  0.00131083
   0.00287263]
 [-0.0003726   0.00090694 -0.00082176 ...  0.00272584 -0.00435238
  -0.00192049]
 [ 0.0036599   0.00059101 -0.00060333 ...  0.00371442  0.00854174
   0.01067233]
 [ 0.00146314  0.00121082  0.00235661 ...  0.0058892   0.00379533
   0.00392207]
 [-0.00025645 -0.0008722  -0.00177962 ... -0.00437405 -0.00184019
   0.0021719 ]]",129.1992188,-148.65599
hiphop,49,1314.981944,58191.188,"[0.7234357595443726, 0.7522936463356018, 0.7448265552520752, 0.6916206479072571, 0.6456335186958313, 0.5983703136444092, 0.594018280506134, 0.6131213307380676, 0.6533123850822449, 0.7170237898826599, 0.7502309679985046, 0.7573018670082092]","[[ 0.00534878  0.00310356 -0.00034002 ...  0.00386783 -0.00112996
   0.0013208 ]
 [ 0.00159469 -0.00146056 -0.00382075 ...  0.00471549  0.00130783
  -0.00125172]
 [ 0.00208081 -0.0019573   0.00266364 ...  0.00371856  0.00104336
   0.00516811]
 [ 0.01263716  0.01252098  0.01597488 ...  0.01470012  0.01593745
   0.01579825]
 [-0.00098465  0.0008391   0.0017444  ...  0.00268024  0.00335792
   0.00314199]
 [-0.00191641 -0.00225243 -0.00352107 ...  0.00109012 -0.00025724
  -0.00294102]]",101.3327206,-144.09647
hiphop,50,583.6430315,59769.66,"[0.6111172437667847, 0.6149775981903076, 0.6254608631134033, 0.7143542170524597, 0.6663444638252258, 0.637204110622406, 0.6071914434432983, 0.5838360786437988, 0.5947418808937073, 0.6008540391921997, 0.6545161008834839, 0.6055219769477844]","[[ 0.00387416  0.00283006  0.0038185  ...  0.00082507 -0.00171642
   0.00335544]
 [-0.00543423 -0.00572622 -0.00676514 ... -0.00821721 -0.00616803
  -0.00372053]
 [ 0.00131757  0.00297674  0.00047687 ...  0.01641912  0.01940691
   0.01996771]
 [ 0.00292156  0.00601733  0.00886913 ...  0.00794005  0.00997392
   0.01026204]
 [ 0.00239294  0.00254887  0.00239125 ...  0.00168528  0.00208091
   0.00181386]
 [ 0.00066279 -0.00244325 -0.00223675 ...  0.00328037  0.00383934
   0.0037161 ]]",97.50884434,-143.34482
hiphop,51,1547.823588,63672.73,"[0.6369839906692505, 0.6231858730316162, 0.6472534537315369, 0.690054714679718, 0.714426577091217, 0.5963767766952515, 0.582293689250946, 0.6172434091567993, 0.5733759999275208, 0.6917871236801147, 0.6774514317512512, 0.6626660823822021]","[[ 0.00387164  0.00302673  0.0005035  ...  0.00238328 -0.00195877
   0.00345563]
 [-0.00435909 -0.00252701 -0.0018012  ... -0.00581207 -0.00506401
  -0.00213532]
 [-0.00314579 -0.01005287 -0.01300036 ...  0.00884068  0.01430016
   0.01986975]
 [ 0.01537477  0.01281282  0.01096077 ...  0.02447198  0.02071656
   0.0138491 ]
 [ 0.00063761 -0.00138354 -0.00016598 ...  0.00657215  0.00783284
   0.00673856]
 [-0.00201583 -0.00164535 -0.00241208 ... -0.00557413 -0.00761563
  -0.0018499 ]]",105.46875,-135.27216
hiphop,52,1170.46182,68457.5,"[0.6809608340263367, 0.7003971934318542, 0.6835076212882996, 0.6313897371292114, 0.6429407000541687, 0.603725016117096, 0.595553457736969, 0.6178715825080872, 0.6713535785675049, 0.7608441114425659, 0.8039039373397827, 0.730441153049469]","[[ 4.48646593e-03  6.00189874e-03  9.37567598e-04 ...  6.68170756e-03
   7.29503750e-03  3.84677958e-03]
 [-1.60488102e-03  5.42427794e-05 -9.10329644e-04 ...  5.85520950e-05
   1.78394651e-03  2.80540845e-03]
 [ 5.30684739e-03  8.51923972e-03 -9.68769193e-03 ...  1.21304765e-02
   1.40966997e-02  8.55161995e-03]
 [ 2.85370648e-03  3.11589241e-03  5.14704734e-03 ...  7.46331364e-03
   4.22617048e-03 -2.49419361e-03]
 [ 1.49522249e-03  1.50835634e-03  1.11880930e-03 ... -2.50434435e-03
   4.97414905e-05  2.01569179e-03]
 [ 1.04311295e-03  7.02686608e-04 -4.08435240e-04 ...  1.87968276e-03
  -4.25770879e-04 -1.66808628e-03]]",105.46875,-123.70038
hiphop,54,1743.442002,60817.82,"[0.7737376689910889, 0.7464925050735474, 0.6839970350265503, 0.6398196220397949, 0.6637758016586304, 0.6194352507591248, 0.592393696308136, 0.6248178482055664, 0.6282894015312195, 0.6186792850494385, 0.6491832137107849, 0.7055888772010803]","[[ 3.24313974e-03 -2.92908622e-03 -1.10120993e-03 ... -9.21495112e-05
   5.19193991e-04  1.36755285e-03]
 [-9.12453084e-05  3.37184350e-03  6.25602061e-03 ... -3.70308687e-04
  -1.22881510e-05 -1.45441616e-03]
 [ 6.04009628e-03  1.06177554e-02  9.00825113e-03 ...  1.03518441e-02
   3.84849310e-03  9.47803259e-04]
 [ 8.90364498e-03  2.58838385e-03 -1.29681826e-03 ...  3.29671800e-03
   2.95796245e-03  5.02398610e-03]
 [ 2.76112052e-03  3.59186600e-03  4.19111901e-03 ...  1.94139895e-03
   3.35098207e-03  2.02916439e-03]
 [-5.49864024e-04  1.30197406e-03  2.90334597e-03 ...  2.07991712e-03
   9.22549516e-05  4.42614779e-04]]",112.3471467,-116.73983
hiphop,55,1152.521716,51425.223,"[0.6118007302284241, 0.6061705946922302, 0.6001998782157898, 0.7023741602897644, 0.6674721837043762, 0.5987053513526917, 0.6182709336280823, 0.622380793094635, 0.5742738842964172, 0.5580677390098572, 0.6124220490455627, 0.6211382746696472]","[[ 3.88701091e-03  8.51435231e-03  1.22771362e-02 ...  5.46494596e-03
   3.60063726e-03  4.49563332e-03]
 [-9.16148104e-04 -8.08440874e-04 -3.61031921e-03 ... -2.71875818e-03
  -3.51666973e-03 -5.04379081e-03]
 [ 6.31552935e-03  1.04447305e-02  1.79995000e-02 ... -3.37099284e-03
  -7.05622882e-03 -3.17400694e-03]
 [ 3.40291113e-03  2.97419727e-03 -3.26119363e-03 ... -2.44858861e-03
   2.70012766e-03 -1.68163329e-03]
 [ 1.08060791e-03  1.35657027e-03  3.78345688e-04 ...  3.25894192e-04
   7.50474495e-04 -5.83405934e-04]
 [ 6.87241554e-05  2.87635252e-03  4.16498445e-03 ... -3.63513641e-03
  -1.21443532e-03 -1.64021179e-03]]",82.03125,-115.21039
hiphop,56,842.6650875,59827.38,"[0.6579498648643494, 0.6593903303146362, 0.6926007270812988, 0.722660481929779, 0.7115902304649353, 0.7113518118858337, 0.7287649512290955, 0.6948279142379761, 0.6868629455566406, 0.7228514552116394, 0.7729976177215576, 0.7154860496520996]","[[ 0.01091423  0.00982765  0.0081661  ...  0.00516146  0.00065168
  -0.00070156]
 [-0.00391026 -0.00137176 -0.0011173  ... -0.00046252 -0.00574796
  -0.00150264]
 [ 0.001731    0.00233326 -0.00069474 ...  0.00917029  0.00680553
   0.01096117]
 [ 0.01240359  0.01488414  0.00646321 ...  0.01585659  0.02183072
   0.02098556]
 [-0.00143344 -0.00079161 -0.00071743 ...  0.00167066  0.00340865
   0.00613401]
 [-0.00139812 -0.00146175 -0.00122225 ... -0.00453389 -0.00459921
  -0.00579189]]",101.3327206,-147.64253
hiphop,57,634.6169854,52945.895,"[0.5676465630531311, 0.5332826375961304, 0.5983583927154541, 0.7258851528167725, 0.7781578898429871, 0.7287573218345642, 0.6688740849494934, 0.7337998151779175, 0.770768404006958, 0.7619208693504333, 0.7140461206436157, 0.6347073316574097]","[[-3.46848280e-04  1.60175507e-03  5.32165699e-03 ... -4.99185779e-04
   4.33050831e-03  3.36017136e-03]
 [-2.61892164e-03 -3.90701278e-03 -9.22942311e-03 ... -2.59135975e-03
  -1.74378329e-03 -7.53399555e-04]
 [-9.11958516e-04  2.06814706e-03 -3.50896269e-03 ...  4.77971882e-03
   6.23799860e-04 -2.24295259e-03]
 [ 7.04099238e-03  1.15694329e-02  6.83621317e-03 ...  1.11833736e-02
   1.25030205e-02  7.07178563e-03]
 [ 1.13154309e-03  3.20846164e-03  2.15633781e-03 ...  4.53798670e-03
   4.15312087e-03  5.45217451e-04]
 [ 1.71214342e-05 -3.10188159e-04 -2.52426788e-03 ... -6.36134297e-04
  -2.41598114e-03 -2.44971178e-03]]",109.9567819,-147.24638
hiphop,58,2214.03859,61588.527,"[0.739141047000885, 0.7318325042724609, 0.7229713201522827, 0.7153569459915161, 0.7425529360771179, 0.7029821872711182, 0.6907469630241394, 0.7175203561782837, 0.7453055381774902, 0.7955648899078369, 0.7743908166885376, 0.758293092250824]","[[-2.79222971e-04 -1.75118907e-03  1.68982274e-03 ...  1.35329849e-03
   2.60470085e-03  4.71059541e-03]
 [ 4.29226959e-03  5.35133779e-04 -5.17442575e-03 ... -4.63553893e-05
  -1.32840091e-03 -1.14655018e-03]
 [ 1.10827461e-02  8.76933336e-03  2.90450454e-03 ...  3.64463776e-03
  -3.66964936e-03 -3.11677158e-03]
 [ 2.21136585e-02  2.79665515e-02  2.78957486e-02 ...  2.68267840e-03
   8.15694034e-03  7.98287988e-03]
 [ 4.31646318e-03  2.52066245e-03 -2.78291670e-04 ...  1.48199509e-03
   9.79940915e-04  1.25424823e-03]
 [-5.75998053e-03 -9.23910551e-03 -6.52839243e-03 ... -1.07982196e-03
   1.03251822e-03 -2.16446817e-04]]",120.1853198,-123.596825
hiphop,59,825.3987353,57464.402,"[0.7715693712234497, 0.7067970633506775, 0.695888340473175, 0.6936203837394714, 0.7097752690315247, 0.7862958312034607, 0.7192690372467041, 0.7000620365142822, 0.7118706107139587, 0.7568995356559753, 0.7211472392082214, 0.717082142829895]","[[ 0.00432261  0.00227994  0.00316122 ... -0.00036832 -0.00256618
   0.00353282]
 [-0.00198026 -0.00330429 -0.0019108  ... -0.00382348 -0.00456281
  -0.00515026]
 [-0.00364234 -0.0025247   0.00627512 ... -0.00502758 -0.00506587
  -0.00165791]
 [ 0.00566148  0.00609972  0.00700906 ...  0.01192954  0.01490838
   0.02128997]
 [ 0.00225447  0.00227504  0.00062312 ...  0.00085245  0.00342392
   0.00422025]
 [-0.00058356 -0.00080047  0.0005229  ...  0.00255137  0.00149075
   0.00272544]]",123.046875,-144.07462
hiphop,60,781.8683082,56343.367,"[0.694722592830658, 0.6329700946807861, 0.6305981874465942, 0.6458381414413452, 0.6106945276260376, 0.5970563888549805, 0.6335864067077637, 0.6844519972801208, 0.7850497364997864, 0.7778738141059875, 0.7410329580307007, 0.7321420311927795]","[[ 0.00166605  0.00099138  0.0034264  ...  0.00380298  0.00313043
   0.00402011]
 [-0.00919292 -0.00620277 -0.00089501 ...  0.00824196  0.00494831
  -0.00065763]
 [ 0.0026147  -0.00335106 -0.00062553 ... -0.01073129 -0.00704394
  -0.00090137]
 [ 0.01285121  0.01020432  0.00556102 ...  0.01244701  0.01209734
   0.00648211]
 [ 0.00341573  0.00230456  0.0035253  ...  0.00569094  0.0061707
   0.00257552]
 [-0.00040628 -0.00334536  0.00040803 ... -0.00564919 -0.00393376
  -0.00174345]]",120.1853198,-141.92888
hiphop,61,948.7225011,58041.5,"[0.7367530465126038, 0.6736097931861877, 0.6407882571220398, 0.6098085045814514, 0.6838858723640442, 0.7056851983070374, 0.6599487066268921, 0.6392062306404114, 0.6294865012168884, 0.6692066788673401, 0.7342360615730286, 0.7229666113853455]","[[-0.00297092 -0.00431302 -0.007121   ... -0.0008062  -0.00013856
  -0.00099721]
 [-0.00307924 -0.00318758 -0.00475104 ... -0.01182705 -0.01133534
  -0.00708121]
 [ 0.00916879  0.00789303  0.01196557 ...  0.00315695  0.00039627
   0.01014399]
 [ 0.01545084  0.01478272  0.0146518  ...  0.00554997  0.00119677
   0.00397273]
 [ 0.00380382  0.00411412  0.00584643 ...  0.00066395  0.00195462
   0.00092103]
 [-0.0029474  -0.00437725 -0.00414492 ... -0.00420397 -0.00226466
  -0.00377593]]",123.046875,-135.51422
hiphop,62,1947.703596,67668.53,"[0.615117609500885, 0.619361400604248, 0.6744998097419739, 0.7168205976486206, 0.7696706652641296, 0.6770718693733215, 0.69716876745224, 0.6591145992279053, 0.6056932806968689, 0.6213924884796143, 0.6340113878250122, 0.6558483839035034]","[[ 0.00328967  0.00281709  0.00211906 ... -0.00087888 -0.00146929
  -0.00191491]
 [-0.00470927 -0.00468114 -0.00113433 ... -0.00102656 -0.00521061
  -0.00438929]
 [ 0.00300356  0.00453471  0.00050655 ... -0.00794815 -0.01298698
  -0.00377233]
 [ 0.0084341   0.00835345  0.00586857 ...  0.02077617  0.01567787
   0.01103571]
 [ 0.00139258  0.00150514  0.00047627 ...  0.00505649  0.00292137
   0.00131755]
 [ 0.00023594  0.00033783  0.00020665 ...  0.00101453  0.00322668
   0.00218892]]",92.28515625,-97.03348
hiphop,63,2136.083503,65208.37,"[0.6320185661315918, 0.6560623645782471, 0.6092968583106995, 0.6626090407371521, 0.6465970277786255, 0.6675649285316467, 0.7104638814926147, 0.6493945717811584, 0.6383117437362671, 0.6674597263336182, 0.7610642910003662, 0.6746703386306763]","[[ 0.00708091  0.0063021   0.00657036 ...  0.00486448  0.00488895
   0.00472707]
 [-0.00193196 -0.00150705 -0.0028495  ... -0.00061336 -0.00098386
  -0.00290021]
 [ 0.0055766   0.00655533  0.00900715 ...  0.01014584  0.01458323
   0.00993448]
 [ 0.00815699  0.00680848  0.00654154 ...  0.01185818  0.00913536
   0.00812532]
 [ 0.00319052  0.00148009  0.00259038 ... -0.00032351  0.00244887
   0.00302016]
 [-0.00200506 -0.00180657 -0.00259577 ... -0.00042067 -0.0001908
   0.00173128]]",93.96306818,-89.24843
hiphop,64,1230.234838,61572.668,"[0.6032379865646362, 0.6240661144256592, 0.5994982719421387, 0.6303613781929016, 0.6236253380775452, 0.6044866442680359, 0.5952987670898438, 0.6132785677909851, 0.7271448373794556, 0.7254951596260071, 0.6596002578735352, 0.613182008266449]","[[ 0.00390108  0.00648859 -0.00131436 ...  0.00239717  0.00442781
   0.00378082]
 [ 0.00509665  0.00815028  0.00452315 ...  0.00495435  0.00479141
   0.00018487]
 [ 0.0074718   0.00325055  0.00117245 ...  0.00385157 -0.00105464
   0.00067374]
 [ 0.00791355  0.00468273  0.00331562 ...  0.00348821  0.00240974
   0.00537519]
 [ 0.00249414  0.00347879  0.00426781 ...  0.00139772  0.00490224
   0.00460382]
 [-0.0051564  -0.00428359 -0.00160414 ... -0.00760411 -0.00756994
  -0.00392457]]",114.84375,-125.495895
hiphop,65,1443.944916,72505.35,"[0.6233099699020386, 0.6588072776794434, 0.6992560625076294, 0.719519853591919, 0.721771240234375, 0.6773563027381897, 0.6173057556152344, 0.556743323802948, 0.5449072122573853, 0.5641683340072632, 0.5814814567565918, 0.6085215210914612]","[[ 4.38645682e-04  2.70888359e-04  2.86120316e-03 ...  2.96705997e-03
   1.64736102e-03  1.35217756e-03]
 [-2.68836797e-03 -1.62223235e-03 -5.20694070e-03 ... -1.77304683e-03
  -6.20740738e-04  4.67238369e-04]
 [ 1.64450705e-03  2.66303122e-03 -6.32800162e-04 ...  4.13484126e-03
   8.55087489e-03  6.04384392e-03]
 [ 5.08251786e-03  1.19323432e-02  1.22466758e-02 ...  8.86854529e-03
   1.50746703e-02  1.47339031e-02]
 [ 2.01696292e-03  8.16124359e-04  6.98203022e-03 ... -1.40923469e-04
   1.88705368e-03  3.35836038e-03]
 [ 2.78622098e-03  1.78327411e-03  1.50215626e-03 ...  7.87097961e-05
   6.71848655e-04  1.06033683e-03]]",95.703125,-131.08217
hiphop,66,1242.932717,64453.46,"[0.7105368375778198, 0.7299177050590515, 0.603350043296814, 0.575449526309967, 0.5790560841560364, 0.5348755717277527, 0.6838071346282959, 0.6077418923377991, 0.638634204864502, 0.6378924250602722, 0.6734826564788818, 0.7757469415664673]","[[ 3.22814734e-03  2.58301764e-03 -5.89216317e-04 ...  3.86990336e-03
   2.16982133e-03  1.37042291e-03]
 [-3.94567474e-03 -3.21064656e-03 -3.37624655e-04 ... -2.48748534e-03
  -2.55525586e-03  2.87138055e-04]
 [ 9.08058882e-03  8.11029226e-03  5.56532294e-03 ... -2.28285789e-05
  -8.81627202e-05  1.77146494e-03]
 [ 8.20377469e-03  8.21679085e-03  7.29557872e-03 ...  6.85096532e-03
   8.55740160e-03  4.69740480e-03]
 [ 2.16772628e-03  3.15960090e-03  2.58437660e-03 ...  2.87064020e-03
   1.20337112e-03  1.64711180e-03]
 [-1.27463415e-03 -2.01209635e-03 -4.34557721e-03 ... -2.04195641e-03
  -8.30795616e-04 -1.41623430e-03]]",123.046875,-117.72862
hiphop,67,2071.349114,60899.547,"[0.7845760583877563, 0.7432823777198792, 0.7655028104782104, 0.6944350600242615, 0.6369168758392334, 0.6058923602104187, 0.591501772403717, 0.6324275135993958, 0.6536062955856323, 0.6616321206092834, 0.6765144467353821, 0.7252547740936279]","[[ 6.65509243e-04 -2.08010664e-03 -2.11240464e-04 ...  4.52287684e-03
   5.40310706e-03  4.62187771e-03]
 [ 1.26873908e-05 -2.25441859e-04 -2.38028252e-03 ... -2.64084903e-03
  -1.66442599e-03 -2.32615615e-03]
 [-1.00170076e-03  5.63177466e-03  1.46964937e-03 ...  3.00511718e-03
  -5.19749522e-03 -9.45264846e-03]
 [ 9.81095433e-03  3.53884697e-03 -2.94816494e-03 ...  1.38933137e-02
   6.64018095e-04  7.75165856e-04]
 [ 3.33590283e-03  1.98091018e-03  1.27936094e-03 ...  2.12180461e-04
  -1.00337278e-03  2.61116048e-03]
 [-8.50049779e-04  1.51989236e-03  1.23595446e-03 ... -1.62522495e-03
  -1.25620887e-03  1.70125440e-03]]",129.1992188,-116.72619
hiphop,68,1295.496979,62595.023,"[0.6995438933372498, 0.7181937098503113, 0.7270224690437317, 0.7265574336051941, 0.7274206876754761, 0.6957316994667053, 0.693367063999176, 0.6957038044929504, 0.7196013927459717, 0.7698038816452026, 0.7410869598388672, 0.6806237101554871]","[[ 3.76918920e-03 -2.11659526e-04  2.22529250e-04 ... -6.44448244e-03
  -2.10458086e-03 -1.21421690e-03]
 [-1.82381943e-03 -7.00152824e-04 -9.09307772e-04 ... -1.78999978e-03
  -2.96175879e-03 -2.06212465e-03]
 [ 5.24185598e-03  9.07241553e-03  6.54397160e-03 ...  1.35697350e-02
   1.12628117e-02  7.37787783e-03]
 [ 5.94835728e-03  9.11383331e-03  1.30906999e-02 ...  6.37977570e-03
   7.63519853e-03  6.32908195e-03]
 [ 1.99325360e-03  6.91409298e-04 -5.93587808e-05 ...  1.22789021e-04
   1.72604714e-04  2.27038707e-03]
 [ 4.12479043e-04 -1.42399035e-03 -1.63116492e-03 ... -1.80115551e-03
  -2.66002305e-03 -1.72921084e-03]]",129.1992188,-136.04453
hiphop,69,1665.999863,58538.21,"[0.6602147817611694, 0.6616042852401733, 0.6766553521156311, 0.6749050617218018, 0.6801846623420715, 0.6683022975921631, 0.6875530481338501, 0.689628541469574, 0.7317808270454407, 0.7872669100761414, 0.774152934551239, 0.723408043384552]","[[ 0.00085808  0.00188376  0.00606788 ...  0.00036594 -0.00100588
   0.00327504]
 [-0.00222391  0.00065937  0.00070723 ... -0.00332935 -0.00230324
  -0.00245875]
 [ 0.01294761  0.00679511 -0.00186246 ...  0.00122935 -0.00129555
   0.00089449]
 [ 0.00240515  0.00128271  0.00449439 ... -0.0015565   0.00503506
   0.00684734]
 [ 0.00211824  0.00189348  0.0024431  ...  0.0033754   0.0046285
   0.00287667]
 [-0.00240689 -0.00212405 -0.0020898  ... -0.00270949 -0.00269621
  -0.00018507]]",101.3327206,-138.4262
hiphop,71,1527.281347,57361.45,"[0.6822623014450073, 0.7680277824401855, 0.8022968173027039, 0.7167071104049683, 0.6149011850357056, 0.5551641583442688, 0.5766357183456421, 0.5556207299232483, 0.6230995655059814, 0.643801212310791, 0.5822261571884155, 0.5801522135734558]","[[ 0.00042097 -0.00185104 -0.00241656 ...  0.00060867 -0.0003536
   0.00304863]
 [-0.00081027  0.00022146  0.00055479 ...  0.00241773  0.00050371
  -0.0001281 ]
 [ 0.00882066  0.00977763  0.00851838 ...  0.0060978   0.00815493
   0.00714195]
 [ 0.00903077  0.01616435  0.01648109 ...  0.01313297  0.00936215
   0.00623784]
 [ 0.00214638  0.00331272  0.00628729 ...  0.00493041  0.00503236
   0.00291327]
 [-0.0028806  -0.00163256 -0.0015361  ... -0.00192757 -0.00185299
   0.0002369 ]]",129.1992188,-142.35847
hiphop,72,704.2641414,58912.223,"[0.6190055012702942, 0.6093968152999878, 0.6106793880462646, 0.745811939239502, 0.7349459528923035, 0.655707836151123, 0.6421797275543213, 0.6203991770744324, 0.6090878844261169, 0.5608004331588745, 0.6128268241882324, 0.5842944383621216]","[[ 1.91102273e-03 -1.40459739e-03 -1.98816085e-04 ...  1.83717417e-03
   3.07919360e-03  3.27027440e-03]
 [-7.83697912e-03 -1.14478891e-02 -7.31620222e-03 ... -2.94844926e-03
  -3.37917669e-03 -4.85096255e-03]
 [ 1.80490240e-02  1.48589462e-02  9.36502218e-03 ...  2.05144286e-04
  -3.76621634e-03  1.85086578e-03]
 [-8.58463347e-04 -4.78095561e-03 -2.66116858e-03 ...  8.06674361e-04
   6.46755844e-03  1.22577697e-02]
 [ 3.46288268e-03  4.39889894e-03  4.89844958e-03 ...  3.91598901e-04
  -5.38936048e-05 -3.69309113e-04]
 [-3.80266458e-04 -1.38945878e-03 -1.81411579e-03 ... -1.75571069e-04
  -8.08315352e-04 -1.32239237e-03]]",132.5120192,-144.10948
hiphop,74,1552.9796,57748.855,"[0.6862807869911194, 0.6985328793525696, 0.7343499064445496, 0.7436289191246033, 0.7443332672119141, 0.7189013361930847, 0.6898645758628845, 0.7173850536346436, 0.7351582050323486, 0.7768079042434692, 0.7329409122467041, 0.7161897420883179]","[[ 5.99710847e-03  2.83702997e-03  4.50799313e-03 ...  1.33604798e-03
   2.57523651e-03  1.22133528e-04]
 [ 7.76757646e-04  1.68395528e-03  2.70968535e-03 ... -2.73431622e-03
  -2.70207590e-03 -1.38751465e-03]
 [ 5.22433221e-03  4.58724052e-03  3.88574600e-03 ...  1.12769008e-03
  -2.33322382e-04  3.25548649e-03]
 [ 1.16422400e-02  1.73188820e-02  2.20474303e-02 ...  5.29582053e-03
   8.59021395e-03  4.20479476e-03]
 [-9.37764854e-04 -1.89888737e-03 -9.58112472e-04 ...  3.53162647e-03
   4.91142534e-03  3.40400460e-03]
 [-2.36804411e-03 -3.93141061e-04  1.19565241e-03 ... -3.00854445e-05
  -9.47196037e-04  1.33125484e-03]]",99.38401442,-136.1547
hiphop,75,2629.119477,63419.812,"[0.6751530766487122, 0.6741781830787659, 0.6989566087722778, 0.6506582498550415, 0.6365340352058411, 0.6134122610092163, 0.6442294716835022, 0.688892662525177, 0.69571453332901, 0.7025908827781677, 0.6954277157783508, 0.6913041472434998]","[[ 0.00198784  0.00151549  0.00378354 ... -0.0034766  -0.00377456
  -0.00152321]
 [-0.00055159  0.00053492 -0.00476804 ... -0.00260822 -0.00289558
  -0.00169258]
 [ 0.00115704 -0.00567835 -0.01000292 ...  0.00861641  0.00982346
   0.00795008]
 [ 0.00814117  0.01461414  0.01499486 ...  0.0068586   0.00816032
  -0.00211156]
 [ 0.00097201  0.00239934  0.00299509 ...  0.00125605 -0.0002426
  -0.00013644]
 [ 0.00083247  0.00037332 -0.00032173 ... -0.00033651 -0.00013774
  -0.00129746]]",123.046875,-114.26354
hiphop,78,1593.136261,64105.06,"[0.6577247381210327, 0.6942732334136963, 0.716151773929596, 0.6052737236022949, 0.6485579013824463, 0.6040624380111694, 0.6538230180740356, 0.5347292423248291, 0.5147433876991272, 0.5887153744697571, 0.597775936126709, 0.6664767861366272]","[[ 0.00231858  0.00282094  0.00119363 ... -0.00018718 -0.0026704
  -0.00219224]
 [-0.00179166 -0.00174043 -0.00299197 ... -0.00048024  0.00043489
  -0.00040108]
 [ 0.00375025  0.00383084  0.00301272 ...  0.00235569  0.00089261
   0.00123303]
 [ 0.00701968  0.00906199  0.00970771 ...  0.00356604 -0.00077328
   0.00148079]
 [ 0.00182905  0.00130468  0.00071797 ...  0.00162234  0.00363603
   0.0025638 ]
 [-0.00065955  0.00011917  0.00119594 ...  0.00143673  0.00043171
  -0.00044961]]",97.50884434,-83.342255
hiphop,79,3144.324264,78774.086,"[0.6624720692634583, 0.6989331841468811, 0.6854156255722046, 0.6844275593757629, 0.658759593963623, 0.6321278214454651, 0.5891252160072327, 0.5987318754196167, 0.6068164110183716, 0.654913604259491, 0.7286128997802734, 0.6886841654777527]","[[ 0.00171544 -0.00072511 -0.00253004 ...  0.0026923   0.010004
   0.00800995]
 [-0.00198506 -0.00084582 -0.00060468 ... -0.00059709 -0.00130914
   0.0038244 ]
 [ 0.00693224  0.01074443  0.0111383  ...  0.00078133  0.01363719
   0.020726  ]
 [ 0.00470756  0.0080047   0.00521326 ...  0.00189228 -0.00132765
   0.00334655]
 [ 0.00194187 -0.00014191 -0.00105613 ... -0.00305959 -0.00184863
   0.00440664]
 [-0.00294056 -0.00179447 -0.00156351 ... -0.00434057  0.00083403
   0.00047948]]",139.6748311,-72.2971
hiphop,81,665.4595018,43844.91,"[0.7421497106552124, 0.7972432971000671, 0.7444486618041992, 0.6743391752243042, 0.7139930129051208, 0.6661052703857422, 0.6329582929611206, 0.6409445405006409, 0.7625845074653625, 0.6985155940055847, 0.6668164134025574, 0.6881734132766724]","[[ 0.00380601  0.00244506  0.00198334 ...  0.00608571  0.00595635
   0.00536661]
 [ 0.00066539 -0.00143273 -0.0005609  ... -0.00656821 -0.0012289
  -0.00184884]
 [ 0.00249273 -0.00079605 -0.00600834 ... -0.00458396  0.00053751
   0.00696597]
 [ 0.00759625  0.00540488  0.00177153 ...  0.00440225  0.00322618
   0.01076954]
 [ 0.0031806   0.00264415  0.0018377  ...  0.00076694  0.00116382
   0.00327211]
 [ 0.0005178  -0.00082397 -0.00228933 ... -0.00133613 -0.00189125
  -0.00086117]]",101.3327206,-132.63632
hiphop,82,1710.547207,45121.17,"[0.684165358543396, 0.7161031365394592, 0.7172492742538452, 0.6460157036781311, 0.6410393118858337, 0.6428840756416321, 0.6503958702087402, 0.7298796772956848, 0.6792513728141785, 0.6934614181518555, 0.7915628552436829, 0.7093920111656189]","[[ 6.70309771e-03  9.18805864e-03  7.19257651e-03 ... -2.13821235e-03
   4.28755042e-03  5.42747014e-03]
 [ 7.50703359e-04 -8.93674959e-04 -5.47113681e-03 ... -1.47690266e-03
   1.23321945e-03  1.32700086e-03]
 [ 6.68271631e-03  6.82596862e-03 -5.77510148e-03 ...  1.76177174e-03
   5.49388677e-03  5.05221635e-03]
 [ 4.32386249e-03  8.14802200e-03  1.05407611e-02 ...  1.19037032e-02
   1.54134110e-02  8.79694521e-03]
 [ 2.24812954e-03  4.49726888e-03  5.04190884e-03 ...  2.16066737e-03
   8.24428587e-04  3.28901007e-04]
 [-2.25296989e-03 -1.09598599e-03 -1.76223926e-03 ... -2.17925757e-04
  -2.45694071e-04  6.96908683e-05]]",105.46875,-100.10279
hiphop,84,1643.400742,47937.97,"[0.7521038055419922, 0.7033109068870544, 0.6757771372795105, 0.682469367980957, 0.7148869633674622, 0.7083919048309326, 0.7166334390640259, 0.7449983358383179, 0.7193300724029541, 0.7204436659812927, 0.7259149551391602, 0.7221274971961975]","[[ 0.00546663  0.00124358 -0.00114616 ...  0.00181037  0.00336882
   0.0053912 ]
 [-0.00184608 -0.00466142 -0.00444257 ... -0.00261379 -0.00097639
  -0.0009237 ]
 [-0.00498734 -0.00517543  0.00229017 ...  0.00319877  0.000179
  -0.00224493]
 [ 0.0063156   0.00136575 -0.00521795 ...  0.00750244  0.00895339
   0.0113826 ]
 [ 0.0015593   0.00462932  0.00465068 ...  0.00392816  0.00188032
   0.00395159]
 [ 0.00065331  0.00109253  0.00230744 ... -0.00114045 -0.00110683
   0.00075033]]",112.3471467,-81.98828
hiphop,85,1933.546301,45832.293,"[0.6688057780265808, 0.7120683789253235, 0.6742686033248901, 0.7000576853752136, 0.6810563206672668, 0.6481065154075623, 0.6269052028656006, 0.6529318690299988, 0.6645030379295349, 0.690169632434845, 0.7522387504577637, 0.6859427094459534]","[[-0.00014778  0.00170877  0.00401329 ... -0.0037272   0.00927769
   0.01081664]
 [ 0.00071807  0.00023499 -0.00397028 ...  0.00851879  0.00572113
  -0.00157588]
 [ 0.01066256  0.0166517   0.01518426 ...  0.02088934  0.02550551
   0.0203857 ]
 [ 0.01932302  0.01120907  0.00012225 ...  0.01517503  0.00376397
   0.00150275]
 [ 0.00298877  0.00225837  0.00019405 ...  0.00580401  0.0016829
  -0.00094919]
 [-0.0022433  -0.0003885   0.00112743 ...  0.00058363  0.00219814
   0.00054112]]",109.9567819,-95.39017
hiphop,86,1144.843726,49699.293,"[0.7270064353942871, 0.6837380528450012, 0.6909632086753845, 0.6461179852485657, 0.6007481217384338, 0.597261905670166, 0.6799977421760559, 0.6785497069358826, 0.7315647006034851, 0.7103918194770813, 0.6228190064430237, 0.6219329833984375]","[[ 5.88091563e-03  4.04121845e-03  5.11872929e-03 ...  3.66960805e-03
  -3.90784107e-04 -1.23656999e-03]
 [-5.41196768e-03 -3.66754902e-03 -5.90913529e-03 ...  4.43184954e-05
  -1.22863248e-03  3.15262379e-04]
 [-1.86778605e-03 -3.01720947e-03 -2.24967301e-03 ...  1.23066977e-02
   1.80222988e-02  1.25417039e-02]
 [ 3.90507281e-03  6.96180016e-03  5.24496287e-03 ...  1.55689344e-02
   7.69311935e-03 -7.58841634e-05]
 [ 2.87314050e-03  2.92356272e-03  2.75832663e-03 ...  1.93214945e-03
   9.41739527e-04  2.77736119e-03]
 [-3.07111070e-03 -3.22136097e-03 -1.50765851e-03 ... -1.11620501e-03
  -3.48518044e-03 -4.13153321e-03]]",132.5120192,-125.04057
hiphop,87,1317.837485,59992.973,"[0.8098309636116028, 0.751761257648468, 0.7960330843925476, 0.8273303508758545, 0.7742600440979004, 0.7649340629577637, 0.8242522478103638, 0.8626188039779663, 0.8078880310058594, 0.8350962400436401, 0.8392060995101929, 0.8105014562606812]","[[ 2.05429080e-03  1.07262177e-03  2.86041807e-03 ... -4.51962350e-04
  -1.15303078e-04 -3.03394711e-04]
 [ 1.34494708e-03  2.86265510e-03  2.56815346e-04 ... -1.53891084e-03
  -2.30496706e-03 -9.97015268e-04]
 [-1.88130140e-03  5.04791737e-04  7.65100121e-05 ... -8.70197266e-03
   1.41343474e-03  1.73650682e-03]
 [ 3.50294262e-03  6.58593327e-03  7.40823150e-03 ...  1.15487874e-02
   1.57268271e-02  1.61514059e-02]
 [-1.07435554e-03  1.04103216e-03  1.98934345e-03 ...  1.94362825e-03
   1.64593101e-03 -1.95426825e-04]
 [-2.75243446e-03 -2.27583759e-03 -1.87172368e-03 ... -3.26551124e-03
  -8.49919394e-04 -1.32415257e-03]]",101.3327206,-132.65755
hiphop,88,2398.224774,49897.37,"[0.6867516040802002, 0.6826496720314026, 0.6878531575202942, 0.6184532642364502, 0.6482380032539368, 0.6378183364868164, 0.5940544605255127, 0.6309469938278198, 0.6443735361099243, 0.7185632586479187, 0.7349199056625366, 0.7273378968238831]","[[ 5.04974081e-03  2.95529488e-03  3.73714074e-03 ... -2.78239332e-03
   4.31585592e-04 -7.07238143e-04]
 [-3.28455560e-03 -5.79429141e-03 -5.35293278e-03 ... -2.02194975e-03
   2.49960929e-03 -3.95687406e-03]
 [ 1.03692859e-02  7.84306228e-03  3.29411775e-03 ...  5.34490496e-03
   5.87318093e-03  3.61845642e-03]
 [ 6.35965168e-03  9.01706517e-03  9.15031880e-03 ...  9.19310749e-03
   9.24996287e-03  7.50027597e-03]
 [ 2.56549367e-03  3.43762479e-03  2.70286832e-03 ...  1.70091507e-03
   1.65961009e-03  7.25894108e-06]
 [ 3.37063335e-03  2.37989239e-03 -7.89981335e-04 ...  5.53350896e-04
  -2.09102407e-04 -3.60876322e-04]]",114.84375,-91.28545
hiphop,89,1785.356819,55270.125,"[0.8061776161193848, 0.7265720367431641, 0.6370208859443665, 0.6146994829177856, 0.6502532362937927, 0.585961103439331, 0.5766892433166504, 0.71758633852005, 0.6863878965377808, 0.638541579246521, 0.6614996790885925, 0.6870699524879456]","[[ 0.01062778  0.01228153  0.00424517 ...  0.00695807  0.00851509
   0.01058724]
 [ 0.00040106 -0.00181747 -0.00199771 ... -0.00556195 -0.00349791
  -0.00027264]
 [-0.01050968 -0.01005302 -0.00154471 ...  0.0010104   0.004232
   0.00201607]
 [ 0.00980002  0.00952044  0.02029016 ... -0.00145399 -0.00705294
   0.00388879]
 [-0.00092106 -0.00317169  0.00159923 ...  0.00188445  0.00206272
   0.00170525]
 [ 0.00067233 -0.00075271 -0.00073418 ...  0.00041746 -0.00098149
   0.00046605]]",126.0480183,-120.82367
hiphop,91,2039.207545,47863.14,"[0.7119060158729553, 0.7115277647972107, 0.694948136806488, 0.6991915106773376, 0.7488554120063782, 0.7700138688087463, 0.72279953956604, 0.6937710642814636, 0.7101178169250488, 0.7507205009460449, 0.7886499762535095, 0.7073422074317932]","[[ 9.40538083e-04  1.23123084e-03  2.72414178e-03 ...  6.00375788e-03
   1.05694136e-02  7.40781948e-03]
 [-4.22604267e-03 -3.74927919e-04 -3.21472115e-06 ... -8.92428268e-03
  -6.95922749e-03 -1.90596769e-03]
 [ 6.31931424e-03  5.21502644e-03  4.93825972e-03 ...  1.12171471e-02
   9.76271927e-03  5.30762225e-03]
 [ 7.30612129e-03  7.28388876e-03  6.04648888e-03 ...  1.75266489e-02
   1.38900205e-02  2.11709440e-02]
 [ 2.09799206e-03  1.17102528e-03  2.71664741e-03 ... -7.79687701e-04
  -1.87723314e-03 -6.99184431e-04]
 [-2.80595385e-03 -2.97442824e-03 -4.98017296e-04 ... -2.01616436e-04
   1.16750225e-03  4.85357828e-03]]",135.9991776,-118.421745
hiphop,92,869.4085727,49972.02,"[0.6636937856674194, 0.65372633934021, 0.6348695158958435, 0.6318084597587585, 0.6303223967552185, 0.5887145400047302, 0.5905836224555969, 0.6188203692436218, 0.681203305721283, 0.7634716629981995, 0.7047460079193115, 0.6789792776107788]","[[ 8.46526060e-03  5.47966069e-03  3.50318123e-03 ... -1.73902785e-03
   1.21181745e-04  1.88523439e-03]
 [-2.22726447e-03 -3.12821340e-03 -5.64719166e-03 ... -2.91914955e-03
  -3.52337466e-04 -3.01852090e-03]
 [ 1.50186196e-02  1.98007822e-02  1.43417865e-02 ...  6.01930171e-03
   6.74615055e-03  5.93115389e-03]
 [-3.64040583e-03 -4.25530225e-03  1.93044543e-03 ...  8.72752815e-03
   5.54522872e-03  1.19163841e-03]
 [ 2.03610394e-03  2.99204518e-03  3.78464734e-03 ...  3.34613955e-03
   3.36828739e-03  2.27677493e-03]
 [ 1.28557906e-03  9.11783427e-04 -1.21502206e-04 ...  1.19940192e-03
   1.47842802e-03  7.34869391e-05]]",114.84375,-134.62862
hiphop,93,2421.271962,53664.73,"[0.7234718203544617, 0.6995736360549927, 0.7245646715164185, 0.747900664806366, 0.77070552110672, 0.6872624754905701, 0.6521661281585693, 0.6689999103546143, 0.6528298854827881, 0.6496907472610474, 0.6699088215827942, 0.714657187461853]","[[ 0.00557341  0.0070099   0.00953296 ...  0.00391882  0.00388278
   0.00371063]
 [-0.00508889 -0.00394725 -0.00202359 ... -0.00160453 -0.00236174
  -0.00117181]
 [ 0.01557627  0.01923092  0.01945962 ...  0.00150322  0.0027748
   0.0051306 ]
 [ 0.01288719  0.01386406  0.00881774 ...  0.00913029  0.00872439
   0.00903428]
 [ 0.00413192  0.00426963  0.00286697 ...  0.00304894  0.00203418
   0.00382026]
 [-0.00048201  0.00047977  0.00023862 ...  0.00065639 -0.00060122
   0.001202  ]]",117.4538352,-122.47271
hiphop,94,738.0408928,49836.527,"[0.7238913178443909, 0.6557822227478027, 0.5999913811683655, 0.5843043923377991, 0.569534182548523, 0.5569019913673401, 0.5739923715591431, 0.5986457467079163, 0.6231890916824341, 0.6516406536102295, 0.6729578375816345, 0.7456263899803162]","[[ 2.25569709e-03  1.84496209e-03  3.13122686e-03 ... -4.55950519e-03
   4.42409286e-03  1.58539120e-03]
 [-2.51664801e-03 -2.38880737e-03 -1.19482820e-04 ...  1.57488363e-03
  -1.11532103e-04 -1.64636863e-03]
 [ 1.58272684e-04  4.54796106e-03  1.05233192e-02 ...  1.25547871e-02
   8.82036984e-03  7.97386467e-03]
 [ 8.81925970e-03 -1.90034509e-04 -3.36908549e-03 ...  5.12497872e-03
   6.45127892e-03  1.32345855e-02]
 [ 1.96394361e-03  1.16023688e-03 -1.45480148e-03 ... -4.17067783e-03
  -8.43295382e-05  2.63388257e-03]
 [-8.11317936e-04 -5.41526824e-04 -1.17702037e-03 ... -2.77747586e-03
  -2.46561877e-03 -2.69409828e-03]]",147.65625,-127.86841
hiphop,95,2373.035516,44672.14,"[0.7943873405456543, 0.7224278450012207, 0.7194727659225464, 0.7295922636985779, 0.7770982980728149, 0.7862482070922852, 0.7965220212936401, 0.7886447906494141, 0.8022302985191345, 0.8115392327308655, 0.7797600626945496, 0.7814592719078064]","[[ 0.00070071  0.00465407  0.00458516 ...  0.00374172  0.00206146
   0.00232443]
 [-0.00074199 -0.00062744 -0.00462346 ...  0.00126471 -0.00084744
  -0.00335597]
 [ 0.00367848  0.00537784  0.0057085  ...  0.00779729  0.00635815
   0.00600756]
 [ 0.0019659   0.00715335  0.00494654 ...  0.00727273  0.00447836
   0.01004788]
 [-0.00024347  0.00343907  0.00437643 ...  0.00183977  0.0002212
   0.00091957]
 [-0.00426956 -0.00410575  0.0019779  ...  0.00158145 -0.00103662
  -0.00031233]]",112.3471467,-122.30122
hiphop,96,1332.080074,48113.082,"[0.6373292207717896, 0.6360726356506348, 0.6698999404907227, 0.6879220604896545, 0.6979553699493408, 0.6740569472312927, 0.6063979268074036, 0.6005238890647888, 0.6489508748054504, 0.652876615524292, 0.658719539642334, 0.6690689325332642]","[[ 0.00170167 -0.00087289  0.00055445 ... -0.00030036  0.00136811
   0.00041435]
 [-0.0028687  -0.00454483 -0.00062493 ... -0.00270778 -0.00350564
  -0.00154277]
 [-0.00537003 -0.0114714  -0.0077354  ...  0.00621247  0.00817521
   0.00881656]
 [ 0.01180018  0.00754426  0.01688273 ...  0.00894963  0.01151
   0.00848299]
 [ 0.00286877  0.00339321  0.00323788 ...  0.00195566  0.00211716
   0.00070689]
 [ 0.00205107  0.00265119  0.00060505 ... -0.00138215  0.00070356
  -0.0019444 ]]",143.5546875,-92.19638
hiphop,97,1573.138458,46752.977,"[0.666478157043457, 0.683052659034729, 0.6606997847557068, 0.7541358470916748, 0.6647899746894836, 0.6104955077171326, 0.6005415320396423, 0.6170174479484558, 0.6323670148849487, 0.6345115900039673, 0.7072336673736572, 0.6864863038063049]","[[ 0.00492297  0.00666482  0.00236961 ...  0.00416918  0.00057572
   0.00369879]
 [ 0.00175826  0.00301284  0.000634   ... -0.0044942  -0.00038225
   0.00354352]
 [ 0.01087079  0.00235259 -0.00229311 ...  0.01159246  0.00976302
   0.00959501]
 [ 0.00792856  0.00804683  0.00900199 ...  0.01013569  0.01456265
   0.00649899]
 [ 0.00208422  0.00299425  0.00291785 ...  0.00464703  0.00252689
   0.00335426]
 [-0.00110346 -0.00076898 -0.00190591 ... -0.00015328  0.00013648
  -0.0006755 ]]",112.3471467,-125.118126
hiphop,98,1498.271329,50678.043,"[0.710059404373169, 0.7342516183853149, 0.7331085801124573, 0.7188088893890381, 0.7413384914398193, 0.720693826675415, 0.6827197074890137, 0.6364323496818542, 0.6804283261299133, 0.7330118417739868, 0.7204349637031555, 0.7754588723182678]","[[-2.02228147e-03 -5.54803543e-04  6.19101547e-04 ... -6.80569628e-05
  -1.04484249e-03 -1.73962451e-03]
 [ 1.99902871e-03  3.05740398e-03  2.69336107e-03 ... -1.51329383e-03
  -2.15288090e-03 -3.66816326e-03]
 [ 7.81893730e-03  7.18414038e-03  6.62667304e-03 ...  8.06298852e-03
   6.81647658e-03  4.20285016e-03]
 [ 3.58465314e-03  8.60483944e-03  1.32214502e-02 ...  1.71179771e-02
   6.36254251e-03  7.21970946e-03]
 [ 4.09312653e-03  3.01022479e-03  2.45253487e-03 ...  3.05878550e-03
   7.49571161e-04  5.78579545e-04]
 [ 1.60484016e-03 -1.12743862e-03 -1.67154148e-03 ...  1.13433041e-03
   1.00615434e-03  1.06224045e-03]]",105.46875,-128.16116
hiphop,99,1782.031976,50289.65,"[0.586120069026947, 0.6364045739173889, 0.7703506946563721, 0.6916729807853699, 0.6434866786003113, 0.6006649136543274, 0.6178541779518127, 0.5794474482536316, 0.5939449667930603, 0.6519140601158142, 0.5519219040870667, 0.5484352707862854]","[[ 0.00095916  0.00396833  0.00281965 ...  0.0025934   0.00701527
   0.00517028]
 [-0.00267405 -0.00011107  0.00287305 ... -0.00257747 -0.00226083
  -0.00386569]
 [ 0.01089747  0.00679418  0.00723333 ...  0.00516798  0.00859717
   0.00992156]
 [ 0.01322848  0.01369523  0.01142958 ...  0.00630003  0.0094495
   0.00704012]
 [ 0.00159089  0.00259947  0.0023182  ...  0.00023726  0.00146724
   0.00309765]
 [ 0.00359629  0.0029212   0.00140022 ...  0.00062375  0.00140792
   0.00042394]]",107.6660156,-77.963554
jazz,1,984.8345531,30818.334,"[0.5815678834915161, 0.5306187272071838, 0.5356916785240173, 0.511928915977478, 0.5865607857704163, 0.6937989592552185, 0.5508283972740173, 0.4945429563522339, 0.4366648197174072, 0.4679807126522064, 0.43307870626449585, 0.5295667052268982]","[[ 0.00147073 -0.00074714 -0.00107722 ... -0.00211581 -0.00429035
  -0.00103792]
 [-0.00521271 -0.00677709 -0.00732568 ...  0.00319008  0.00318017
   0.00014563]
 [ 0.00557783  0.00815221  0.008184   ...  0.0204285   0.02040752
   0.01846975]
 [-0.00032992 -0.0005129  -0.00112538 ...  0.00835993  0.01133423
   0.01125449]
 [ 0.00116398  0.00158831  0.00236644 ...  0.00931591  0.01081861
   0.00927414]
 [ 0.00104448  0.00229515  0.0003584  ...  0.00087067  0.00143506
   0.00205505]]",135.9991776,-73.163826
jazz,2,1182.982083,26170.613,"[0.5654435753822327, 0.49829941987991333, 0.4192831516265869, 0.36671558022499084, 0.3050767183303833, 0.45521071553230286, 0.3940202295780182, 0.3733069598674774, 0.44904810190200806, 0.5017768144607544, 0.6099337339401245, 0.47258761525154114]","[[ 3.02031769e-03  1.63160922e-03  5.29446666e-03 ...  5.13316131e-03
   5.75209383e-03  4.52976668e-03]
 [-3.74052285e-03 -1.24700409e-03 -2.97693029e-03 ... -6.84273507e-03
  -6.52106289e-03 -3.12632607e-03]
 [ 8.14874470e-03  9.91486758e-03  1.31760910e-02 ...  2.56071016e-02
   2.30664313e-02  1.68614760e-02]
 [ 3.54188681e-03  8.10645521e-04  3.63610685e-04 ...  2.66374648e-03
   3.95895541e-03  8.02576542e-05]
 [ 1.55274879e-03  1.59532490e-03 -8.12027090e-04 ...  2.62233924e-03
   2.03573615e-03  2.36852150e-03]
 [ 2.95197964e-03  2.94437818e-03  2.61464715e-03 ... -1.24158897e-03
  -4.50681895e-04  3.01581435e-03]]",129.1992188,-93.67069
jazz,3,782.6006537,17527.588,"[0.4439027011394501, 0.5445002317428589, 0.6572716236114502, 0.44868212938308716, 0.4525734782218933, 0.507199764251709, 0.6434239149093628, 0.43323221802711487, 0.5171794891357422, 0.4740958511829376, 0.5920356512069702, 0.5746330618858337]","[[ 7.77355017e-04 -6.13517636e-04  2.05933237e-04 ...  5.22416931e-03
   5.32201692e-03  4.57822609e-03]
 [-4.53735468e-03 -4.54329482e-03 -6.64254864e-04 ... -3.27988044e-04
   3.96607129e-05 -1.42193633e-03]
 [ 6.77435100e-03  7.11196661e-03  8.37444514e-03 ...  7.07232952e-03
   9.35280323e-03  6.15866482e-03]
 [ 4.32293862e-03  5.11921942e-03  4.86810505e-03 ...  2.67155468e-03
   3.02068144e-03  3.75905633e-03]
 [ 4.43682287e-03  3.66755578e-03  3.14542822e-03 ...  2.94872704e-03
   3.42755261e-03  2.89675625e-03]
 [ 1.15965120e-03 -1.56778842e-05  3.28602269e-04 ...  2.08541937e-03
   2.50042789e-03  1.79452077e-03]]",114.84375,-77.3
jazz,5,1050.703636,31636.258,"[0.45609116554260254, 0.2923358678817749, 0.30167657136917114, 0.3797225058078766, 0.2936709225177765, 0.33448001742362976, 0.30396807193756104, 0.3602461814880371, 0.5071764588356018, 0.37393027544021606, 0.36810073256492615, 0.406434565782547]","[[-0.00371972 -0.00883718 -0.01289211 ...  0.0126797   0.00079435
  -0.00282176]
 [ 0.00451224  0.00277551  0.00496839 ...  0.01063946  0.0138451
   0.01074517]
 [ 0.00843465  0.01253659 -0.00401051 ...  0.00856199  0.00914353
   0.00192194]
 [ 0.01958498  0.02686925  0.01741325 ... -0.03109802 -0.02840671
  -0.00847265]
 [ 0.00542356  0.00534325  0.00478292 ... -0.00106513 -0.0050089
  -0.00514036]
 [ 0.00035565 -0.00175844 -0.00175702 ... -0.01264509 -0.01205182
  -0.00556047]]",143.5546875,-75.37712
jazz,6,934.4006682,40402.97,"[0.4305826425552368, 0.42568886280059814, 0.49300310015678406, 0.5577390193939209, 0.41929060220718384, 0.5006473660469055, 0.5375761985778809, 0.36402297019958496, 0.3696800470352173, 0.3656628429889679, 0.4569263756275177, 0.4598178267478943]","[[ 0.00465687  0.00548998  0.00554485 ...  0.01018689  0.01044751
   0.00707453]
 [-0.00967843 -0.0087697  -0.0112853  ... -0.00598126 -0.00531307
  -0.00441213]
 [ 0.0049647   0.00013216  0.00438263 ... -0.00107859 -0.0021247
  -0.0027664 ]
 [ 0.0217058   0.01818532  0.01845188 ... -0.00083534  0.00362028
  -0.00384756]
 [ 0.00122757  0.00201392  0.00365112 ...  0.00436567  0.00552577
   0.00598878]
 [-0.00496666 -0.00340255 -0.001369   ... -0.0007502  -0.00175677
  -0.00154465]]",132.5120192,-87.51625
jazz,7,1343.754262,26623.725,"[0.3333195149898529, 0.3749678134918213, 0.27632424235343933, 0.35325509309768677, 0.2594967484474182, 0.3673306107521057, 0.22096262872219086, 0.20843349397182465, 0.2190660834312439, 0.223466157913208, 0.4206192195415497, 0.2788941562175751]","[[ 0.00067204 -0.00026488 -0.00139439 ... -0.00045341  0.00019405
   0.0003969 ]
 [-0.00605734 -0.00619068 -0.00576403 ... -0.0171349  -0.01699089
  -0.01360919]
 [ 0.01859502  0.01952758  0.01693583 ...  0.02036287  0.02052105
   0.01669932]
 [ 0.01200697  0.01309873  0.01419315 ... -0.00784905 -0.00660539
  -0.00499579]
 [ 0.0013935   0.00063813 -0.00081161 ...  0.00534289  0.00653021
   0.0087946 ]
 [ 0.00257283  0.00220536  0.00146746 ...  0.0039337   0.00098904
   0.00029426]]",123.046875,-29.268229
jazz,8,733.6195412,40253.066,"[0.596154510974884, 0.5630937814712524, 0.5501562356948853, 0.5745195150375366, 0.5391929149627686, 0.5954669117927551, 0.6045787334442139, 0.6869934797286987, 0.583975613117218, 0.5872200131416321, 0.7170367240905762, 0.571463942527771]","[[-0.00131852 -0.00059807 -0.00102739 ...  0.00555869  0.00676261
   0.00396535]
 [ 0.00568337  0.00579907  0.00395298 ...  0.00050971  0.0002896
   0.00243493]
 [ 0.00237136  0.0022126   0.00279599 ... -0.00079169 -0.00040279
  -0.00618415]
 [ 0.00903971  0.01111235  0.01158745 ...  0.00595842  0.00594825
   0.0045149 ]
 [-0.00047558 -0.00300788 -0.0024498  ... -0.00130815 -0.00203826
  -0.00192983]
 [ 0.00095165  0.00226811  0.00141723 ... -0.00201756 -0.00359609
  -0.00323531]]",109.9567819,-127.58258
jazz,9,614.081095,23365.547,"[0.3585984706878662, 0.510813295841217, 0.4210365116596222, 0.3595463037490845, 0.41778838634490967, 0.3883512318134308, 0.4758368730545044, 0.41861483454704285, 0.5190002918243408, 0.4305230677127838, 0.425885945558548, 0.4359918236732483]","[[ 2.43494592e-03  3.12205836e-03  1.76315389e-03 ...  5.82955830e-03
   1.36067634e-03 -6.53371187e-04]
 [-4.69337518e-03 -7.03567812e-03 -6.56987514e-03 ... -4.23291430e-03
  -3.67568492e-03 -3.37773056e-03]
 [ 5.36340475e-03  5.19567728e-03  9.84404981e-03 ...  1.65937319e-02
   1.27451643e-02  1.70505717e-02]
 [ 6.51627779e-05  1.52142048e-02  1.86914429e-02 ...  6.81532919e-03
   6.82672113e-03  8.12041014e-03]
 [ 6.18529530e-04  3.11786037e-04  2.29138315e-03 ...  3.25984526e-04
   2.47856059e-03  3.57507687e-03]
 [ 2.75045075e-03  2.84332782e-04 -1.63647719e-03 ... -6.30663708e-04
   3.62614170e-04  5.64903021e-05]]",112.3471467,-117.45016
jazz,11,1321.399921,40467.914,"[0.560958206653595, 0.4221852123737335, 0.564454972743988, 0.5083016157150269, 0.4328113794326782, 0.576055109500885, 0.44265663623809814, 0.5169297456741333, 0.42536661028862, 0.5477067232131958, 0.5319097638130188, 0.4593327045440674]","[[ 3.22747357e-03  2.46825759e-03  2.49727138e-03 ... -6.89570461e-03
  -3.67265665e-03  4.13530406e-04]
 [-9.61861263e-03 -1.00837461e-02 -1.11896479e-02 ...  4.61258580e-04
  -3.38868651e-04 -2.50658481e-03]
 [ 2.90817320e-02  2.98974663e-02  2.72466987e-02 ...  1.46065280e-02
   1.94696859e-02  1.47904679e-02]
 [ 1.12350211e-02  7.10955262e-03  4.76606190e-04 ...  1.21229291e-02
   8.60633701e-03  4.96835262e-03]
 [ 2.95522783e-04 -2.64875856e-03 -3.49928708e-03 ...  7.96603614e-03
   7.78507558e-03  2.46907558e-03]
 [ 3.12484987e-03  2.73182616e-03 -8.56630504e-05 ...  2.05331482e-03
   3.01428512e-03  2.76024081e-03]]",132.5120192,-64.51135
jazz,13,839.8357901,41511.516,"[0.530446469783783, 0.4786529839038849, 0.46718040108680725, 0.45637840032577515, 0.47807180881500244, 0.5086850523948669, 0.5057157278060913, 0.5609153509140015, 0.578197181224823, 0.6315493583679199, 0.5730841159820557, 0.4689747393131256]","[[ 0.00301244  0.00314802  0.00012457 ...  0.00651384  0.00383557
  -0.00032434]
 [ 0.00133993 -0.00102549 -0.00094368 ... -0.00095335  0.00325586
   0.00427349]
 [ 0.0101812   0.00949854  0.00737121 ...  0.01396595  0.020102
   0.01856813]
 [ 0.01876026  0.01544296  0.01434182 ...  0.00695306  0.00694696
   0.01385865]
 [ 0.00238869  0.00462821  0.00305987 ...  0.00155456  0.00179753
   0.00282677]
 [-0.00353116 -0.00609784 -0.00590117 ... -0.00234743 -0.00280339
  -0.00420499]]",117.4538352,-93.00621
jazz,14,1386.459164,19653.328,"[0.4211302101612091, 0.23771531879901886, 0.38976261019706726, 0.3108319342136383, 0.42213496565818787, 0.36992308497428894, 0.283089280128479, 0.3643565773963928, 0.24931275844573975, 0.3059350848197937, 0.29364585876464844, 0.33869826793670654]","[[ 0.00893288  0.00948587  0.00743677 ...  0.00882436  0.00948355
   0.00664832]
 [ 0.00296181  0.00231824  0.00106145 ... -0.00479656 -0.00309274
  -0.00118683]
 [ 0.00020228  0.00081647  0.0066262  ... -0.01096817 -0.01051053
  -0.01445796]
 [-0.00789993 -0.00715981 -0.01040141 ...  0.0153197   0.01504029
   0.01268253]
 [-0.00235047 -0.00423138 -0.00786187 ... -0.00245396 -0.00202271
  -0.00260107]
 [ 0.00236192  0.00249842  0.00122139 ... -0.00730355 -0.00568893
  -0.00623108]]",129.1992188,-8.685349
jazz,15,1270.371755,43212.23,"[0.5591814517974854, 0.5184164047241211, 0.5008013248443604, 0.5748372077941895, 0.5322933793067932, 0.5477935671806335, 0.5149061679840088, 0.5440728068351746, 0.5820350050926208, 0.5539892911911011, 0.5270633101463318, 0.4680405557155609]","[[ 0.00312352  0.0046147   0.00203301 ... -0.01028019 -0.01044364
  -0.00641676]
 [-0.00196794 -0.00242038 -0.00463019 ... -0.00760417 -0.01058424
  -0.00748245]
 [ 0.0065807   0.00770244  0.00410976 ...  0.01916352  0.02029523
   0.01216564]
 [ 0.00189754 -0.00142398 -0.00261414 ...  0.02317329  0.02493656
   0.02128229]
 [ 0.00244569  0.00427162  0.00294303 ...  0.00630466  0.00500664
   0.00309868]
 [ 0.00030537  0.00107243  0.00122238 ...  0.00180558 -0.00519584
  -0.0077634 ]]",117.4538352,-74.50783
jazz,16,1407.83117,30174.408,"[0.44512736797332764, 0.350705087184906, 0.36285853385925293, 0.41631045937538147, 0.34932684898376465, 0.4196474254131317, 0.4376559555530548, 0.3654625415802002, 0.38009336590766907, 0.37008166313171387, 0.37039774656295776, 0.5179004073143005]","[[-8.48317392e-04  1.87272615e-03  1.88481001e-03 ... -4.07124824e-04
  -6.19483518e-05  7.69715142e-04]
 [-1.00971674e-02 -1.15398634e-02 -1.35687407e-02 ... -4.80434056e-04
   6.82646574e-04 -1.63796857e-03]
 [ 1.19483322e-02  1.54914483e-02  1.41204149e-02 ...  9.11146402e-04
   2.63169408e-04  4.02077287e-03]
 [-2.58283317e-03 -4.20287251e-03 -1.49957836e-03 ...  4.98647988e-03
   7.33717531e-03  7.91164488e-03]
 [ 6.79887585e-03  5.35147526e-03  5.65822198e-03 ...  2.58411205e-03
   2.96552585e-03  1.93570149e-03]
 [-1.76783651e-05  6.71250746e-04 -8.87865201e-04 ...  1.40937418e-03
   7.56170601e-04  9.68592241e-04]]",143.5546875,-44.876842
jazz,17,1208.443763,40070.066,"[0.5490394830703735, 0.5430322289466858, 0.5306429266929626, 0.6623565554618835, 0.5375367403030396, 0.5874564051628113, 0.5803114771842957, 0.5707547664642334, 0.6120689511299133, 0.684018075466156, 0.7392414212226868, 0.6069385409355164]","[[ 2.26922787e-03  7.30580201e-03  1.32008422e-02 ...  4.18479739e-03
   3.14430306e-04  2.83333374e-03]
 [-4.48677227e-03 -6.64603897e-03 -7.51348909e-03 ... -1.14633567e-02
  -1.16351821e-02 -7.44546216e-03]
 [ 1.22754723e-02  1.68566406e-02  1.62549764e-02 ...  1.84983686e-02
   1.79106519e-02  1.71141848e-02]
 [ 1.18683577e-02  3.06765735e-03  3.63588333e-05 ... -5.37493825e-03
  -3.36980820e-03  2.33842432e-03]
 [ 3.21968880e-03  1.24160154e-04 -1.59483775e-03 ...  6.41730074e-03
   6.14538080e-03  4.28046851e-03]
 [ 3.13477777e-03  3.64752673e-03  4.77883220e-03 ...  8.84514302e-05
   9.36113298e-04 -1.84234232e-05]]",143.5546875,-102.43674
jazz,19,1001.763198,34965.516,"[0.4405321776866913, 0.42699384689331055, 0.3973594605922699, 0.43841761350631714, 0.45413655042648315, 0.43145325779914856, 0.4132964313030243, 0.3386166989803314, 0.3632623255252838, 0.36766982078552246, 0.3706498444080353, 0.3602237403392792]","[[-6.40292111e-03 -8.60078726e-03 -8.67936963e-03 ...  1.04943146e-02
   9.06847855e-03  7.32196832e-03]
 [-3.27975331e-03 -2.16689416e-03 -3.44737788e-03 ...  3.71483669e-03
   2.33303306e-03  2.04940206e-03]
 [-7.64930993e-03 -6.87475502e-03 -3.48938257e-03 ... -8.79131258e-04
  -5.46084344e-03  6.64740801e-04]
 [ 1.40950978e-02  7.51822442e-03  1.12141743e-02 ... -2.19051540e-03
  -5.43059409e-03  1.49798393e-03]
 [ 1.57183497e-03  5.97807673e-04 -1.84212245e-03 ...  2.27116458e-03
   1.03510564e-03 -7.54929872e-06]
 [ 5.33156097e-04 -7.41172582e-04 -5.82652166e-04 ... -1.85840949e-03
  -1.54074281e-03 -2.65240669e-05]]",120.1853198,-66.95966
jazz,20,583.7964722,28024.229,"[0.44038358330726624, 0.43454039096832275, 0.41397374868392944, 0.3985900580883026, 0.4921191334724426, 0.45637747645378113, 0.46881234645843506, 0.5115998387336731, 0.528266966342926, 0.5594571232795715, 0.4555622935295105, 0.4321933388710022]","[[ 6.58288447e-04  9.39288571e-04 -9.15637888e-04 ...  3.19010840e-03
   1.57878817e-04  1.75948313e-03]
 [ 1.08986588e-03  2.52905614e-03  2.47391904e-03 ...  7.08871666e-04
  -4.74945905e-05  3.58382023e-04]
 [ 1.63492560e-03  3.59374285e-03  4.55686450e-03 ...  4.89104539e-03
   5.09203970e-03  1.92208588e-03]
 [ 4.18912619e-03  2.39681453e-03  3.62610817e-03 ...  5.87478280e-04
  -2.15809047e-03 -1.99936330e-04]
 [ 1.08445031e-03 -5.06583754e-04  5.06174027e-04 ...  3.56972784e-03
   3.10189393e-03  1.05602752e-03]
 [ 2.07740813e-05  5.85798174e-04  1.12032518e-04 ...  1.96504220e-03
   1.93015300e-03  1.17551722e-03]]",123.046875,-98.79848
jazz,21,2899.233425,41130.87,"[0.6214429140090942, 0.5950661301612854, 0.590904176235199, 0.5512375831604004, 0.6987589597702026, 0.744425892829895, 0.6229608058929443, 0.6384168267250061, 0.7364749908447266, 0.7880429625511169, 0.7006120681762695, 0.6004441976547241]","[[ 1.63652015e-03  9.89323916e-06  1.56489765e-03 ...  1.49824169e-02
   1.52616389e-02  1.51487748e-02]
 [-2.15435802e-03 -6.50332056e-03 -7.60415888e-03 ... -3.40110040e-03
  -5.13960906e-03 -3.30460848e-03]
 [ 1.23391077e-02  2.03195885e-02  2.50804201e-02 ...  1.83708966e-02
   1.39929950e-02  4.97963279e-03]
 [-2.65932828e-03 -2.08276510e-03  2.38697231e-03 ... -1.23653039e-02
  -9.97510552e-03 -9.09857452e-03]
 [ 4.30949782e-03  1.52068363e-03  2.46902396e-03 ...  1.67678313e-03
   2.52685352e-03  7.71240229e-03]
 [-1.29928812e-04  1.31103955e-03  1.72417052e-03 ... -5.39397448e-03
  -4.28728014e-03 -2.52024457e-03]]",120.1853198,-88.32785
jazz,23,1416.546825,37250.88,"[0.39951056241989136, 0.5264478325843811, 0.3762724995613098, 0.4891873896121979, 0.4332989454269409, 0.4776126444339752, 0.3203233778476715, 0.3218788206577301, 0.3767716586589813, 0.33322274684906006, 0.31422895193099976, 0.3256249725818634]","[[-0.00047296 -0.00129244  0.00061373 ...  0.00141022  0.00241526
   0.00337619]
 [ 0.00605833  0.00715636  0.00783622 ... -0.00405319 -0.005153
  -0.00634157]
 [-0.00837352 -0.00492789 -0.00261319 ...  0.01799598  0.01625498
   0.01411665]
 [ 0.01004463  0.01092456  0.01195464 ...  0.0026771   0.00416146
   0.0045604 ]
 [ 0.00560085  0.0068973   0.00586932 ...  0.00159422  0.00282326
   0.00225232]
 [-0.00388627 -0.00343707 -0.00314277 ...  0.00122359  0.00135424
   0.00085345]]",114.84375,-43.59457
jazz,24,1465.460694,40692.254,"[0.5744115710258484, 0.503847599029541, 0.5337761640548706, 0.5764914751052856, 0.5396483540534973, 0.5336825847625732, 0.5188159346580505, 0.5442012548446655, 0.5536209940910339, 0.5727604031562805, 0.5810046195983887, 0.6208585500717163]","[[ 0.00207489  0.00211925  0.00221985 ...  0.00531326  0.00612108
   0.00431764]
 [-0.00442464 -0.00101365 -0.00220668 ...  0.00346015  0.00402426
   0.0047477 ]
 [ 0.00378013  0.00500571  0.00388519 ... -0.00927472 -0.0118579
  -0.00433676]
 [ 0.00092491  0.00055376 -0.00436775 ...  0.02744448  0.02378131
   0.01776378]
 [ 0.00230975  0.00375093  0.00559617 ...  0.00887411  0.00948024
   0.00909773]
 [ 0.00140576  0.00169709  0.0039554  ... -0.00115516 -0.00032987
  -0.00020948]]",107.6660156,-88.16531
jazz,25,1047.399539,35059.16,"[0.4402773976325989, 0.43780624866485596, 0.3864814341068268, 0.46428602933883667, 0.41381070017814636, 0.45312848687171936, 0.6445805430412292, 0.5118917226791382, 0.4634665548801422, 0.43569618463516235, 0.4692055284976959, 0.3918079137802124]","[[ 5.70087257e-03  8.82688042e-03  7.43203370e-03 ...  2.18651813e-03
   7.60889971e-04  2.66628773e-03]
 [ 7.93539115e-05  4.44318891e-03  2.76531507e-03 ...  2.55285947e-04
  -2.78991697e-03  2.04544084e-04]
 [-6.16990030e-04 -3.33834440e-03  1.06173009e-03 ... -7.89824873e-03
  -1.20984763e-03  3.69839370e-04]
 [-4.43417579e-03 -8.33010674e-03 -1.01466626e-02 ... -3.80203128e-04
  -8.02926719e-04  2.19628215e-03]
 [ 3.86783481e-03  4.24413831e-03  3.74823327e-03 ...  9.59438439e-05
   1.92911682e-03  1.17413533e-03]
 [-5.29206917e-03 -4.82543930e-03 -3.99016216e-03 ... -1.68723427e-03
  -2.27906555e-03 -1.65811554e-03]]",135.9991776,-61.559155
jazz,27,980.5977893,43994.125,"[0.5298476219177246, 0.5427314639091492, 0.5474130511283875, 0.5292028188705444, 0.4973711371421814, 0.5411904454231262, 0.5598363280296326, 0.6490470767021179, 0.5943847894668579, 0.5338615775108337, 0.5242564082145691, 0.4662909507751465]","[[ 7.97671324e-04 -1.65683231e-03  3.39478088e-03 ... -1.67614280e-03
  -2.41525463e-03 -3.32139016e-03]
 [ 1.17202585e-03 -4.74933842e-03 -7.02980639e-03 ...  2.77210680e-03
   6.12051533e-05  2.11733383e-03]
 [-3.45147401e-03  9.98316705e-03  1.79116279e-02 ...  1.59429461e-02
   2.05428600e-02  1.30254105e-02]
 [-1.48437172e-03 -6.81961328e-03 -7.15918839e-03 ...  4.53534722e-03
   7.08474219e-03  7.20821321e-03]
 [ 6.41963973e-03  9.10689326e-03  6.99197981e-03 ... -3.62043719e-03
  -5.89292451e-03 -4.18807993e-03]
 [ 3.36818025e-03  6.58586621e-04 -1.28447264e-03 ... -2.63480470e-03
   2.49911100e-04  2.86649913e-04]]",139.6748311,-93.40659
jazz,28,1322.779943,37907.246,"[0.44908949732780457, 0.4256495535373688, 0.4421916902065277, 0.4890480935573578, 0.4706476628780365, 0.48108845949172974, 0.43666598200798035, 0.49723005294799805, 0.5122979283332825, 0.4888286292552948, 0.52756667137146, 0.4759424328804016]","[[ 9.19253504e-03  9.90185127e-03  1.19017534e-02 ...  3.18533857e-03
   3.68946252e-03  5.11906569e-03]
 [ 9.10241215e-04 -3.12714326e-05 -2.43413088e-03 ...  1.56564638e-03
   1.67745856e-03 -1.96734594e-03]
 [-3.46647948e-03 -2.59529799e-03 -3.16052139e-03 ...  1.69238448e-03
  -2.06334144e-03 -2.94119120e-04]
 [-7.11867213e-03 -7.27799535e-03 -1.19737759e-02 ...  4.44145501e-03
   2.56723911e-03  2.80497223e-03]
 [ 6.86250288e-03  7.68048876e-03  6.65834597e-03 ...  1.74704968e-03
   3.31031264e-03  7.17341462e-04]
 [-3.88023071e-03 -3.17439064e-03 -2.89731100e-03 ...  8.12076032e-05
   6.42480329e-04 -1.44403987e-03]]",132.5120192,-62.741955
jazz,29,1546.569571,43306.164,"[0.5258681178092957, 0.58889240026474, 0.5407423973083496, 0.5579553842544556, 0.5160753130912781, 0.515606701374054, 0.5306789875030518, 0.5182300806045532, 0.5397226214408875, 0.5026949048042297, 0.5067989230155945, 0.502590000629425]","[[-6.21125732e-06  9.75072757e-04 -1.14402833e-03 ...  5.65668830e-03
   5.09501400e-03  5.80378976e-03]
 [-5.00463500e-03 -2.58368569e-03 -8.23051590e-03 ... -9.71780964e-03
  -8.57385111e-03 -9.67315883e-03]
 [ 4.32460010e-03  6.96947426e-03  1.46979094e-03 ...  2.00344324e-02
   9.30220634e-03  4.26008552e-03]
 [-2.18950212e-04 -3.15497816e-03  7.40312785e-03 ...  4.94416058e-03
   6.85839355e-03  1.10415071e-02]
 [ 3.57457359e-03  8.44101931e-04  3.70625078e-03 ...  4.84444629e-03
   4.48330590e-03  2.05963258e-03]
 [ 1.06736273e-03  1.23366341e-03  3.60563211e-03 ... -3.30663659e-03
  -4.45735268e-03 -1.02151372e-03]]",112.3471467,-70.45285
jazz,30,1529.532492,31936.396,"[0.4139241874217987, 0.4540155529975891, 0.4442712068557739, 0.40266135334968567, 0.5011826753616333, 0.43101951479911804, 0.3560832738876343, 0.3583589792251587, 0.4170430600643158, 0.5159910917282104, 0.41930869221687317, 0.3782466948032379]","[[ 0.00062654 -0.00331969 -0.00715004 ...  0.00132545  0.0008569
   0.0019411 ]
 [ 0.00267565  0.00383744  0.00266753 ...  0.00220632  0.00230854
   0.00182103]
 [ 0.0012385   0.00305294  0.00360075 ... -0.00231008  0.00329202
   0.00355447]
 [-0.00670072 -0.00295535 -0.00736566 ...  0.00588384  0.00370892
   0.00621925]
 [ 0.00690189  0.00681962  0.0043167  ...  0.00356629  0.00231514
   0.00269897]
 [ 0.00527708  0.00577864  0.00603127 ...  0.00128804  0.00092828
   0.00035864]]",126.0480183,-54.945717
jazz,32,961.0664642,41541.246,"[0.4575403928756714, 0.4643513262271881, 0.507271945476532, 0.42621228098869324, 0.4574251174926758, 0.4492455720901489, 0.5194835066795349, 0.5122545957565308, 0.469637393951416, 0.48742765188217163, 0.43861737847328186, 0.47235941886901855]","[[ 0.0020751   0.00164219  0.00205213 ...  0.00057695  0.00029205
   0.00108024]
 [ 0.00212332  0.0038851   0.00366363 ... -0.00288736 -0.00252453
  -0.00279865]
 [-0.00321906 -0.00629303 -0.00662389 ...  0.0105783   0.00578865
   0.00304557]
 [ 0.01188551  0.01055852  0.01198347 ... -0.00049192  0.00325513
   0.00077506]
 [ 0.00326513  0.00357295  0.00457373 ...  0.00485573  0.00574047
   0.00419918]
 [-0.00232907 -0.00208261 -0.00293359 ...  0.00066391  0.00065528
  -0.00034143]]",129.1992188,-67.85577
jazz,33,718.1921172,33482.57,"[0.4496151804924011, 0.47752925753593445, 0.44141820073127747, 0.4986426830291748, 0.45204731822013855, 0.4281447231769562, 0.41860705614089966, 0.4431910514831543, 0.48770591616630554, 0.5311423540115356, 0.5307556986808777, 0.4427400529384613]","[[ 1.18139279e-02  1.37174657e-02  1.43496091e-02 ... -7.01782036e-03
  -4.26067091e-03  1.10277020e-03]
 [-2.98813682e-03 -2.21075535e-03 -2.51995554e-03 ...  1.11192575e-03
   2.25074727e-04 -3.26090015e-03]
 [ 5.22007793e-03  7.62060285e-03  2.04271078e-03 ...  1.99768320e-02
   1.05485618e-02  7.44536519e-05]
 [ 9.11890715e-03  9.87501442e-03  9.78079438e-03 ...  2.27019265e-02
   2.39991397e-02  1.69927031e-02]
 [ 2.04741175e-03  2.06256520e-03  2.78491694e-04 ...  5.34510029e-03
   3.56881805e-03  1.62824501e-03]
 [-1.05123408e-03  3.28935683e-04  5.36460429e-04 ... -4.99414466e-03
  -6.29662350e-03 -2.58282386e-03]]",95.703125,-104.25225
jazz,34,1581.578018,47377.664,"[0.4979572892189026, 0.384482741355896, 0.4437583386898041, 0.6057844758033752, 0.495397686958313, 0.614886462688446, 0.47324761748313904, 0.5123530626296997, 0.6244205236434937, 0.5093364715576172, 0.5309815406799316, 0.44762763381004333]","[[-0.00395139 -0.00878288 -0.00950259 ...  0.01284565  0.01407596
   0.00725313]
 [-0.00923026 -0.01230023 -0.00944759 ... -0.01063929 -0.00375114
  -0.00279794]
 [-0.00462898 -0.01045915 -0.00256543 ...  0.00342868  0.00408706
   0.00642255]
 [ 0.00843189  0.01135169  0.01701937 ... -0.00870714 -0.00872434
  -0.00416896]
 [ 0.00735347  0.00689944  0.00612432 ...  0.00550805  0.00484978
   0.0039258 ]
 [ 0.00125974  0.0047934   0.00431726 ...  0.00292492  0.00178576
   0.00212777]]",129.1992188,-100.510826
jazz,35,709.7719593,25925.172,"[0.5567383766174316, 0.4028652608394623, 0.49088603258132935, 0.38435742259025574, 0.4704205095767975, 0.38688138127326965, 0.38799530267715454, 0.45330220460891724, 0.3673769235610962, 0.4775843322277069, 0.42617908120155334, 0.5193081498146057]","[[ 3.38748096e-03  2.18214500e-03  5.80685391e-03 ... -3.10350159e-03
  -2.01092043e-03 -1.38817146e-03]
 [-2.93459161e-03 -1.46253421e-03 -2.03239083e-03 ...  2.79235596e-03
   1.97244880e-03  3.31459560e-03]
 [ 1.75669193e-02  2.02429667e-02  2.12074742e-02 ...  6.43660128e-03
   9.49779898e-03  4.56438214e-03]
 [ 1.09527260e-03  8.92276317e-03  9.57886875e-03 ...  6.34852052e-03
   8.23829323e-03  5.07058948e-03]
 [ 1.48921209e-03  2.71867023e-03  5.46865715e-03 ... -1.96516634e-03
  -1.31401351e-03 -8.20499080e-04]
 [ 9.84068960e-04  2.61906162e-03  2.51446478e-03 ...  8.54246318e-05
  -9.47209075e-04 -4.39986587e-04]]",139.6748311,-100.17013
jazz,36,2007.536869,39785.633,"[0.48551809787750244, 0.4887152910232544, 0.6176499128341675, 0.4437791705131531, 0.45974329113960266, 0.6024564504623413, 0.40359705686569214, 0.5003343224525452, 0.4579203426837921, 0.5652396082878113, 0.6695989370346069, 0.4402356743812561]","[[ 1.40873722e-03 -3.81036619e-04  6.72536009e-05 ...  1.84859676e-03
   2.56036186e-03  1.77746011e-04]
 [-5.16527253e-03 -2.69306825e-03 -4.44894279e-03 ... -6.27117604e-03
  -6.16643594e-03 -5.29803663e-03]
 [ 8.69126618e-03  1.08463764e-02  6.01907074e-03 ...  1.67922750e-02
   1.54874623e-02  1.17758512e-02]
 [ 2.96667963e-03  4.80090827e-03  2.46505439e-03 ...  5.59777766e-03
   6.01228327e-03  2.48346478e-03]
 [ 1.38107968e-03  2.12128842e-03  1.68576808e-03 ... -3.70938342e-04
  -1.06671914e-03 -1.11992233e-03]
 [ 6.97540119e-04  1.74321234e-04 -8.76840204e-05 ...  5.11823408e-03
   4.53902967e-03  3.55912372e-03]]",126.0480183,-42.871716
jazz,37,961.2827666,35755.754,"[0.4245133101940155, 0.4129178524017334, 0.41691893339157104, 0.43121251463890076, 0.4025752544403076, 0.5638605952262878, 0.42433321475982666, 0.4553529918193817, 0.4173034131526947, 0.39266031980514526, 0.44898366928100586, 0.40369105339050293]","[[ 0.0012295   0.00467259  0.00584994 ...  0.00422673  0.00485124
   0.00362719]
 [-0.00213322 -0.00259945 -0.0056173  ... -0.01121108 -0.0099691
  -0.00834313]
 [ 0.00477669  0.00044645  0.00266215 ...  0.01387966  0.01216525
   0.01225367]
 [ 0.01125424  0.01059214  0.01272149 ... -0.00440632 -0.00381215
  -0.00075109]
 [ 0.00291832  0.00273011  0.00256337 ...  0.00351039  0.00501397
   0.00566688]
 [ 0.00174231  0.00139996  0.0021906  ...  0.00292902  0.00307778
   0.00048344]]",97.50884434,-87.53877
jazz,38,1113.783245,40235.668,"[0.5774729251861572, 0.42309504747390747, 0.41025447845458984, 0.37957850098609924, 0.42684805393218994, 0.5543919801712036, 0.4461803436279297, 0.5560740828514099, 0.5348174571990967, 0.44889360666275024, 0.5040545463562012, 0.5235818028450012]","[[ 0.00522844  0.00052786  0.00288772 ...  0.00880342  0.00788357
   0.00500743]
 [-0.00287214 -0.00149833  0.00121166 ...  0.0017053   0.00541899
   0.00363568]
 [-0.00779118 -0.00950595 -0.00486267 ...  0.02097425  0.01466538
   0.01294968]
 [ 0.00027932  0.00777069  0.00172052 ...  0.01502132  0.01325765
   0.01279727]
 [ 0.00493342  0.00266479  0.00012171 ... -0.00201135 -0.00207279
  -0.00109931]
 [-0.0015796  -0.00259188 -0.00471912 ... -0.01063038 -0.00901628
  -0.00991296]]",147.65625,-108.90402
jazz,39,1320.177908,38904.855,"[0.4411405026912689, 0.40024206042289734, 0.36187899112701416, 0.46250030398368835, 0.4361121952533722, 0.4867609441280365, 0.37260982394218445, 0.40168488025665283, 0.46675971150398254, 0.3845501244068146, 0.40394672751426697, 0.37251603603363037]","[[-1.57102248e-04 -2.59890502e-03 -5.35976603e-05 ... -3.49841728e-03
  -4.24916440e-03 -6.82974431e-05]
 [ 4.80808535e-03  4.74383581e-03  5.61529805e-04 ...  1.09555443e-03
   4.23733765e-03  4.59365198e-03]
 [-1.19231418e-02 -1.81065202e-02 -1.93111598e-02 ... -1.45831928e-02
  -1.51539817e-02 -9.75006074e-03]
 [-1.74018741e-03 -6.12626970e-03 -7.67634809e-03 ...  1.28500164e-03
   1.70467049e-03  5.16560674e-03]
 [-4.22573932e-03 -6.15802104e-03 -5.91160741e-03 ... -7.77800376e-04
  -2.73986957e-03 -3.41049571e-03]
 [-3.58795933e-03 -7.16132298e-03 -6.63449802e-03 ... -1.93723850e-03
  -2.64957361e-03 -2.93302909e-03]]",132.5120192,-49.29299
jazz,41,1949.141085,39412.695,"[0.5024881958961487, 0.3937642574310303, 0.5480960607528687, 0.6083449721336365, 0.4881851077079773, 0.4791322648525238, 0.42171427607536316, 0.5293600559234619, 0.3904902935028076, 0.42356202006340027, 0.5413427352905273, 0.4335627853870392]","[[ 1.22268302e-02  1.00549737e-02  1.05655824e-02 ...  9.64682097e-04
  -2.36286483e-03 -1.13439251e-03]
 [-7.46525387e-03 -1.07140524e-02 -1.00758595e-02 ... -3.52903021e-03
  -3.22080847e-03  3.97845719e-04]
 [-9.59452242e-03 -7.26056844e-03 -1.08768791e-02 ...  6.78019971e-03
   7.06563890e-03  5.31151146e-03]
 [-1.21545792e-03 -9.63538885e-04  1.91588700e-03 ...  6.73646480e-03
   3.36439162e-03  2.79500335e-03]
 [ 5.90635194e-03  6.61802175e-03  6.20547193e-03 ...  4.31778269e-03
   2.69652240e-03  6.87783054e-04]
 [ 3.60235572e-06  1.43817253e-03  1.31095573e-03 ... -9.43398103e-04
   4.06000763e-05  1.54299475e-03]]",126.0480183,-58.60874
jazz,43,1592.245598,44530.582,"[0.45440003275871277, 0.38164234161376953, 0.43240150809288025, 0.41015416383743286, 0.43578293919563293, 0.3766653537750244, 0.4090135395526886, 0.5568510890007019, 0.42487794160842896, 0.49355897307395935, 0.3716130554676056, 0.3902185559272766]","[[ 4.70301340e-03  5.41885937e-06 -8.47201415e-03 ...  2.72472898e-03
  -5.20270746e-03 -3.87839932e-03]
 [-4.81470994e-03 -1.79925913e-03  6.04414251e-04 ... -5.01137474e-03
  -7.52713892e-03 -7.49506352e-03]
 [-5.01342118e-04  1.33696944e-03  1.19568557e-02 ...  1.45472586e-03
   2.20739096e-03  7.24313408e-03]
 [ 2.18266547e-02  2.52965614e-02  2.57218480e-02 ... -2.75041908e-03
  -1.01973116e-03  8.40082765e-04]
 [ 5.50866521e-04  2.26836424e-03  5.41972221e-03 ... -1.81925194e-03
  -2.55853154e-03 -8.09678419e-04]
 [-5.54344431e-03 -6.85825571e-03 -7.81011768e-03 ...  3.43519822e-03
   6.37983903e-04 -1.39404461e-03]]",151.9990809,-63.166492
jazz,45,796.4112545,29636.795,"[0.5713595747947693, 0.41203686594963074, 0.41272029280662537, 0.45893439650535583, 0.44709035754203796, 0.4123614430427551, 0.37712663412094116, 0.553813099861145, 0.47274842858314514, 0.42627179622650146, 0.4632108509540558, 0.4783071279525757]","[[-0.0002697   0.00148831 -0.00043876 ...  0.00069141  0.00322374
   0.00520076]
 [ 0.01011938  0.01295815  0.01450412 ... -0.00257971 -0.00180133
  -0.00228301]
 [-0.00864162 -0.00508654  0.00146318 ...  0.01173978  0.01522335
   0.00792179]
 [ 0.00342248 -0.00048632 -0.00499439 ...  0.0098091   0.00911493
   0.00672571]
 [-0.00238222 -0.00413924 -0.00415249 ... -0.00227281 -0.00253307
  -0.00107107]
 [-0.00193192  0.00119205  0.00319424 ... -0.00248654 -0.00357145
  -0.00381067]]",129.1992188,-106.84144
jazz,46,1152.94926,34937.188,"[0.47504058480262756, 0.4039929211139679, 0.4194111227989197, 0.5419224500656128, 0.42322778701782227, 0.4607337713241577, 0.4327870309352875, 0.4578173756599426, 0.40642890334129333, 0.3917725086212158, 0.5411885976791382, 0.45186474919319153]","[[-6.16472648e-03 -5.87253605e-03 -6.95542384e-03 ...  4.58144725e-03
   4.66510571e-03  3.50312636e-03]
 [-2.26396657e-03 -3.74361475e-03 -4.18924692e-03 ... -5.88864256e-03
  -3.42440354e-03 -4.48462155e-03]
 [ 4.09173220e-03  1.27794594e-03  3.03585827e-03 ...  2.99911946e-03
   5.47085702e-03  9.42146778e-03]
 [ 1.82826966e-02  1.49639919e-02  2.15590894e-02 ...  1.31464899e-02
   1.72270983e-02  1.59780011e-02]
 [ 1.38548021e-03  8.27712855e-04 -7.47670931e-05 ...  3.34552657e-03
   2.03189698e-03  1.80797962e-03]
 [ 3.78493778e-03  4.78513539e-03  4.80590574e-03 ... -2.10145488e-03
  -2.16626003e-03 -4.87286597e-04]]",143.5546875,-34.843994
jazz,48,1280.169531,37886.5,"[0.5094068050384521, 0.42839258909225464, 0.49449414014816284, 0.43335995078086853, 0.5090084671974182, 0.4570138454437256, 0.536859929561615, 0.541681170463562, 0.4466591775417328, 0.46800151467323303, 0.44557881355285645, 0.5694935917854309]","[[ 0.0018626   0.00082519 -0.00348946 ... -0.00407787 -0.00695424
  -0.00265875]
 [-0.00460402 -0.00335664  0.0015593  ...  0.00142763 -0.00141406
   0.0006335 ]
 [-0.00285798  0.00641615  0.00315017 ...  0.01427113  0.01511133
   0.01622434]
 [-0.00453253  0.00033181  0.00305147 ...  0.00999936  0.00943002
   0.01459859]
 [ 0.00164438  0.00317075  0.00402636 ...  0.00363087  0.00318236
   0.00518928]
 [-0.00034573  0.00014389  0.00032673 ...  0.00322807  0.00410252
   0.00241897]]",129.1992188,-64.72237
jazz,49,1206.055205,45963.44,"[0.2949434518814087, 0.2772550880908966, 0.3557107150554657, 0.33820441365242004, 0.4365970194339752, 0.4786001145839691, 0.36161646246910095, 0.38903194665908813, 0.4138427972793579, 0.5184194445610046, 0.33853575587272644, 0.2588994801044464]","[[ 0.00530941  0.00741257  0.00713157 ...  0.00460273  0.00380154
   0.00176733]
 [-0.00104574 -0.00160189 -0.00068689 ... -0.0032255  -0.00283371
  -0.00044673]
 [ 0.00871227  0.00289653 -0.00125983 ...  0.01181737  0.01259334
   0.00968275]
 [ 0.01547261  0.015267    0.01288518 ...  0.01878521  0.01537303
   0.01478021]
 [ 0.00313601  0.0033713   0.00339514 ...  0.00313153  0.00238593
   0.00130075]
 [-0.00215868 -0.00274378 -0.00237395 ... -0.00363986 -0.00342883
  -0.00279176]]",120.1853198,-15.117259
jazz,50,941.8994145,49555.47,"[0.6032875776290894, 0.6936586499214172, 0.8578245639801025, 0.6176835894584656, 0.5888769626617432, 0.6329909563064575, 0.6093510985374451, 0.7318122982978821, 0.6674975752830505, 0.637107253074646, 0.5688381195068359, 0.555177628993988]","[[ 0.0020442   0.00224978  0.00243168 ...  0.00198902  0.00272422
   0.0032023 ]
 [-0.01118345 -0.01071068 -0.00687907 ... -0.0009444   0.00162221
   0.00035423]
 [ 0.00911735  0.00912546  0.01387774 ... -0.00353708 -0.00662786
  -0.00105119]
 [ 0.00217191 -0.0044841  -0.00359794 ...  0.01148142  0.01138465
   0.01054802]
 [ 0.00028654  0.00020691 -0.00346175 ...  0.00046167  0.00169742
   0.00404403]
 [-0.0001561  -0.00143443 -0.00186117 ...  0.00310045  0.001281
   0.00130915]]",103.359375,-146.52097
jazz,51,718.6120693,33847.97,"[0.4506435990333557, 0.47855958342552185, 0.4425811767578125, 0.4995705783367157, 0.4528811573982239, 0.4283393323421478, 0.41860127449035645, 0.4431237280368805, 0.48767590522766113, 0.5311260223388672, 0.5308526158332825, 0.44344383478164673]","[[ 1.19099323e-02  1.38743638e-02  1.44891578e-02 ... -6.80444632e-03
  -4.14254030e-03  9.02903827e-04]
 [-3.14101924e-03 -2.47237040e-03 -2.64350041e-03 ...  9.30579584e-04
   8.87361446e-05 -3.20079511e-03]
 [ 5.74582070e-03  7.96254724e-03  2.20465660e-03 ...  2.04954594e-02
   1.07447803e-02  4.55155969e-05]
 [ 8.62653553e-03  9.19070095e-03  9.30929184e-03 ...  2.25602761e-02
   2.39760131e-02  1.65667981e-02]
 [ 2.02294751e-03  2.04965719e-03  2.45039267e-04 ...  5.20610286e-03
   3.59355975e-03  1.62096348e-03]
 [-1.05246529e-03  2.99526379e-04  4.37302515e-04 ... -4.78833728e-03
  -6.08931668e-03 -2.64703855e-03]]",95.703125,-104.253174
jazz,52,1046.531698,46339.367,"[0.6108315587043762, 0.5566921830177307, 0.6198329329490662, 0.5441809296607971, 0.5561420917510986, 0.5482784509658813, 0.5364810824394226, 0.6292862892150879, 0.5557016134262085, 0.6011723875999451, 0.4884478449821472, 0.5239686369895935]","[[-0.00658275 -0.00667542 -0.0060903  ...  0.00437464  0.00090392
  -0.00077137]
 [-0.00238204 -0.0047642  -0.00482645 ... -0.00134435 -0.00182297
   0.00133117]
 [ 0.01720836  0.01803362  0.01619203 ...  0.00691292  0.00998717
   0.01297837]
 [ 0.01015335  0.00252756  0.00430072 ... -0.00354489 -0.0038292
  -0.00455454]
 [ 0.00543325  0.0056751   0.00487827 ...  0.0019511   0.0014104
   0.00153243]
 [-0.00031509  0.00208783  0.0015866  ...  0.00373681  0.00447926
   0.00250726]]",107.6660156,-124.43496
jazz,53,1584.706352,50838.875,"[0.49973395466804504, 0.38644829392433167, 0.44551703333854675, 0.6072531938552856, 0.49669405817985535, 0.6149570941925049, 0.47288796305656433, 0.5119016766548157, 0.6239744424819946, 0.5090181827545166, 0.5308589339256287, 0.44842255115509033]","[[-0.00380876 -0.00838479 -0.00919786 ...  0.01357883  0.01437531
   0.00739265]
 [-0.00863722 -0.01230231 -0.00971904 ... -0.01022639 -0.00358699
  -0.00263496]
 [-0.00505667 -0.01044579 -0.00258637 ...  0.00355045  0.00422099
   0.00612892]
 [ 0.0083134   0.01084327  0.01637931 ... -0.00897846 -0.00927683
  -0.00421361]
 [ 0.00705488  0.00678012  0.00615663 ...  0.00522439  0.00472237
   0.00394147]
 [ 0.00125586  0.00469988  0.00413517 ...  0.00271016  0.0015163
   0.00200279]]",129.1992188,-100.51231
jazz,55,709.8409688,26270.13,"[0.5570735931396484, 0.40364697575569153, 0.4917851388454437, 0.38534343242645264, 0.4712526798248291, 0.38710835576057434, 0.38794681429862976, 0.4532115161418915, 0.36732593178749084, 0.47751012444496155, 0.42616328597068787, 0.5193608403205872]","[[ 2.93989388e-03  2.20557390e-03  5.89752431e-03 ... -3.05963475e-03
  -1.92765866e-03 -1.38137061e-03]
 [-2.50565038e-03 -1.55322866e-03 -1.97706107e-03 ...  2.36194636e-03
   1.97109038e-03  3.28036691e-03]
 [ 1.70336887e-02  1.99207142e-02  2.15297937e-02 ...  6.20588660e-03
   9.12313908e-03  4.51604277e-03]
 [ 7.28368759e-04  8.70205462e-03  9.52705741e-03 ...  6.63281232e-03
   8.81505013e-03  4.96414304e-03]
 [ 1.41105749e-03  2.75444875e-03  5.46035615e-03 ... -1.78004398e-03
  -1.31717196e-03 -7.52206963e-04]
 [ 8.45620409e-04  2.58621201e-03  2.48516351e-03 ... -8.52290541e-05
  -9.36694443e-04 -4.09569591e-04]]",139.6748311,-100.17018
jazz,56,1503.447409,48344.94,"[0.5853055715560913, 0.5562798380851746, 0.618046760559082, 0.6249213814735413, 0.6273157000541687, 0.6237391829490662, 0.6100821495056152, 0.6159441471099854, 0.6220985054969788, 0.576808750629425, 0.5784592032432556, 0.6757773160934448]","[[ 3.34632130e-03  4.88969116e-03  2.50870371e-03 ... -4.71746377e-03
   1.64901341e-03  3.15666756e-03]
 [ 8.65810876e-05  5.21006291e-04  3.30941947e-03 ... -6.51915821e-04
   2.39459899e-03 -1.72506467e-04]
 [ 5.96605986e-03  2.84997374e-03 -2.05762684e-04 ...  1.66160166e-02
   5.75730205e-03  3.81059200e-03]
 [ 8.24647397e-03  7.34312087e-03  8.32242519e-03 ...  5.78168780e-03
   7.86199421e-03  5.20908833e-03]
 [ 1.60296776e-04  1.83795098e-03 -4.46031280e-04 ... -1.82861114e-03
  -2.29143154e-03 -3.17997432e-03]
 [-3.80834937e-03 -2.32585892e-03 -5.27832843e-03 ... -7.11942092e-04
  -1.17186829e-03 -1.56925991e-04]]",126.0480183,-120.54549
jazz,57,1072.619906,32049.672,"[0.5196481347084045, 0.4505733251571655, 0.4190615713596344, 0.39765939116477966, 0.2724582552909851, 0.32417309284210205, 0.26062270998954773, 0.38452640175819397, 0.398440420627594, 0.3646305501461029, 0.5272553563117981, 0.3791326880455017]","[[-8.15325555e-04 -1.42777062e-03 -1.73440971e-03 ...  1.03003510e-02
   3.78625315e-03 -9.13607129e-04]
 [-9.18139644e-03 -9.95829723e-03 -1.01330160e-02 ... -1.59190827e-02
  -1.05286163e-02 -6.92395344e-03]
 [ 2.03835815e-02  2.10054070e-02  2.47991085e-02 ...  3.37275863e-03
   1.00253522e-02  8.48631561e-03]
 [ 8.39813799e-03  1.23860464e-02  1.62789822e-02 ...  4.12575155e-03
   2.91749835e-04  6.10820949e-04]
 [ 3.57685128e-04 -8.90543023e-04 -1.96993466e-03 ... -9.03302628e-05
  -1.21427566e-03 -3.71196437e-04]
 [ 2.29317509e-03  1.89557858e-03 -6.84894621e-04 ... -1.43343024e-03
  -1.41821802e-04  5.75529411e-04]]",95.703125,-79.812874
jazz,58,2008.423622,43523.926,"[0.48631083965301514, 0.4904822111129761, 0.6197504997253418, 0.44646960496902466, 0.46213361620903015, 0.6026225090026855, 0.40306705236434937, 0.49973583221435547, 0.4573424160480499, 0.5645658373832703, 0.6690521240234375, 0.4402894079685211]","[[ 1.27443951e-03 -1.79444469e-04  1.24561390e-04 ...  1.66150126e-03
   2.46367042e-03  1.65845046e-04]
 [-5.17744005e-03 -2.72546072e-03 -4.35753620e-03 ... -6.19772522e-03
  -6.11680440e-03 -5.33147605e-03]
 [ 8.50845128e-03  1.04525536e-02  6.17770851e-03 ...  1.65483356e-02
   1.59123093e-02  1.16131380e-02]
 [ 3.71738523e-03  4.55895811e-03  2.39745528e-03 ...  5.53631037e-03
   5.89187443e-03  2.58595496e-03]
 [ 6.72726397e-04  1.79063236e-03  1.68128690e-03 ... -2.99297432e-04
  -1.26120714e-03 -1.26439139e-03]
 [ 6.51326030e-04  1.89514831e-04 -7.99484551e-05 ...  5.17897494e-03
   4.69972752e-03  3.49063426e-03]]",126.0480183,-42.871487
jazz,59,615.4876209,43600.11,"[0.44389837980270386, 0.4046834111213684, 0.5423827767372131, 0.5304757952690125, 0.4531637132167816, 0.5038900971412659, 0.4546542763710022, 0.5780391097068787, 0.48887887597084045, 0.43243348598480225, 0.5023403167724609, 0.4527774751186371]","[[ 1.04028913e-03 -2.15786965e-03 -4.36772665e-03 ...  5.16713542e-03
   5.95458857e-03  2.58450133e-03]
 [-3.36728247e-03 -3.33417950e-03 -2.95822283e-04 ...  1.17496643e-05
  -3.18200019e-03 -2.00499851e-03]
 [ 5.38665801e-03  6.04398549e-03  3.48725170e-03 ...  1.50920451e-03
   7.63217360e-03  3.30329686e-03]
 [ 4.42071259e-03  1.48223937e-02  1.88101754e-02 ...  3.17152590e-03
   1.17414445e-03  2.05500424e-03]
 [-1.62145387e-04 -2.98390871e-05 -1.74473004e-03 ... -2.99105796e-03
  -1.15708811e-03  1.35700258e-04]
 [ 3.24648432e-03  3.29130702e-03  2.60149129e-03 ...  2.83218920e-03
   9.53264534e-04  2.00941414e-03]]",105.46875,-112.02073
jazz,60,967.665673,41403.426,"[0.42645254731178284, 0.4171296954154968, 0.4224129021167755, 0.4366387724876404, 0.40791985392570496, 0.5649904012680054, 0.42343783378601074, 0.45440950989723206, 0.4162086844444275, 0.39179596304893494, 0.4481719136238098, 0.40379798412323]","[[ 1.04790762e-03  4.12929835e-03  5.82900559e-03 ...  4.11270914e-03
   4.88667004e-03  3.58968413e-03]
 [-1.84687755e-03 -2.06102121e-03 -5.38938524e-03 ... -1.08309627e-02
  -9.69699903e-03 -8.25235924e-03]
 [ 4.00398672e-03  9.14931297e-05  2.68841535e-03 ...  1.42367929e-02
   1.18605942e-02  1.22214779e-02]
 [ 1.11006051e-02  1.09528899e-02  1.26490295e-02 ... -4.73472476e-03
  -3.77532095e-03 -1.04791671e-03]
 [ 2.72786166e-03  2.62755923e-03  2.32609702e-03 ...  3.56459496e-03
   4.85007277e-03  5.58159014e-03]
 [ 1.72037072e-03  1.45592727e-03  2.20889412e-03 ...  3.14527191e-03
   3.09135579e-03  4.85714525e-04]]",97.50884434,-87.541
jazz,61,1288.315473,46405.344,"[0.6741009950637817, 0.6503966450691223, 0.5962512493133545, 0.6173117756843567, 0.5838767290115356, 0.6641273498535156, 0.6103249192237854, 0.6290981769561768, 0.6209589242935181, 0.5938504934310913, 0.5808244347572327, 0.5568609237670898]","[[ 0.00183165  0.00306612  0.00391164 ...  0.00469163  0.00114784
   0.00230792]
 [-0.00467776 -0.00505239 -0.00794468 ... -0.00408723 -0.00592931
  -0.00240951]
 [ 0.00673917  0.00681342  0.00597332 ...  0.01472878  0.0102179
   0.00488061]
 [ 0.01194388  0.0117327   0.01340257 ...  0.00372467  0.00761838
   0.01122098]
 [ 0.00043935 -0.00051289  0.00122673 ...  0.00389831  0.00038491
   0.00093404]
 [-0.00055395  0.00092876  0.00255031 ... -0.00163225  0.00105312
  -0.00059742]]",120.1853198,-125.220146
jazz,62,1123.119919,47285.914,"[0.5807530879974365, 0.4296930730342865, 0.4178411662578583, 0.38736632466316223, 0.43277740478515625, 0.5541576147079468, 0.44502341747283936, 0.5546086430549622, 0.5333744287490845, 0.44794395565986633, 0.5034744143486023, 0.5243438482284546]","[[ 0.0046781  -0.00016472  0.00272627 ...  0.00818037  0.00759722
   0.00444013]
 [-0.00377679 -0.00226805  0.00104045 ...  0.00124235  0.00514561
   0.00344903]
 [-0.00761452 -0.00947697 -0.00401867 ...  0.02148043  0.01498146
   0.01307534]
 [-0.0022857   0.00607397  0.0010478  ...  0.015004    0.01320421
   0.01308767]
 [ 0.00492283  0.00255185  0.00011888 ... -0.00188396 -0.00202738
  -0.00125903]
 [-0.00097152 -0.002195   -0.00413042 ... -0.01038953 -0.00874195
  -0.00984513]]",147.65625,-108.906624
jazz,64,796.4250399,45797.35,"[0.658789336681366, 0.5714695453643799, 0.6119043231010437, 0.5389743447303772, 0.5946420431137085, 0.6063723564147949, 0.5738697648048401, 0.7531557679176331, 0.6524124145507812, 0.670831561088562, 0.5286998152732849, 0.5075220465660095]","[[-0.00097328  0.00078027  0.00409896 ...  0.00512595  0.00351281
   0.00387723]
 [ 0.00445114  0.00151111 -0.00031662 ...  0.00484271  0.00357695
   0.00263976]
 [-0.00069649  0.00090925 -0.00331996 ...  0.00429213  0.00677905
  -0.00093598]
 [ 0.00733578  0.01037242  0.00817656 ...  0.01115064  0.01037135
   0.01067188]
 [-0.00394166 -0.00248893 -0.00517029 ... -0.00257155 -0.00064059
   0.00010001]
 [-0.00193427 -0.00077366 -0.00102844 ... -0.00464779 -0.00438782
  -0.0033754 ]]",135.9991776,-110.82357
jazz,66,1587.895986,44943.75,"[0.48149651288986206, 0.37131908535957336, 0.41966405510902405, 0.43645164370536804, 0.335940420627594, 0.4464999735355377, 0.3628215789794922, 0.4906587302684784, 0.33009812235832214, 0.41352975368499756, 0.4558544456958771, 0.31866905093193054]","[[-0.00476215 -0.00298055 -0.00332419 ...  0.01258055  0.01289025
   0.00655795]
 [-0.01184669 -0.01421679 -0.01287657 ... -0.00964811 -0.00886432
  -0.00807685]
 [ 0.02174771  0.01930808  0.0128621  ... -0.00232054 -0.00427958
  -0.00216558]
 [ 0.00037057 -0.00439159 -0.00742004 ...  0.00697921  0.00955977
   0.01708931]
 [ 0.00493649  0.00802005  0.00764425 ...  0.00231188  0.00235517
   0.00176088]
 [ 0.00046017 -0.00101311 -0.00117072 ... -0.00369881 -0.00206207
  -0.00247804]]",135.9991776,-39.88289
jazz,67,1082.472267,36928.754,"[0.5477153658866882, 0.4233247935771942, 0.359343945980072, 0.40550869703292847, 0.3479725122451782, 0.3936702311038971, 0.4021153748035431, 0.48189064860343933, 0.4925635755062103, 0.37348487973213196, 0.40522733330726624, 0.4481731355190277]","[[ 0.0028973   0.00386082  0.00647986 ... -0.00982524 -0.00567087
  -0.00048963]
 [-0.00399351 -0.0081204  -0.00523296 ...  0.00547596  0.00452198
   0.00330814]
 [-0.01901221 -0.01655514 -0.01169361 ...  0.01632982  0.01411548
   0.00646544]
 [ 0.00589556  0.00114663 -0.00043566 ...  0.02151625  0.01476821
   0.01445646]
 [ 0.00409797  0.00539691  0.0058636  ...  0.00631619  0.00541164
   0.00070788]
 [-0.00218144 -0.0022369  -0.00278873 ... -0.00280388 -0.00120331
  -0.00099591]]",123.046875,-47.433872
jazz,68,1157.195606,36384.68,"[0.43829643726348877, 0.39885252714157104, 0.49846991896629333, 0.49213242530822754, 0.4798203408718109, 0.5555419921875, 0.5014075040817261, 0.5309246778488159, 0.3824922740459442, 0.48981794714927673, 0.5429766178131104, 0.5109066367149353]","[[ 0.0044983   0.00565082  0.00503922 ...  0.01042293  0.01168462
   0.0078206 ]
 [ 0.00506638  0.00232631 -0.00190334 ... -0.00139897 -0.00295664
   0.00038802]
 [-0.01196196 -0.01438485 -0.00660271 ... -0.00410451 -0.00246034
  -0.00341193]
 [ 0.0087814   0.01590773  0.01794607 ...  0.00560913  0.0072006
   0.01207198]
 [-0.00086005  0.00033762  0.00204282 ...  0.00060367  0.00051135
   0.00118775]
 [-0.00317742 -0.00212301 -0.00173343 ... -0.00656099 -0.00690912
  -0.00502365]]",147.65625,-66.93428
jazz,69,1609.884419,52541.3,"[0.4574020802974701, 0.38869208097457886, 0.441674143075943, 0.42098164558410645, 0.44481757283210754, 0.37687450647354126, 0.40735501050949097, 0.5549842715263367, 0.42326369881629944, 0.49195289611816406, 0.37085241079330444, 0.3905712366104126]","[[ 0.00481822 -0.00020589 -0.00887788 ...  0.00243665 -0.00626668
  -0.00347166]
 [-0.00540932 -0.00234289  0.00036859 ... -0.00522226 -0.00785193
  -0.00763823]
 [-0.00261178 -0.00032513  0.01169258 ...  0.00020768  0.00326958
   0.00704276]
 [ 0.02129507  0.02432548  0.02561159 ... -0.00780912 -0.00741841
  -0.0030147 ]
 [ 0.0008389   0.0023294   0.0053546  ... -0.00255787 -0.0026325
  -0.00134567]
 [-0.00574466 -0.00684972 -0.00774237 ...  0.00403692  0.00150846
   0.00021199]]",151.9990809,-63.172188
jazz,70,911.5575976,37930.54,"[0.38755881786346436, 0.3661365807056427, 0.5234845876693726, 0.4224632978439331, 0.4396541118621826, 0.4013237953186035, 0.3251636326313019, 0.4185328781604767, 0.3717432916164398, 0.4628220498561859, 0.4150952398777008, 0.3429183065891266]","[[ 1.90594964e-04  2.26988699e-04 -1.23319854e-03 ...  3.00689294e-03
   4.28417572e-03  2.90297868e-03]
 [-1.98281547e-03  2.00597895e-04  4.41480360e-03 ... -1.09974072e-02
  -9.50628886e-03 -6.69422965e-03]
 [ 5.45471907e-03  3.40383500e-03  2.67763436e-03 ...  6.17267936e-03
   8.83454084e-03  1.44872814e-02]
 [-2.67478079e-03 -3.24004143e-03  4.96432185e-05 ...  1.29476339e-02
   1.44204497e-03  3.08695436e-03]
 [ 3.17761598e-03  3.01515120e-03  2.09121382e-03 ...  2.24505175e-03
   2.81250737e-03  2.91285820e-03]
 [ 1.27814338e-03  1.49357319e-03  3.82885337e-05 ...  1.69541314e-03
   1.18448213e-03  4.83965501e-04]]",103.359375,-79.199615
jazz,71,796.5197612,31010.38,"[0.5717495083808899, 0.41295433044433594, 0.41401034593582153, 0.4601920545101166, 0.4481172263622284, 0.4126441478729248, 0.3770515024662018, 0.553656816482544, 0.47263452410697937, 0.4261842370033264, 0.46317535638809204, 0.47843706607818604]","[[ 0.00860876  0.01058776  0.01399935 ... -0.00244099 -0.00329432
  -0.00456101]
 [-0.0075107  -0.01152515 -0.01309688 ... -0.00481241 -0.00662408
  -0.00729754]
 [-0.00034519 -0.00219048 -0.00316095 ...  0.01460069  0.01468002
   0.00963366]
 [ 0.0084445   0.00480299 -0.00231114 ... -0.0070075  -0.01053309
  -0.00439427]
 [ 0.00138834 -0.00154589 -0.00293323 ...  0.0030073   0.00419534
   0.0040811 ]
 [-0.00208583 -0.00383506 -0.00378637 ... -0.00211443 -0.00206064
  -0.0009334 ]]",129.1992188,-106.846886
jazz,72,1153.184562,35498.863,"[0.47559913992881775, 0.40519803762435913, 0.42088964581489563, 0.5433401465415955, 0.42456483840942383, 0.46095359325408936, 0.43262359499931335, 0.4576015770435333, 0.40619322657585144, 0.3915666341781616, 0.5409846305847168, 0.4519655704498291]","[[-5.74102223e-03 -5.83791559e-03 -6.98210133e-03 ...  4.50185741e-03
   4.72653752e-03  3.40454084e-03]
 [-1.95042896e-03 -3.63144811e-03 -4.27193758e-03 ... -6.07529712e-03
  -3.53014433e-03 -4.58126995e-03]
 [ 4.87733632e-03  1.77925080e-03  3.07384133e-03 ...  2.74261087e-03
   5.55354357e-03  9.51761752e-03]
 [ 1.74427554e-02  1.47983208e-02  2.11533532e-02 ...  1.34266615e-02
   1.73500106e-02  1.62474215e-02]
 [ 1.29287870e-03  8.36217107e-04 -5.29580079e-05 ...  3.47746831e-03
   2.12003020e-03  1.76913621e-03]
 [ 3.97673249e-03  4.73023951e-03  4.72055934e-03 ... -2.07554363e-03
  -2.18964368e-03 -4.10187989e-04]]",143.5546875,-34.844414
jazz,73,2062.500097,51475.29,"[0.7203454375267029, 0.5456286072731018, 0.6397973895072937, 0.5610414743423462, 0.5702136754989624, 0.5211886167526245, 0.5372326970100403, 0.6240048408508301, 0.5108368396759033, 0.5395626425743103, 0.508467435836792, 0.506949782371521]","[[-0.00134937 -0.00382888 -0.00444211 ...  0.00199528  0.00648757
   0.00503721]
 [-0.00116775  0.00090722  0.00695527 ...  0.00261521 -0.00071661
  -0.00168233]
 [ 0.00227512 -0.00074406 -0.00283458 ... -0.00552954 -0.00707483
  -0.00380097]
 [-0.00703864 -0.0027125   0.00570378 ...  0.00477874  0.01022521
   0.00968833]
 [ 0.00028523  0.00133565  0.00605929 ...  0.00379041  0.00272121
   0.0025462 ]
 [-0.00197989 -0.00334986 -0.00502412 ...  0.00479539  0.00350755
   0.00322748]]",114.84375,-62.052734
jazz,75,2121.013007,50189.97,"[0.5820996761322021, 0.47163715958595276, 0.5522230267524719, 0.6014094352722168, 0.5359176993370056, 0.603121280670166, 0.4691949486732483, 0.543044924736023, 0.45845016837120056, 0.49151062965393066, 0.4969819486141205, 0.42525514960289]","[[-0.00311855  0.00013085 -0.00121593 ... -0.00015875  0.00217102
   0.0020556 ]
 [-0.00017079 -0.00242971 -0.00503917 ... -0.0124163  -0.01315064
  -0.00741714]
 [ 0.0141692   0.00923895  0.00543279 ...  0.00085905 -0.00447733
   0.00224382]
 [ 0.0115257   0.00825662 -0.01100919 ...  0.00593317  0.01670619
   0.00711432]
 [ 0.00288663  0.0039861   0.00729347 ...  0.00601469  0.00302588
   0.00303691]
 [ 0.0013712   0.00337609  0.00394703 ...  0.00222254 -0.00097224
  -0.00071154]]",139.6748311,-47.97353
jazz,76,1226.993442,41537.125,"[0.5874580144882202, 0.48664194345474243, 0.5986437797546387, 0.5047422647476196, 0.5967549681663513, 0.4362499713897705, 0.39308539032936096, 0.5071334838867188, 0.4752894937992096, 0.49934154748916626, 0.4143063426017761, 0.5522146821022034]","[[-2.22576873e-03  8.99706354e-05 -1.59559702e-03 ...  6.80249994e-04
   3.81601044e-03  1.84742927e-03]
 [ 5.85226863e-03  5.51769769e-03  5.83030795e-03 ...  2.25823051e-03
   1.52702387e-03  2.05728651e-03]
 [-1.57890469e-03 -6.13310188e-03 -1.07673109e-02 ... -4.27184254e-03
  -2.71531940e-03 -7.09946454e-03]
 [ 3.95324826e-03 -2.05066055e-03 -6.96104020e-03 ...  2.86502391e-03
  -1.14999712e-04  4.35589254e-03]
 [ 2.15013706e-03  3.32449500e-03  3.99925390e-03 ... -3.10345541e-03
  -2.49566266e-03 -1.21543064e-03]
 [ 7.24222511e-04  7.75808468e-04  2.24819407e-04 ... -6.93885610e-04
  -1.88507512e-03 -1.16479769e-03]]",123.046875,-103.90093
jazz,78,1740.037117,53402.91,"[0.470943808555603, 0.4447071850299835, 0.5718201398849487, 0.4874626696109772, 0.5950099229812622, 0.5083507299423218, 0.45429325103759766, 0.4413363039493561, 0.4153084456920624, 0.5034131407737732, 0.3801923990249634, 0.38755151629447937]","[[-0.00149352 -0.00167248  0.00159034 ...  0.00037434 -0.00200243
   0.00022048]
 [-0.00114337 -0.00242409 -0.00203835 ...  0.00610279  0.00722798
   0.00240775]
 [ 0.00455642  0.00034431 -0.00239518 ...  0.01821638  0.01407338
   0.01780783]
 [ 0.00121974  0.00094643  0.00116472 ... -0.01067079 -0.01134273
  -0.01231595]
 [ 0.00166209  0.00095366 -0.00265859 ...  0.002996    0.00401866
   0.00267023]
 [ 0.00249365  0.00278848  0.00047504 ... -0.00562499 -0.00556024
  -0.0055462 ]]",107.6660156,-64.08988
jazz,79,1597.023858,51795.59,"[0.44560497999191284, 0.5934505462646484, 0.4514843821525574, 0.577919065952301, 0.5831578969955444, 0.4869944751262665, 0.5764346122741699, 0.4822341501712799, 0.531988263130188, 0.6287835836410522, 0.49879351258277893, 0.5342985391616821]","[[ 5.22769103e-05 -9.18809967e-04 -1.57885765e-04 ... -4.29475583e-03
  -3.41559219e-03 -1.69938336e-03]
 [ 1.17487322e-02  1.31148146e-02  1.00877869e-02 ...  1.32139409e-03
   2.36663082e-03  1.18891298e-03]
 [-6.09412789e-03 -8.38528574e-03 -8.30476731e-03 ...  1.27103925e-02
   1.36313215e-02  8.63835961e-03]
 [ 1.84252486e-02  1.81004554e-02  2.46539265e-02 ...  2.47864425e-03
   3.68536264e-03  3.50300223e-03]
 [-3.48946976e-03 -3.07434544e-03 -3.16868264e-03 ... -1.43925444e-03
  -2.66672525e-03 -3.47644884e-03]
 [-2.54808925e-03  1.49652362e-04 -2.06040218e-04 ... -2.39271857e-03
  -2.16739066e-03 -2.92331539e-03]]",107.6660156,-105.54306
jazz,80,2213.385574,53168.31,"[0.5979756116867065, 0.5791130065917969, 0.6069285869598389, 0.5413773059844971, 0.6249385476112366, 0.6042947769165039, 0.5502909421920776, 0.6238672733306885, 0.6162328124046326, 0.6779800057411194, 0.5500047206878662, 0.4947155714035034]","[[ 0.00609402  0.00696081  0.00507432 ... -0.00232902 -0.00084256
   0.00291948]
 [ 0.00521997  0.0055812   0.00414224 ...  0.00494734  0.00616361
   0.00545392]
 [ 0.00726915  0.00641599  0.00810169 ...  0.00031762  0.00140981
  -0.00104295]
 [ 0.01055101  0.01919606  0.01979356 ...  0.00991957  0.01518558
   0.00977589]
 [ 0.00123173  0.00144369 -0.0004409  ... -0.00239274  0.00247695
   0.00016188]
 [-0.00510817 -0.00544035 -0.00814628 ... -0.00365342 -0.00245741
  -0.00311282]]",132.5120192,-112.1969
jazz,81,1414.01579,57445.61,"[0.687484860420227, 0.6451495289802551, 0.797417163848877, 0.666130542755127, 0.669951319694519, 0.5999729037284851, 0.5957431793212891, 0.6332018971443176, 0.550205647945404, 0.5880573391914368, 0.5580425262451172, 0.678149402141571]","[[ 0.00215309 -0.00194461 -0.00176382 ... -0.00455964  0.00219226
   0.00146375]
 [-0.00149722  0.00031306  0.00307932 ... -0.00724657 -0.00678787
  -0.00514514]
 [-0.00231595 -0.00358456 -0.00389551 ...  0.01170276  0.00269779
  -0.00220741]
 [ 0.01024935  0.00650938  0.00675172 ... -0.00890469 -0.01225765
  -0.01369376]
 [ 0.00188553  0.00313941  0.00210232 ... -0.00707543 -0.00726028
  -0.00648307]
 [ 0.00153057  0.00046641 -0.00117949 ... -0.00086822 -0.00226787
  -0.00112818]]",114.84375,-123.154076
jazz,82,3498.367849,51895.008,"[0.7063513398170471, 0.6481097340583801, 0.7604244351387024, 0.6819477081298828, 0.7224555015563965, 0.6670853495597839, 0.6269940733909607, 0.625315248966217, 0.5459686517715454, 0.585304856300354, 0.5836358666419983, 0.6199266910552979]","[[-0.00162943 -0.00033349  0.00336348 ...  0.00685227  0.00604531
   0.00398155]
 [-0.00026592 -0.00182177 -0.00325341 ... -0.00611047 -0.0042549
   0.0006404 ]
 [ 0.00899649  0.00624287  0.00234555 ...  0.0117291   0.00971297
   0.00313535]
 [ 0.0101439   0.01946406  0.02052347 ...  0.0053952   0.00573085
   0.00390063]
 [ 0.00320352  0.00417869  0.00557669 ...  0.00050982  0.00111254
   0.00062055]
 [ 0.00487636  0.00413113  0.00171548 ... -0.00175079  0.00016672
  -0.00081432]]",99.38401442,-112.9025
jazz,83,2121.188221,48283.723,"[0.6041272282600403, 0.687788188457489, 0.7090911865234375, 0.7191417813301086, 0.8244879245758057, 0.6911614537239075, 0.6735731959342957, 0.6090932488441467, 0.6052178740501404, 0.6364346742630005, 0.6534274220466614, 0.7552981376647949]","[[ 0.00362538  0.00184209 -0.00023757 ...  0.00206629  0.00689686
   0.01795447]
 [ 0.00325231  0.00343547  0.00428617 ... -0.00666467 -0.00758139
  -0.01113176]
 [ 0.0141618   0.01164715  0.01354568 ...  0.0146566   0.00629909
   0.00575218]
 [ 0.00489902  0.00246561 -0.00131983 ...  0.0102031   0.02254663
   0.02158846]
 [ 0.00203174  0.00293359  0.00011487 ... -0.00029976  0.00485427
   0.00658308]
 [ 0.00491447  0.00609387  0.00431321 ...  0.00162448  0.00474122
   0.00458841]]",109.9567819,-94.73483
jazz,84,1754.42415,47452.92,"[0.6482470631599426, 0.616034984588623, 0.6249346733093262, 0.6039661169052124, 0.6654112935066223, 0.6112953424453735, 0.6509105563163757, 0.6999965310096741, 0.5597313642501831, 0.6130555868148804, 0.6052700877189636, 0.5981897115707397]","[[ 0.00397531  0.00192405  0.00043047 ...  0.00154939 -0.00125829
  -0.00115189]
 [ 0.0022374   0.00264192  0.0033546  ... -0.00011695  0.00125866
   0.00050158]
 [ 0.0161714   0.0208588   0.01164023 ...  0.00493877  0.00346795
   0.00386235]
 [-0.00809343 -0.0047389  -0.00594326 ...  0.00709613  0.00897793
   0.00506137]
 [ 0.00300467  0.00116993  0.00083206 ... -0.00046954 -0.00130925
  -0.0008345 ]
 [-0.00153135 -0.00201208  0.00047691 ...  0.00132593  0.00156194
  -0.00327958]]",123.046875,-95.469315
jazz,86,4864.257377,49462.28,"[0.5398204326629639, 0.43621599674224854, 0.5712699890136719, 0.5817952156066895, 0.7007720470428467, 0.4775071442127228, 0.5214167237281799, 0.7662322521209717, 0.4894576370716095, 0.5808142423629761, 0.5113635659217834, 0.5995448231697083]","[[-0.00395379 -0.00096979  0.00224109 ... -0.00463015 -0.00365848
  -0.00166804]
 [-0.00496073 -0.00869219 -0.00955982 ... -0.00634155 -0.00464214
  -0.00153854]
 [ 0.00176961 -0.00796259 -0.00922816 ... -0.01718045 -0.01538946
  -0.01604749]
 [ 0.00297356 -0.00065104 -0.00152022 ... -0.01127193 -0.00730731
  -0.00778485]
 [-0.00160954  0.00017617  0.00251942 ... -0.00430294 -0.00366547
  -0.00261877]
 [-0.00205892 -0.00207713 -0.00325463 ... -0.00383448 -0.00611913
  -0.00513521]]",135.9991776,-66.352715
jazz,87,580.7545719,30066.734,"[0.5205232501029968, 0.5775192975997925, 0.8219585418701172, 0.6607069969177246, 0.6080957651138306, 0.48321306705474854, 0.4312830865383148, 0.49733006954193115, 0.48702409863471985, 0.6027476787567139, 0.5422696471214294, 0.6191690564155579]","[[ 0.00116243  0.00147351  0.00155567 ...  0.00109945 -0.00025267
  -0.00079782]
 [ 0.00252565  0.00246745  0.00252399 ...  0.00168823  0.00187572
   0.00256671]
 [-0.00252272 -0.00373732 -0.00073781 ... -0.00538091 -0.00120632
  -0.00299041]
 [ 0.00670604  0.00622781  0.00652545 ...  0.01058155  0.00729734
   0.00252973]
 [ 0.0002615   0.0001215  -0.000259   ... -0.00033955  0.00086851
   0.00055254]
 [-0.00192457 -0.0018598  -0.00075991 ... -0.00105454 -0.00148521
   0.00027447]]",132.5120192,-100.55577
jazz,88,1032.214139,46870.277,"[0.4048362672328949, 0.3816186785697937, 0.4928317070007324, 0.45369967818260193, 0.3814031779766083, 0.5235958695411682, 0.39514410495758057, 0.4908970892429352, 0.43073412775993347, 0.44531187415122986, 0.50543612241745, 0.3519341051578522]","[[-0.00155297 -0.00177883 -0.00184774 ...  0.00743946  0.00569407
   0.00738933]
 [-0.01209098 -0.01550785 -0.01825105 ... -0.00635934 -0.00731993
  -0.00242854]
 [-0.02063011 -0.02693889 -0.03344113 ... -0.00709151 -0.00975368
  -0.00729404]
 [-0.00178852 -0.00213478  0.00066566 ...  0.00359466  0.00498895
   0.00467533]
 [ 0.00164761  0.00118518  0.00052937 ...  0.00362598  0.00401572
   0.00341749]
 [-0.00085252 -0.00144664 -0.00213239 ...  0.00066607  0.00013705
  -0.00293821]]",129.1992188,-95.97552
jazz,90,831.7067562,50045.406,"[0.5060219764709473, 0.45783013105392456, 0.6329241991043091, 0.4382309913635254, 0.5488881468772888, 0.5979726314544678, 0.3855944871902466, 0.3650483787059784, 0.3554169237613678, 0.498555451631546, 0.42170190811157227, 0.542357325553894]","[[ 0.00082911 -0.00160685 -0.00083804 ... -0.00309786 -0.00680575
  -0.0028675 ]
 [-0.00011601  0.00181197  0.00278461 ... -0.00361109  0.0023709
   0.00297755]
 [ 0.00203475 -0.00012477 -0.00288688 ...  0.01581867  0.01160304
   0.00566915]
 [ 0.00713917  0.01045079  0.00668412 ... -0.00149144 -0.00020496
  -0.00037879]
 [ 0.00327061  0.00236318  0.00348697 ...  0.00391279  0.00237491
   0.00146445]
 [ 0.00203142  0.00228853  0.00130047 ...  0.00524337  0.00706888
   0.006248  ]]",135.9991776,-28.436884
jazz,91,3060.34937,41098.145,"[0.4094353914260864, 0.44869887828826904, 0.40207672119140625, 0.4546528160572052, 0.412698894739151, 0.4107675552368164, 0.32678404450416565, 0.33129197359085083, 0.3888324797153473, 0.4345676600933075, 0.4002878963947296, 0.33179789781570435]","[[-2.26281105e-03 -1.12329828e-03 -3.33793510e-05 ...  8.77527573e-03
   9.83450918e-03  1.13979285e-02]
 [ 1.27590876e-03  2.11728698e-04 -7.70591698e-04 ... -1.35807638e-03
  -1.58429117e-03 -1.55012208e-03]
 [-4.68923151e-03 -2.93485820e-04 -1.46473199e-03 ... -2.63869762e-03
   9.03651118e-04 -1.51245296e-03]
 [ 5.11206686e-04 -4.89964336e-03 -4.79273498e-04 ...  2.02024654e-02
   2.31473222e-02  2.01974362e-02]
 [-2.48855857e-03 -1.79633627e-03 -1.75236967e-03 ...  4.64452860e-04
   2.24029956e-03  1.53745017e-03]
 [-3.42766568e-03 -2.30297633e-03 -2.30886601e-03 ... -5.70482947e-03
  -4.76530381e-03 -5.85694239e-03]]",129.1992188,-47.32107
jazz,92,1398.155916,37714.8,"[0.4497181177139282, 0.4277670979499817, 0.5499414205551147, 0.49195799231529236, 0.49075427651405334, 0.36982613801956177, 0.3892058730125427, 0.5109096765518188, 0.4667688012123108, 0.35641807317733765, 0.33476540446281433, 0.4602873921394348]","[[ 2.80339957e-03 -4.38911261e-04 -1.13354317e-03 ... -4.31202354e-03
  -6.16174509e-03 -3.95440396e-03]
 [ 1.62262778e-03 -3.72403769e-04 -1.55042370e-03 ...  1.97317132e-02
   2.20566738e-02  1.57654295e-02]
 [ 2.95464694e-03 -5.49019128e-03 -7.45903701e-03 ...  8.93274695e-03
   9.29494947e-03 -1.06550753e-03]
 [ 5.50685823e-03  4.63011861e-03  6.14187121e-03 ... -8.91187787e-03
  -1.40719265e-02 -1.38829648e-02]
 [ 1.16385667e-03 -2.96390630e-05 -9.68504050e-06 ... -3.96720810e-03
  -4.22042900e-03 -2.09909219e-04]
 [-3.00262496e-03 -2.72186287e-03 -1.83277205e-03 ... -1.52632967e-03
  -2.97381543e-03 -5.00983745e-03]]",123.046875,-65.01254
jazz,93,1205.310659,46225.957,"[0.5261646509170532, 0.3804475963115692, 0.4214566648006439, 0.5216631889343262, 0.4335702955722809, 0.46723106503486633, 0.40998589992523193, 0.577842652797699, 0.5492276549339294, 0.403056263923645, 0.439541220664978, 0.4417685866355896]","[[-0.00058503 -0.0025726  -0.00073351 ...  0.00383062  0.00572898
   0.00684806]
 [-0.00330615 -0.00398557 -0.00299724 ... -0.01632748 -0.01122071
  -0.00973174]
 [-0.00099723 -0.0042702  -0.00291393 ... -0.01113981 -0.01038283
  -0.0096236 ]
 [ 0.00827954  0.00308242  0.00022777 ...  0.01214612  0.01280902
   0.00801339]
 [-0.00042268 -0.00110629  0.00204431 ... -0.00111161  0.00019081
   0.00024586]
 [ 0.00462722  0.00315201 -0.0001691  ... -0.00273303 -0.00316167
  -0.00564113]]",109.9567819,-46.399082
jazz,94,766.3816204,28935.498,"[0.41363412141799927, 0.3179941475391388, 0.427024245262146, 0.3581494688987732, 0.5511112213134766, 0.35485348105430603, 0.2915599048137665, 0.3441478908061981, 0.2691781520843506, 0.3105776906013489, 0.27220097184181213, 0.36146488785743713]","[[-2.83938298e-03 -5.20400297e-03 -6.67075657e-03 ... -1.67685335e-03
  -3.20277959e-03 -4.64245213e-03]
 [ 5.10931251e-03  4.97386503e-03  2.12232242e-03 ...  3.74878232e-03
   2.83236226e-03  3.87756133e-03]
 [ 1.31936371e-03  7.72252679e-05 -5.69517910e-03 ...  1.94038451e-03
   6.46041334e-03  7.56623596e-03]
 [ 3.93442810e-04 -5.20647317e-03 -7.63916969e-03 ...  1.82066113e-02
   1.48684382e-02  1.32893622e-02]
 [ 1.88459532e-03  1.56175956e-03  2.81869521e-04 ...  2.24167715e-03
   1.92957817e-03  1.95019034e-03]
 [ 1.68479979e-04  6.31650910e-04  1.59588270e-03 ... -3.78973782e-05
   8.11303034e-04 -1.25418603e-03]]",120.1853198,-58.769985
jazz,95,972.0379901,38045.566,"[0.5534308552742004, 0.45372042059898376, 0.5496531128883362, 0.4792485535144806, 0.5445839166641235, 0.4825356900691986, 0.44514864683151245, 0.5809023976325989, 0.47979041934013367, 0.4698067009449005, 0.4289291501045227, 0.44980597496032715]","[[-3.64765666e-03 -2.02329464e-03 -1.46747959e-03 ... -1.01988281e-03
   9.89537439e-05 -1.57033677e-03]
 [ 9.52684698e-04 -7.21300116e-04 -5.54042858e-03 ... -6.21762735e-03
  -7.48557305e-03 -5.35625494e-03]
 [ 5.68503886e-03  7.48222321e-03  1.23073682e-02 ...  8.45585018e-03
   7.72233307e-03  6.30232692e-03]
 [ 8.79451632e-04  1.13945454e-03  5.19353151e-03 ...  8.35172087e-03
   4.72291559e-03  5.49584627e-03]
 [ 5.01783819e-03  6.28222636e-03  6.39292682e-03 ...  2.32820373e-03
   2.29671928e-03  2.02670925e-03]
 [ 1.02414563e-03  1.18812360e-03  2.50248984e-03 ...  4.87118959e-05
  -7.69296661e-04 -7.30313361e-04]]",120.1853198,-106.911156
jazz,97,756.4479489,17798.498,"[0.33468177914619446, 0.34586939215660095, 0.3194708228111267, 0.36829185485839844, 0.3350517451763153, 0.331566721200943, 0.3337600529193878, 0.38746151328086853, 0.4597184360027313, 0.47820955514907837, 0.36645302176475525, 0.30250945687294006]","[[ 6.22407850e-04 -5.80427249e-04 -1.79130875e-03 ...  8.46539430e-04
   1.98939312e-04  1.56382965e-03]
 [ 1.89753016e-03  1.34109100e-03 -8.53968970e-04 ...  1.04328244e-03
   7.81563214e-04  6.53799295e-04]
 [-3.66237015e-03 -7.51844794e-03 -1.59810707e-02 ... -2.97524035e-03
  -5.20470738e-03 -1.94770843e-03]
 [ 8.08937848e-03  4.11639363e-03  2.01167166e-03 ... -1.18391961e-03
  -3.87027860e-04  7.32631236e-03]
 [-8.89917140e-04 -9.48921040e-05  1.41881972e-03 ... -1.95991409e-03
  -3.33025054e-03 -1.05011068e-03]
 [-2.22218968e-03 -2.62911059e-03 -2.22291239e-03 ... -1.55078620e-03
  -2.47226842e-03 -4.41255048e-04]]",109.9567819,-51.73591
jazz,99,707.6825837,34450.086,"[0.5013128519058228, 0.3637164533138275, 0.390691876411438, 0.5056076049804688, 0.43836647272109985, 0.42652687430381775, 0.41253921389579773, 0.588490903377533, 0.4944120943546295, 0.3987075984477997, 0.4343836307525635, 0.392864853143692]","[[ 3.07830388e-03  3.36368858e-03  1.40862477e-03 ...  1.84712183e-03
   2.26547553e-04  1.26455418e-03]
 [-9.28090330e-03 -9.03505911e-03 -8.16603030e-03 ... -4.63403332e-03
  -3.70811761e-03 -2.68773816e-03]
 [-9.41842794e-04  2.44756788e-03  6.39046729e-03 ...  4.08238173e-03
  -2.01796740e-03  4.86875325e-03]
 [ 1.41142607e-02  1.74553022e-02  1.69776380e-02 ...  1.79737061e-03
   1.25214458e-03  2.43781507e-03]
 [ 9.43694602e-05  5.54654075e-04  3.31458413e-03 ...  3.96983422e-03
   2.85506412e-03  2.32646158e-03]
 [-1.56578235e-03 -2.83658504e-03 -2.13779323e-03 ...  6.85248524e-04
   4.39977273e-04  8.21236521e-04]]",135.9991776,-89.23617
metal,1,2119.374368,49873.4,"[0.6743024587631226, 0.7521040439605713, 0.7571620345115662, 0.831337034702301, 0.7118273377418518, 0.6910085082054138, 0.6964085102081299, 0.6906993389129639, 0.7114541530609131, 0.6806739568710327, 0.7040067315101624, 0.6891856789588928]","[[ 0.01490241  0.01192285  0.01307904 ...  0.00526358  0.00766931
   0.00477014]
 [-0.00345896 -0.00386184 -0.00177329 ... -0.00446345 -0.00221639
  -0.0027399 ]
 [ 0.01605177  0.01405792  0.00636068 ...  0.00901358  0.00146035
  -0.00081471]
 [ 0.00814546  0.01468915  0.02255286 ...  0.01990722  0.01530685
   0.01223769]
 [ 0.00199159  0.00184092  0.00141197 ...  0.00588511  0.0041917
   0.00468252]
 [ 0.00395488  0.00400964 -0.00143242 ... -0.00489398 -0.00152527
  -0.00124212]]",126.0480183,-131.37245
metal,2,1992.004967,43071.56,"[0.6375742554664612, 0.648057222366333, 0.6010398864746094, 0.585007905960083, 0.6993352770805359, 0.6808050870895386, 0.7552949786186218, 0.715634822845459, 0.6836184859275818, 0.7041863203048706, 0.6446829438209534, 0.6678062677383423]","[[ 0.00526907  0.00546598  0.00654017 ...  0.00367007  0.00669586
   0.00302837]
 [-0.00391281 -0.00094867 -0.00445033 ... -0.00226644 -0.0031814
  -0.00185863]
 [ 0.00570539  0.01282941  0.01736317 ...  0.01781769  0.0204326
   0.01389818]
 [-0.00700604 -0.00761783 -0.00607656 ...  0.01714537  0.00379542
  -0.00266208]
 [ 0.00426675  0.0058875   0.00327904 ... -0.00017585  0.00302367
   0.00296378]
 [-0.00017729 -0.00028758 -0.00260896 ...  0.00516035  0.00108666
   0.00120924]]",112.3471467,-91.345055
metal,3,2749.557344,43268.883,"[0.6521562337875366, 0.6535995602607727, 0.6681774854660034, 0.7018947601318359, 0.8249490857124329, 0.7757179141044617, 0.6992388963699341, 0.749555230140686, 0.776089608669281, 0.7881916761398315, 0.660847008228302, 0.6452422738075256]","[[ 6.99496020e-04  2.37583068e-03  1.38640409e-03 ...  8.45360371e-04
   1.36118603e-03  8.13302797e-04]
 [-3.79170080e-03 -3.17001076e-04  5.25540593e-03 ... -1.12975759e-03
   3.72788221e-05  6.14820449e-04]
 [ 5.05505502e-03 -6.43126667e-04 -3.15605849e-03 ... -4.72641736e-03
  -1.12579763e-03 -1.63964927e-03]
 [ 7.01829791e-03  1.13553777e-02  1.53373554e-02 ...  1.71826035e-02
   2.22715661e-02  1.00630373e-02]
 [ 1.06544479e-03 -1.41047678e-03  2.74323449e-04 ... -1.90040045e-03
  -1.62496074e-03 -2.19432950e-03]
 [-2.10467726e-04 -3.23211588e-03 -3.68675590e-03 ... -4.21004556e-03
  -5.00124879e-03 -6.24088943e-03]]",129.1992188,-104.4869
metal,5,1856.997293,43244.76,"[0.6421550512313843, 0.6516867280006409, 0.7071359753608704, 0.6480072736740112, 0.6925821304321289, 0.6944733262062073, 0.7410056591033936, 0.7681573033332825, 0.738370418548584, 0.7266994714736938, 0.6765497326850891, 0.6859453916549683]","[[ 1.89404888e-04  3.00296930e-03  4.14770519e-03 ... -2.05286906e-03
   3.44484142e-03  5.12099655e-03]
 [-1.24951104e-03 -2.85828483e-03 -3.96285240e-03 ... -1.68788808e-03
  -4.39216416e-03 -5.39179149e-03]
 [ 9.49816406e-03  1.40742213e-02  1.88448206e-02 ...  1.11647546e-02
   7.46971369e-03  5.60865551e-03]
 [ 4.83754277e-03  9.42379236e-04 -2.68144161e-03 ...  8.42109323e-03
   5.40602952e-03  1.49241090e-03]
 [ 1.68067392e-03  2.15661526e-03  3.51012064e-03 ...  6.80647354e-03
   2.59324541e-03  2.61192186e-03]
 [ 9.30577517e-06  1.04781240e-03  2.40051746e-03 ...  2.57419050e-03
   1.37165748e-03 -1.72052160e-03]]",123.046875,-125.267746
metal,6,3313.275178,51464.402,"[0.6116484999656677, 0.6080957651138306, 0.6243748068809509, 0.7122794985771179, 0.6734578609466553, 0.7889344692230225, 0.7014411091804504, 0.6731259226799011, 0.7609796524047852, 0.676433801651001, 0.7065252661705017, 0.6022750735282898]","[[-0.00033396 -0.00364641 -0.00042324 ...  0.01701702  0.01349605
   0.00916449]
 [-0.00347503 -0.0039046  -0.00576794 ... -0.00526823 -0.00369934
  -0.00385037]
 [ 0.01736742  0.01928535  0.02494074 ... -0.00221532  0.00336009
   0.00027061]
 [ 0.01433186  0.01851784  0.02618717 ...  0.00825044  0.01577576
   0.01425032]
 [ 0.00461824  0.00416503  0.00297423 ...  0.00191946  0.00224098
   0.00312599]
 [-0.00357564 -0.00460234 -0.00182844 ...  0.00035779  0.00189486
   0.00012084]]",120.1853198,-81.24159
metal,7,2498.75168,49564.305,"[0.7980666160583496, 0.8525025248527527, 0.8919208645820618, 0.8366323709487915, 0.843755304813385, 0.8213597536087036, 0.7573664784431458, 0.7765315175056458, 0.8523467779159546, 0.822838306427002, 0.7501175403594971, 0.7483655214309692]","[[-1.34560256e-03 -5.80161315e-04 -6.61822928e-03 ...  1.06259125e-03
   4.11527722e-06 -9.25757873e-04]
 [-3.68036257e-03 -5.24336135e-03 -9.76517489e-03 ... -2.51339391e-03
  -5.26423706e-03 -7.95619767e-03]
 [ 1.05553791e-02  1.55302510e-02  1.31895170e-02 ...  1.04589760e-03
  -2.21847743e-03 -3.11890990e-03]
 [ 9.69672203e-03  1.50792822e-02  1.85764208e-02 ...  1.59681216e-02
   1.69831961e-02  1.16194859e-02]
 [ 5.55695813e-03  7.50232208e-03  7.21154181e-03 ...  9.32043840e-03
   5.10354854e-03  2.53413827e-03]
 [-2.83554755e-03 -1.61648728e-03  9.86568630e-05 ... -1.95555948e-03
   6.61192462e-04  3.48862261e-04]]",129.1992188,-136.42767
metal,8,2005.829248,55229.617,"[0.686785876750946, 0.6954565644264221, 0.7261353731155396, 0.7209126353263855, 0.801245391368866, 0.6728125214576721, 0.6839814782142639, 0.7000120282173157, 0.6511181592941284, 0.6626803874969482, 0.633369505405426, 0.7350948452949524]","[[-1.89311698e-03 -2.85700661e-03 -4.36674938e-03 ...  4.21767348e-04
   1.72244217e-04 -1.74748874e-03]
 [-3.92771603e-05 -7.45845065e-05 -1.25982030e-04 ...  1.10271500e-03
  -1.61098479e-03  1.85877783e-03]
 [-1.94644928e-03 -4.83587384e-03 -8.06613266e-03 ... -1.71148032e-03
   3.99731100e-04  6.15833700e-03]
 [ 3.42617184e-03  6.59461319e-03  3.59392911e-03 ...  2.33383477e-03
   4.67908382e-03  2.04219669e-03]
 [-3.75039482e-03 -1.83457638e-03 -2.42169889e-03 ...  2.42064715e-04
   1.02372362e-03  2.43746208e-03]
 [-2.74479017e-03 -1.85781345e-03 -2.53735855e-03 ... -3.04237939e-03
  -4.21784073e-03 -2.99776718e-03]]",117.4538352,-114.23147
metal,9,1074.472444,42392.516,"[0.7806439399719238, 0.7850807309150696, 0.8429648280143738, 0.7460670471191406, 0.6420843005180359, 0.6710115671157837, 0.7398574948310852, 0.7019367814064026, 0.7034185528755188, 0.7523732781410217, 0.7484126687049866, 0.7815831899642944]","[[ 2.77703942e-03  3.63452023e-03 -2.79766666e-03 ...  4.53070558e-03
   3.93806416e-03  2.35204063e-03]
 [-4.18110370e-03 -3.64024004e-03 -2.35020224e-03 ... -3.63696048e-03
  -1.81454012e-03  7.18406753e-05]
 [ 1.90631002e-02  1.77894309e-02  1.96270496e-02 ...  1.04421452e-02
   1.02876276e-02  7.81337917e-03]
 [ 7.40350783e-03  6.90625608e-03  6.65125996e-03 ... -6.15172088e-04
   4.49456275e-03  1.15738139e-02]
 [ 6.30548078e-03  6.81424222e-03  4.47431127e-03 ...  4.67551298e-03
   3.26565241e-03  3.75726339e-03]
 [-1.18668564e-03 -1.92359090e-04  3.39544751e-03 ...  4.35819477e-03
   3.99941579e-03  3.31217423e-04]]",112.3471467,-147.97328
metal,11,2672.216676,41688.445,"[0.6801912188529968, 0.6784409284591675, 0.6659948229789734, 0.7660619020462036, 0.7907231450080872, 0.765466034412384, 0.7883126735687256, 0.8919834494590759, 0.8638060688972473, 0.699316680431366, 0.6554978489875793, 0.6447806358337402]","[[ 0.00095046  0.00206983  0.00136745 ...  0.00366806  0.00357133
   0.00318862]
 [-0.01025464 -0.00788294 -0.01102692 ... -0.01313483 -0.01238457
  -0.01042141]
 [-0.00017446  0.00376661  0.00815089 ...  0.01341864  0.01119286
   0.01188256]
 [-0.00163081 -0.00467241 -0.00031616 ... -0.00238977  0.0029193
  -0.00060049]
 [ 0.00230368  0.00135253  0.00243245 ...  0.00476926  0.00458261
   0.00346757]
 [ 0.00193861  0.00305303  0.00579727 ... -0.00019683  0.00066443
  -0.00135308]]",132.5120192,-115.04198
metal,13,3348.562466,43244.465,"[0.8278971910476685, 0.8174940943717957, 0.8321306705474854, 0.7874061465263367, 0.8661015033721924, 0.8657225370407104, 0.8226775527000427, 0.8431860208511353, 0.8482656478881836, 0.7969512939453125, 0.7660441994667053, 0.7794182300567627]","[[ 7.09772991e-03  7.91228489e-03  5.44379427e-03 ...  1.38244880e-03
  -1.01044602e-03 -4.37945526e-03]
 [ 8.71100805e-04 -3.02420796e-04  3.75334431e-06 ...  3.89317280e-04
   4.07058107e-03  1.27417233e-03]
 [-6.08702004e-03  2.61988491e-03  6.08482212e-03 ...  5.59497625e-03
   5.75939566e-03  9.91507620e-03]
 [-3.35223228e-03 -4.96753305e-03  6.71716034e-03 ...  1.44577473e-02
   1.15145966e-02  1.68018043e-03]
 [ 2.91338729e-03  5.03947306e-03  3.81264427e-03 ...  3.04170601e-03
   3.82317458e-03  5.97546674e-03]
 [-2.59503163e-03 -5.46291471e-04 -1.01507269e-03 ... -9.83158126e-04
  -1.34993158e-03 -1.44656561e-03]]",123.046875,-135.26665
metal,14,3054.721458,40966.258,"[0.7429907917976379, 0.761627197265625, 0.771253228187561, 0.7548458576202393, 0.8265489339828491, 0.7962884306907654, 0.8640371561050415, 0.8548116683959961, 0.795049786567688, 0.6844170689582825, 0.691895604133606, 0.7846736311912537]","[[ 0.00720807  0.00733723  0.00335968 ...  0.00245954  0.00325405
   0.00348962]
 [ 0.00121501  0.0035652   0.00144802 ... -0.00052366  0.00224013
  -0.0022977 ]
 [ 0.01714814  0.01475601  0.01659241 ...  0.01540928  0.01353095
   0.02021145]
 [ 0.00215481  0.0077412   0.00293422 ...  0.00967982  0.0054118
   0.00301082]
 [ 0.00555776  0.0064865   0.00681839 ...  0.00294989  0.00266104
   0.00317767]
 [-0.00587546 -0.00107449  0.00133433 ... -0.00047165 -0.00081431
  -0.0010619 ]]",126.0480183,-134.80559
metal,15,2342.960338,42675.605,"[0.762171745300293, 0.7127057909965515, 0.765221118927002, 0.7945403456687927, 0.802882969379425, 0.7569600343704224, 0.8293047547340393, 0.8375122547149658, 0.7968826293945312, 0.782135546207428, 0.7576626539230347, 0.7907347083091736]","[[ 7.62597233e-03  5.69356451e-03  2.75994881e-04 ... -4.89408079e-03
   1.14348834e-05  2.32772769e-03]
 [ 7.43238403e-05  2.89611265e-03  4.31414092e-03 ...  3.69732475e-03
   6.25642941e-03  6.50342724e-03]
 [ 3.69925797e-03  1.22790262e-02  1.37377977e-02 ...  3.68735939e-03
   2.22770870e-03 -3.38552147e-03]
 [ 2.97591835e-03  8.77032429e-03  6.93377852e-03 ...  7.78108090e-03
   7.95440376e-03  3.38953733e-03]
 [ 3.37940808e-03  3.05323644e-03  2.62405235e-03 ...  3.14262788e-03
   4.98527297e-03  2.44037856e-03]
 [ 1.26314536e-03  1.60487927e-03  4.60563973e-03 ...  3.52441333e-03
   2.03799456e-03  6.80744648e-04]]",120.1853198,-133.86101
metal,16,3111.827163,46991.3,"[0.7020084261894226, 0.7620307207107544, 0.7718945741653442, 0.7738651037216187, 0.7842873334884644, 0.717871367931366, 0.6484483480453491, 0.7259090542793274, 0.7887993454933167, 0.809619128704071, 0.8000022768974304, 0.6974686980247498]","[[ 8.29045239e-04  2.93860257e-03  7.42980475e-03 ...  4.74235369e-03
   9.77480528e-03  1.05091209e-02]
 [ 1.34872185e-03  3.09811400e-03 -3.53255352e-03 ...  9.14721335e-06
   4.04327411e-03  7.30828983e-03]
 [ 1.50913000e-03  7.05328584e-03  5.08837402e-03 ...  3.51241231e-03
  -6.94230199e-04 -2.13158876e-03]
 [ 5.44144958e-03  9.56304371e-04  5.23538888e-03 ...  2.05153376e-02
   2.46292651e-02  1.74501017e-02]
 [ 4.55648248e-03  5.07981019e-03  3.39748769e-03 ...  4.58619252e-03
   6.28026161e-03  6.62096081e-03]
 [-3.89537401e-03 -1.87469646e-04  1.72043219e-03 ...  2.57257000e-03
   1.34497508e-03 -1.92680210e-03]]",123.046875,-95.47293
metal,17,2088.258344,43525.555,"[0.7440440654754639, 0.7628791928291321, 0.7909581065177917, 0.8111757040023804, 0.8172628879547119, 0.7954049706459045, 0.8150330781936646, 0.8474913835525513, 0.8335104584693909, 0.8420067429542542, 0.8555554151535034, 0.8058090806007385]","[[ 0.00231366  0.0035884   0.00609538 ...  0.00224109  0.00045483
   0.00444149]
 [-0.00705402 -0.00778169 -0.00338727 ... -0.00195406 -0.00102368
  -0.00023153]
 [ 0.01179264  0.00869117  0.01210988 ...  0.00821912  0.00741419
   0.0033864 ]
 [ 0.00302013  0.0071103   0.01083416 ...  0.00517398  0.00446206
   0.00529619]
 [ 0.00105338  0.00315929  0.00370945 ...  0.00219659  0.00203308
   0.00124392]
 [-0.00084845  0.0007192   0.00146887 ...  0.00223935  0.00189366
   0.00247974]]",143.5546875,-138.85464
metal,19,2272.401429,44130.348,"[0.7591482400894165, 0.7557785511016846, 0.7554600238800049, 0.7828527092933655, 0.8003554940223694, 0.7750368714332581, 0.8063586354255676, 0.8447657227516174, 0.8295583128929138, 0.8266568779945374, 0.8509538769721985, 0.8078498244285583]","[[ 0.00496835  0.00303052 -0.00109677 ...  0.00282887  0.00120353
  -0.00191499]
 [-0.0046303  -0.00402711 -0.00744995 ... -0.00274672  0.00030453
  -0.00322676]
 [ 0.00631881  0.01564511  0.02049416 ...  0.01300354  0.01280917
   0.00622537]
 [ 0.01322077  0.01070156  0.00410999 ...  0.00070799  0.00038903
   0.00371809]
 [ 0.00374769  0.00198594  0.00349834 ...  0.00392626  0.00075114
   0.00071158]
 [-0.00147448 -0.0010253   0.00034075 ...  0.00288604  0.00223968
   0.00214058]]",109.9567819,-134.41129
metal,20,2055.26292,42829.273,"[0.7247403860092163, 0.7149825096130371, 0.7488197684288025, 0.7448456287384033, 0.7685924768447876, 0.7409007549285889, 0.8071317672729492, 0.8138726353645325, 0.8085561990737915, 0.7823441624641418, 0.7768567204475403, 0.7825852036476135]","[[ 0.00074111  0.00485389  0.00484624 ...  0.00121494  0.00199254
   0.00130911]
 [-0.0024732  -0.00541773 -0.00581723 ... -0.00565066 -0.00640148
  -0.00710442]
 [ 0.01141047  0.01354399  0.00819571 ...  0.00035493  0.0045348
   0.00883869]
 [ 0.00448748  0.0092969   0.01240023 ...  0.00980378  0.01332071
   0.01583213]
 [ 0.00121436  0.00159548  0.0029242  ...  0.00607142  0.0080027
   0.00484375]
 [-0.0030148  -0.00494324 -0.00143879 ... -0.00062048 -0.00328356
  -0.00480922]]",123.046875,-132.79645
metal,21,3028.007394,42312.125,"[0.7520173192024231, 0.7016279697418213, 0.7340551614761353, 0.7660759687423706, 0.8324018120765686, 0.7418850660324097, 0.7559838891029358, 0.7805643081665039, 0.7645171880722046, 0.7264278531074524, 0.7172272205352783, 0.749519944190979]","[[-0.00148278  0.00259248  0.00065675 ...  0.00093936 -0.00073579
  -0.00031257]
 [-0.00076129  0.00149425  0.00158803 ...  0.00312317  0.00098385
   0.00578685]
 [ 0.00494248 -0.00025288  0.00122073 ... -0.00258294 -0.00093333
  -0.00264182]
 [ 0.00634205  0.01352636  0.01318789 ...  0.00301983  0.00362852
   0.00765619]
 [ 0.00258901  0.00109635  0.00374543 ...  0.00136911  0.00221875
   0.00235654]
 [-0.00500427 -0.0057969  -0.00198628 ... -0.00155273 -0.003923
  -0.00233232]]",109.9567819,-129.97482
metal,23,1729.012151,46840.3,"[0.8421556353569031, 0.7798066735267639, 0.82082200050354, 0.8008471727371216, 0.7471984028816223, 0.6799419522285461, 0.6950873136520386, 0.8482837080955505, 0.8174048066139221, 0.6916300654411316, 0.7151238322257996, 0.7799780964851379]","[[ 6.27105063e-03  4.56552543e-03 -4.10318140e-05 ...  4.23013881e-03
  -3.72071888e-04 -1.10102249e-04]
 [ 2.23750190e-03  1.89134065e-03  1.98403417e-03 ...  1.09801759e-02
   9.89567701e-03  8.59032176e-03]
 [-4.25174087e-03 -3.34500521e-03  1.04382634e-05 ...  6.11837953e-03
   4.81429696e-03  2.41868198e-04]
 [-4.84751910e-03 -4.39390540e-03  6.36081398e-03 ...  5.98441809e-03
   4.98277694e-03  4.38780338e-03]
 [ 1.15637190e-03  1.47858177e-03  1.84327420e-03 ...  3.15084177e-03
   1.51725419e-03 -8.72753778e-04]
 [-4.28209454e-03 -3.25303338e-03 -2.67929211e-03 ...  3.66793759e-03
   3.84202972e-03  2.47534551e-03]]",143.5546875,-148.1488
metal,24,1669.948719,43592.582,"[0.663271427154541, 0.6470550298690796, 0.7280671000480652, 0.6937295794487, 0.6997921466827393, 0.6819955706596375, 0.7744789123535156, 0.7145993113517761, 0.6564772129058838, 0.6365569233894348, 0.6362751126289368, 0.7835222482681274]","[[ 5.45706521e-03  3.69859874e-03 -1.20806489e-03 ...  5.71319292e-03
  -1.73500165e-05  1.65320247e-03]
 [-1.84056514e-03  3.95718786e-03  4.80930717e-03 ... -1.93908152e-04
  -2.27650024e-03 -7.17126302e-03]
 [ 2.71096826e-02  2.60829553e-02  1.64847896e-02 ...  2.34202594e-02
   2.20745578e-02  6.45180047e-03]
 [ 2.32082084e-02  2.97706574e-02  3.02912518e-02 ...  1.27443150e-02
   2.62462646e-02  2.15159431e-02]
 [-1.49198984e-03 -1.42401712e-03  2.78136490e-03 ...  8.16306316e-03
   1.04807398e-02  6.98241091e-03]
 [ 3.09499539e-03  2.57450715e-03  4.47454117e-03 ...  7.40566850e-03
   2.61947326e-03 -7.45091587e-04]]",112.3471467,-143.44435
metal,25,1823.464391,47075.29,"[0.6952614784240723, 0.665322482585907, 0.7678347229957581, 0.8429115414619446, 0.8806599974632263, 0.7617753148078918, 0.6530897617340088, 0.711946964263916, 0.7634639143943787, 0.7473793625831604, 0.6818061470985413, 0.7285833954811096]","[[ 0.00602337  0.00477447  0.00514181 ...  0.01349011  0.00980855
   0.00904855]
 [-0.00113848 -0.00033312 -0.00151322 ... -0.0034748  -0.00523988
  -0.00560845]
 [ 0.00186275  0.00589292  0.00898106 ... -0.00811734 -0.00329664
   0.0015998 ]
 [ 0.00637048  0.005353    0.00833702 ...  0.01516306  0.01313436
   0.00467778]
 [ 0.00261656  0.00373183  0.00091344 ...  0.00123885  0.00105703
   0.00081309]
 [-0.00364076 -0.00131629  0.00010209 ... -0.00147141 -0.00296027
  -0.00278916]]",139.6748311,-139.59387
metal,26,3206.261391,41951.79,"[0.5847165584564209, 0.6827472448348999, 0.8500215411186218, 0.8080419301986694, 0.797576367855072, 0.6879621148109436, 0.7444618940353394, 0.7899588942527771, 0.7464926242828369, 0.7030212879180908, 0.5917828679084778, 0.6259868144989014]","[[ 0.00706588  0.00490908  0.00631662 ...  0.00245679  0.00168315
   0.00144874]
 [-0.00148509 -0.00219617 -0.00431872 ... -0.00255943 -0.00179087
  -0.00312022]
 [ 0.00736193  0.00539017  0.01794782 ...  0.00971758  0.01086549
   0.00992437]
 [-0.00206715 -0.00011402  0.00511221 ...  0.00607687  0.00434194
   0.0054986 ]
 [ 0.00320728  0.00383159  0.00660699 ...  0.00452219  0.00388645
   0.00300208]
 [-0.00032179  0.00221727  0.00272307 ...  0.00213631  0.00126461
   0.00215101]]",132.5120192,-130.2231
metal,27,1783.762908,43639.496,"[0.7424352169036865, 0.7125399708747864, 0.7093445062637329, 0.7481378316879272, 0.7165572643280029, 0.7331777215003967, 0.6832283139228821, 0.702335000038147, 0.8017663359642029, 0.8264061212539673, 0.7998098731040955, 0.7374929189682007]","[[ 0.00506758  0.00416191  0.00145345 ...  0.00463141  0.00537373
   0.00577325]
 [-0.00663236 -0.00762464 -0.00549322 ... -0.00382479 -0.00679576
  -0.0023583 ]
 [ 0.00638806  0.01143307  0.01371487 ...  0.00417161  0.01311103
   0.00676668]
 [ 0.00049461  0.00145982  0.00032748 ...  0.00076343  0.00379982
   0.0058146 ]
 [ 0.00244483  0.00286144  0.00390852 ...  0.00022413  0.00151913
   0.00067974]
 [ 0.00020908  0.00237431  0.00301024 ...  0.00248692  0.00127779
   0.00069319]]",126.0480183,-125.61742
metal,28,2966.325439,42332.58,"[0.7210837602615356, 0.7505348920822144, 0.6595170497894287, 0.7771599888801575, 0.7354830503463745, 0.7111951112747192, 0.7108375430107117, 0.7007251381874084, 0.7683362364768982, 0.7545825839042664, 0.8316196203231812, 0.6725231409072876]","[[ 0.00410959  0.00632003  0.00883482 ...  0.00165441  0.00265813
   0.00107809]
 [-0.00082124  0.00123792 -0.00014188 ...  0.00322758 -0.00191481
  -0.00373594]
 [ 0.00269365  0.00919376  0.00954756 ...  0.02413234  0.01599263
   0.01292858]
 [ 0.0120898   0.01082951  0.01054467 ...  0.00201748 -0.00400963
   0.00323229]
 [ 0.00370387  0.00363289  0.0036231  ...  0.00146591  0.00236632
   0.0017905 ]
 [ 0.00055756 -0.00102476  0.00057383 ...  0.00766673  0.00209939
   0.0012243 ]]",139.6748311,-87.62329
metal,29,2450.554897,46408.645,"[0.6780387759208679, 0.6197981238365173, 0.6629250645637512, 0.652188241481781, 0.679742157459259, 0.8009594678878784, 0.7109285593032837, 0.7356978058815002, 0.7115288972854614, 0.7363423109054565, 0.6792328357696533, 0.6350962519645691]","[[ 0.00445987  0.0048409   0.00180959 ...  0.00614101  0.00145466
   0.00024449]
 [-0.00417051 -0.00674347 -0.00825552 ... -0.00122359 -0.00461154
  -0.00533892]
 [ 0.01415081  0.00784008  0.00691732 ...  0.00553998  0.00036318
  -0.0039807 ]
 [ 0.01653524  0.02275332  0.02581975 ...  0.01352904  0.00948682
   0.00928735]
 [ 0.00290261  0.00266649  0.00201538 ...  0.00681682  0.00631218
   0.00296922]
 [ 0.0002632  -0.00023853  0.00039973 ... -0.0057403  -0.00258305
   0.00300375]]",120.1853198,-108.306366
metal,32,2303.524423,43499.785,"[0.6830871105194092, 0.6273244619369507, 0.7378383278846741, 0.6666730046272278, 0.7631129026412964, 0.6743462681770325, 0.7021550536155701, 0.7464075088500977, 0.713498592376709, 0.7116500735282898, 0.6446039080619812, 0.7060457468032837]","[[ 0.00093361  0.00184406  0.00403672 ...  0.00305873  0.00253317
  -0.00270158]
 [-0.00385082 -0.00521939 -0.0048903  ... -0.00900946 -0.00413774
  -0.00157098]
 [ 0.00450395  0.01347786  0.00906929 ...  0.02772342  0.01831283
   0.00705907]
 [ 0.00883552  0.00993898  0.00601157 ...  0.00377489 -0.00604492
  -0.00649104]
 [ 0.0025813   0.00543854  0.00509723 ...  0.00468921  0.0018945
  -0.00115198]
 [-0.00109701  0.00340319  0.0025054  ...  0.0072135   0.00389563
   0.00158038]]",117.4538352,-105.80042
metal,34,2685.425117,49651.61,"[0.6389448046684265, 0.5567807555198669, 0.564625084400177, 0.5613850355148315, 0.6722419857978821, 0.6446914672851562, 0.7046319246292114, 0.6786858439445496, 0.6292744278907776, 0.6600319743156433, 0.6868524551391602, 0.7819961905479431]","[[ 1.57284985e-03 -2.10022177e-03 -7.39770262e-04 ... -6.31551998e-04
   6.21484886e-04  2.31739965e-03]
 [-6.63326344e-03 -7.40605300e-03 -2.58997738e-03 ...  7.67306713e-04
   3.00283051e-03 -2.01920110e-03]
 [ 4.33623791e-05  7.57887959e-04 -2.67122686e-03 ... -5.12175262e-04
  -7.00554252e-03 -9.48072225e-03]
 [ 1.01100281e-02  1.30573660e-02  7.65846670e-03 ...  2.28143483e-03
   6.96925074e-03  1.08229816e-02]
 [ 8.96572783e-04  2.29585466e-03  4.05929664e-03 ...  4.89154230e-03
   7.06131399e-03  5.60559949e-03]
 [-1.57130137e-03 -3.57804820e-04 -1.74454600e-03 ...  3.99740413e-04
   7.53073022e-04 -3.63804400e-04]]",129.1992188,-86.04972
metal,35,2471.384842,40821.77,"[0.7991568446159363, 0.8916736841201782, 0.8446340560913086, 0.796124279499054, 0.7456246614456177, 0.6811351776123047, 0.6345068216323853, 0.724211573600769, 0.8081903457641602, 0.7355692982673645, 0.6632419228553772, 0.7218777537345886]","[[ 0.00364878  0.00672598  0.00506979 ...  0.00522303  0.00814959
   0.00816962]
 [-0.00064027  0.00051015 -0.00039629 ...  0.00228098 -0.00159092
  -0.00529973]
 [ 0.00840459  0.00576813  0.00496303 ...  0.014596    0.0208832
   0.0226208 ]
 [ 0.00954811  0.00536769  0.01277512 ...  0.01873747  0.00875719
   0.0039362 ]
 [ 0.00243479  0.00575214  0.00511572 ...  0.00456031  0.00531457
   0.00436419]
 [-0.0006403  -0.00012931 -0.00302313 ... -0.00735167 -0.00501109
   0.00107196]]",117.4538352,-145.58638
metal,36,2366.870287,44972.516,"[0.7337228059768677, 0.7252400517463684, 0.729823887348175, 0.7741827368736267, 0.775051474571228, 0.7679054141044617, 0.7649407386779785, 0.7615071535110474, 0.7989224195480347, 0.7497294545173645, 0.7358914613723755, 0.721401035785675]","[[ 3.34800909e-03  7.67257265e-03  4.20968063e-03 ...  5.63852816e-03
   3.34273893e-03  2.38920007e-03]
 [-8.87946479e-03 -1.36188395e-02 -6.67997737e-03 ... -9.19585651e-03
  -8.63563395e-03 -7.22433650e-03]
 [ 1.44978836e-02  1.02693513e-02  1.74585357e-02 ...  1.70093328e-02
   1.40386894e-02  8.83526355e-03]
 [ 9.46158916e-03  1.10256746e-02  1.83044747e-02 ... -2.38686055e-03
  -1.20378286e-02 -9.94204730e-03]
 [ 3.80663064e-03  4.83077367e-03  8.37385636e-03 ...  9.43033232e-03
   5.47926166e-03  3.62528616e-03]
 [-2.28461437e-03 -2.05137022e-03  3.50940973e-04 ... -1.46045908e-03
   3.36766243e-06  3.35289724e-03]]",139.6748311,-115.74083
metal,37,1925.019855,41666.473,"[0.6606804728507996, 0.7936866283416748, 0.7228679060935974, 0.7552164196968079, 0.6083624958992004, 0.5692107081413269, 0.5926638245582581, 0.5840338468551636, 0.6134451627731323, 0.5359899997711182, 0.588747501373291, 0.6238375902175903]","[[ 0.00692023  0.00693915  0.00823209 ...  0.00548441  0.00334414
   0.00031826]
 [-0.00384398 -0.00322465 -0.00033861 ... -0.00612751 -0.00759318
  -0.00952889]
 [ 0.01236536  0.01043313  0.008766   ...  0.01658895  0.01449788
   0.00971699]
 [ 0.01416492  0.01835637  0.00828901 ... -0.00103679  0.00071437
   0.00612082]
 [ 0.00505624  0.0063431   0.00632661 ...  0.00383384  0.00433419
   0.0040244 ]
 [-0.00042214 -0.00029257  0.00347426 ...  0.00052647  0.00190637
   0.00164335]]",135.9991776,-91.3068
metal,38,2379.877164,42200.234,"[0.6329190135002136, 0.7079826593399048, 0.7866684198379517, 0.7936031818389893, 0.8531045913696289, 0.8227662444114685, 0.7116603851318359, 0.6711550951004028, 0.6908130049705505, 0.69647616147995, 0.6282095313072205, 0.6416648626327515]","[[-1.60031702e-03  1.94496697e-03  3.44519736e-03 ...  4.75316501e-04
   1.04203291e-04  3.34318773e-05]
 [-1.68110263e-03 -2.33230937e-03 -2.59633658e-03 ... -5.41163949e-03
  -3.59400884e-03 -1.84411304e-03]
 [ 1.30028278e-02  7.86203146e-03  8.39592516e-03 ...  1.19802728e-02
   1.70130208e-02  1.47829056e-02]
 [ 8.21388513e-03  3.15656513e-03  2.98362970e-03 ...  5.82706928e-03
  -5.34854829e-04 -1.42852962e-03]
 [ 4.82887667e-03  4.65112294e-03  1.48133372e-03 ...  3.30097281e-03
   3.79905876e-03  4.59177061e-03]
 [ 1.62339024e-03  2.26296857e-03  7.93151557e-05 ...  2.88385898e-04
   7.40554184e-04 -4.38695773e-04]]",129.1992188,-117.85522
metal,40,2752.811082,45110.01,"[0.6807880997657776, 0.6446494460105896, 0.6602545976638794, 0.7197627425193787, 0.8330178260803223, 0.7794967293739319, 0.7564185857772827, 0.7958219647407532, 0.7620183825492859, 0.7890226244926453, 0.7327723503112793, 0.6756399869918823]","[[ 0.00146055 -0.00130394 -0.0017337  ... -0.00097623  0.00109769
   0.00014901]
 [ 0.00427651  0.00612297  0.00453354 ...  0.00048527  0.00296885
   0.00156474]
 [-0.00459432 -0.00787026 -0.0017697  ... -0.0033597   0.00031427
   0.00143782]
 [ 0.00641111  0.01094054  0.02364257 ...  0.01576096  0.017294
   0.01100282]
 [-0.00162653 -0.00047373  0.00046395 ... -0.00205443 -0.00313159
  -0.00148662]
 [-0.00179997 -0.00095074 -0.00181721 ... -0.00394972 -0.00278032
  -0.00139997]]",109.9567819,-110.421135
metal,41,2178.805826,45691.574,"[0.6982263922691345, 0.6513754725456238, 0.6544780135154724, 0.6895346641540527, 0.7666901350021362, 0.6926520466804504, 0.7115525603294373, 0.7556719183921814, 0.7187545299530029, 0.7380934953689575, 0.6665342450141907, 0.6781755089759827]","[[ 0.00120566  0.0004065  -0.00351027 ... -0.00261824  0.00514779
   0.00463937]
 [ 0.00049821 -0.00110745 -0.00111717 ... -0.00091063  0.00027392
  -0.00106641]
 [ 0.00731734  0.00982272  0.00390959 ... -0.0098322  -0.00513676
   0.00421615]
 [-0.00561313  0.00359016  0.00848952 ...  0.01353781  0.02135538
   0.01904234]
 [ 0.00342036  0.00164445  0.00278817 ...  0.00199723  0.00313095
   0.00287717]
 [-0.00095232 -0.0023064  -0.00021624 ... -0.00479661 -0.00425465
  -0.00104416]]",117.4538352,-119.85291
metal,42,2563.50066,42295.85,"[0.5856733918190002, 0.5826830267906189, 0.5792860388755798, 0.670524537563324, 0.7522921562194824, 0.6518931984901428, 0.6543663144111633, 0.7126776576042175, 0.8035086393356323, 0.7575902938842773, 0.634080171585083, 0.6183481812477112]","[[ 0.00155541  0.00273496  0.00373262 ...  0.00904717  0.00778367
   0.00640782]
 [ 0.00155889  0.00317818 -0.00149497 ... -0.00395402 -0.0037563
   0.00207775]
 [ 0.00665598  0.01124814  0.01273908 ...  0.01027523  0.0141403
   0.00415211]
 [ 0.01673321  0.01297256  0.00350465 ...  0.01760676  0.02150341
   0.01757707]
 [ 0.00029867  0.00147316 -0.0006553  ... -0.00017908  0.00173317
   0.00117634]
 [ 0.0003393   0.0002945   0.00044861 ...  0.00022545  0.00051336
   0.00117555]]",129.1992188,-87.712524
metal,43,3062.6587,46989.83,"[0.6704146862030029, 0.6987568140029907, 0.6403172016143799, 0.6517500877380371, 0.7047181725502014, 0.6893690228462219, 0.7028818726539612, 0.6661323308944702, 0.722599446773529, 0.727755606174469, 0.6827690601348877, 0.6911249756813049]","[[ 0.00738643 -0.00156013 -0.00867889 ...  0.00112359  0.00265573
   0.00361218]
 [-0.00168765  0.00024286 -0.00720809 ... -0.0164449  -0.01765137
  -0.01162501]
 [ 0.01723363  0.02342746  0.01160124 ...  0.01788624  0.01421562
   0.00261806]
 [-0.00167303  0.00410072  0.00139812 ...  0.00911543  0.01005124
   0.00350134]
 [-0.00039802  0.00078868  0.00321338 ...  0.00298901  0.00566027
   0.00635866]
 [ 0.0001569   0.00170595  0.00604488 ...  0.00618013  0.00530748
   0.00421549]]",93.96306818,-75.87008
metal,46,2439.730204,44113.08,"[0.7950759530067444, 0.778830885887146, 0.7879912853240967, 0.7465361952781677, 0.711406946182251, 0.7481655478477478, 0.6665517091751099, 0.6781401038169861, 0.6971510648727417, 0.7129935026168823, 0.7872634530067444, 0.7743319272994995]","[[ 0.00666944  0.00940016  0.00978529 ...  0.00110056 -0.00012927
  -0.00311459]
 [-0.00222514 -0.00016595  0.0031632  ...  0.01525725  0.01236229
   0.01221298]
 [ 0.0032287  -0.00194939 -0.00249467 ... -0.00952736 -0.0157688
  -0.00997935]
 [ 0.01646821  0.0232509   0.01832102 ...  0.00423469  0.00957271
  -0.00063774]
 [ 0.0039257   0.00144961 -0.00086818 ...  0.00257754 -0.00174991
  -0.00084458]
 [-0.00778214 -0.00737047 -0.00656155 ...  0.00482092  0.0012999
   0.00319385]]",117.4538352,-114.36711
metal,47,2793.316858,47904.4,"[0.7512108087539673, 0.7995477318763733, 0.8199959397315979, 0.7075748443603516, 0.6659072041511536, 0.6639809608459473, 0.6398211717605591, 0.6490520238876343, 0.6808028221130371, 0.7352679967880249, 0.6419223546981812, 0.6499606966972351]","[[ 4.56566376e-03  3.11987338e-03 -3.11260096e-03 ... -1.58379104e-03
   6.85021875e-03  3.81354123e-04]
 [-4.00849091e-03 -4.27560940e-03 -6.69351446e-03 ... -5.99802737e-04
  -7.77824580e-03 -1.71449179e-02]
 [ 1.14454180e-02  1.08942986e-02  2.01524422e-02 ...  2.04099789e-02
   3.36475149e-02  2.81617194e-02]
 [ 9.21569765e-04  4.48635966e-03 -3.10222059e-03 ...  1.70309693e-02
   1.07140765e-02  5.85938990e-03]
 [-5.63422876e-05  6.03437385e-04  3.51866684e-03 ...  1.25492573e-03
   5.38077879e-03  8.13132062e-03]
 [ 1.74560770e-03  2.55499221e-03  2.32180580e-04 ...  1.59708783e-03
   5.00384718e-04  8.89064744e-04]]",139.6748311,-93.80563
metal,48,2730.811022,46920.105,"[0.7495669722557068, 0.9044344425201416, 0.7168937921524048, 0.6340632438659668, 0.649672269821167, 0.66795814037323, 0.6582134366035461, 0.6871810555458069, 0.800062894821167, 0.6848453283309937, 0.6389254331588745, 0.6744235754013062]","[[ 0.00755059  0.00526149  0.0051686  ...  0.00613791  0.0048342
   0.00360421]
 [-0.00471019 -0.00470095 -0.00127768 ... -0.00858876 -0.00598216
  -0.00371628]
 [ 0.01782943  0.02119219  0.01552788 ...  0.01526017  0.01715665
   0.01658215]
 [-0.0010742  -0.00394376 -0.0035992  ... -0.00120497  0.00366976
   0.00412485]
 [-0.00023867 -0.00065861  0.00317372 ... -0.00206587 -0.00042373
   0.00116375]
 [-0.00025984  0.00034747  0.00222899 ...  0.00394578  0.00423323
   0.00217871]]",109.9567819,-128.77274
metal,49,3035.286316,46156.7,"[0.7878462076187134, 0.8789416551589966, 0.7916629314422607, 0.6897198557853699, 0.7682301998138428, 0.6781981587409973, 0.6540653109550476, 0.7317436337471008, 0.775053858757019, 0.8179004788398743, 0.7251320481300354, 0.7620249390602112]","[[ 4.40184029e-03 -7.58094787e-04 -2.14601103e-03 ...  3.37631396e-03
  -2.81870862e-03 -1.16526132e-03]
 [ 4.16703714e-03  3.71617138e-03 -3.75746194e-03 ...  4.73005667e-03
   4.41322036e-03  6.72709774e-04]
 [ 1.13541037e-02  1.56459361e-02  2.03468278e-02 ...  2.57880017e-02
   1.85837746e-02 -2.47936696e-03]
 [ 1.43696442e-02  1.19740590e-02  9.93955135e-03 ...  1.02051049e-02
   1.77610591e-02  1.33645833e-02]
 [ 3.20656463e-03  2.91348085e-03  5.08806925e-03 ...  4.06700079e-03
   4.68416242e-03  3.11870564e-03]
 [ 8.19524750e-04  5.71537763e-04  3.51606123e-03 ...  2.78938934e-03
   4.32673842e-05 -3.39079276e-03]]",132.5120192,-130.102
metal,50,2602.131848,52692.062,"[0.8155990839004517, 0.8852894306182861, 0.8041338920593262, 0.6866989135742188, 0.7206384539604187, 0.6229485273361206, 0.6273616552352905, 0.6931453347206116, 0.7326687574386597, 0.7781466841697693, 0.6970924139022827, 0.7373755574226379]","[[ 0.0019216   0.00634067  0.01041576 ...  0.00363532  0.00230207
  -0.00300286]
 [-0.00176374  0.0014082   0.00344883 ... -0.00835474 -0.00695145
  -0.00302288]
 [ 0.0081584   0.01657093  0.01925956 ...  0.02960393  0.03729278
   0.03606994]
 [-0.00464246 -0.00958932 -0.00955091 ... -0.00347029 -0.00059577
  -0.00965147]
 [-0.00222507 -0.00286574 -0.00045973 ...  0.00446413  0.00728297
   0.0068011 ]
 [ 0.00027525  0.00373335  0.002962   ...  0.00287693  0.00055471
   0.00201276]]",114.84375,-132.9186
metal,51,3755.908023,53148.34,"[0.8207933902740479, 0.8962950706481934, 0.8226367235183716, 0.7114433646202087, 0.6940224170684814, 0.633290708065033, 0.6628353595733643, 0.7208438515663147, 0.7167080044746399, 0.7444797158241272, 0.6904318332672119, 0.7376324534416199]","[[-0.00107176  0.00035618 -0.00370592 ...  0.0063058   0.00279891
  -0.00072026]
 [-0.00427291 -0.00304239 -0.00376023 ... -0.00879839 -0.01014684
  -0.00520921]
 [ 0.01738694  0.01978219  0.02460361 ...  0.00713272 -0.00145718
   0.00469927]
 [ 0.00126453  0.00207601 -0.00291677 ...  0.00614732  0.00600351
   0.01004528]
 [ 0.00355934  0.00257445  0.00231291 ...  0.00283235  0.00247473
   0.00327381]
 [-0.00113421  0.00111118  0.00042205 ... -0.00458574 -0.00195583
  -0.0012371 ]]",109.9567819,-123.505325
metal,52,2570.534982,58328.89,"[0.7919010519981384, 0.7977047562599182, 0.7704338431358337, 0.6998105645179749, 0.7449572682380676, 0.6855936050415039, 0.6966412663459778, 0.7623791694641113, 0.7902035713195801, 0.8224011659622192, 0.7544097304344177, 0.771589994430542]","[[-1.09300292e-03  1.93732439e-03  7.74797775e-03 ... -7.13658226e-03
  -2.35242906e-03 -2.03618389e-03]
 [-3.98366113e-03 -8.80536987e-03 -7.87055822e-03 ... -3.48826723e-03
  -6.51468003e-03  6.16102305e-05]
 [ 1.29293948e-02  2.15107352e-02  2.39557251e-02 ...  1.98395625e-02
   2.35486031e-02  1.67247728e-02]
 [ 1.10007524e-02  9.77787375e-03  5.43114543e-03 ... -4.56192344e-03
   1.04231387e-03  1.23567656e-02]
 [-2.83353572e-04  1.21792127e-03  2.05599666e-03 ...  3.48082678e-03
   5.32832730e-03  5.62263381e-03]
 [ 5.42453490e-03  3.99227440e-03 -2.24920735e-03 ...  3.95320356e-03
   7.03487545e-04  2.15788931e-03]]",103.359375,-122.45937
metal,54,3026.538946,47892.246,"[0.8242208957672119, 0.8643084168434143, 0.7994967103004456, 0.7805027961730957, 0.6937495470046997, 0.6690777540206909, 0.6846756935119629, 0.7320684790611267, 0.7795097231864929, 0.7349507212638855, 0.7294698357582092, 0.7295870780944824]","[[ 4.46578943e-03  1.70208882e-03  1.15299004e-03 ...  4.75064466e-03
   2.62859183e-03  1.11777938e-03]
 [-8.80885951e-03 -6.83274737e-03 -2.68931175e-03 ... -1.10664902e-02
  -7.85370041e-03 -6.25441155e-03]
 [ 9.83031094e-03  7.78932869e-03  1.03764459e-02 ...  7.48366117e-03
   2.86329538e-03  4.43562120e-03]
 [ 6.87270612e-03  9.77324694e-03  3.33996117e-03 ... -8.00182670e-03
  -7.61449337e-05  7.66185671e-03]
 [ 4.18750244e-03  4.99309327e-03  4.97727523e-03 ...  5.22601817e-03
   4.89353286e-03  3.40180756e-03]
 [-4.68553975e-04 -3.08118761e-05 -3.75089236e-03 ... -2.74252146e-04
   1.40100718e-04  1.14016421e-03]]",123.046875,-125.21195
metal,55,3068.786019,51309.254,"[0.8022520542144775, 0.8112951517105103, 0.7495103478431702, 0.7077540159225464, 0.6599234938621521, 0.6646618843078613, 0.7507967948913574, 0.6950741410255432, 0.6745838522911072, 0.7091476321220398, 0.7272490859031677, 0.8142990469932556]","[[ 0.00027608 -0.00183033  0.001222   ...  0.00085958  0.00324242
   0.00459332]
 [-0.00581375 -0.006197   -0.0041893  ... -0.00516745 -0.00109993
  -0.00362996]
 [ 0.01802938  0.0170743   0.01674472 ...  0.01044059  0.01446303
   0.01459096]
 [ 0.00245447  0.00137521 -0.00031081 ...  0.00771783  0.01234254
   0.01362269]
 [ 0.0030983   0.00383721  0.00320203 ...  0.00700989  0.00383917
   0.00321941]
 [-0.00025952  0.00221309  0.00297911 ... -0.00046407  0.00221422
   0.00022122]]",112.3471467,-124.91685
metal,56,2729.794135,50111.777,"[0.7685436606407166, 0.8166700005531311, 0.7195108532905579, 0.6684908866882324, 0.6658843755722046, 0.6402349472045898, 0.6950371265411377, 0.6953851580619812, 0.7209727764129639, 0.7067139148712158, 0.6957563757896423, 0.7551320791244507]","[[ 3.37688840e-03  5.31684815e-03  6.16125069e-03 ...  1.00247448e-03
   2.19869718e-05  2.08370258e-03]
 [-2.82188968e-03  7.10383619e-04  1.34065932e-03 ... -5.55858380e-03
  -6.22318632e-03 -1.16818818e-03]
 [ 1.90791190e-02  2.50844434e-02  2.61738151e-02 ...  5.56728244e-03
   8.15322995e-03  9.66519862e-03]
 [ 6.68987632e-03  4.46647406e-03  2.52062082e-03 ...  1.39381289e-02
   4.76382673e-03  3.66781652e-03]
 [ 3.59562129e-03  2.94615254e-03  3.78752834e-03 ...  1.99697018e-03
   4.66145000e-03  3.99983462e-03]
 [ 3.60318273e-03  2.93215550e-03  1.27558783e-03 ...  3.97238880e-04
   1.41176395e-03 -3.70090827e-04]]",107.6660156,-111.24615
metal,57,2146.668163,52721.04,"[0.8065112829208374, 0.7923705577850342, 0.7190348505973816, 0.6404008865356445, 0.6211444735527039, 0.6081917881965637, 0.7237599492073059, 0.7292560935020447, 0.7333213686943054, 0.7171961069107056, 0.7301587462425232, 0.8439529538154602]","[[ 2.69353408e-05 -2.61340405e-03 -5.17247919e-03 ... -1.02832103e-03
  -2.08359697e-04  1.85410642e-03]
 [ 2.70852775e-03  4.63024708e-03  5.32799439e-03 ...  6.56568900e-03
   3.37962156e-03  5.19453090e-03]
 [-8.82048160e-03 -1.04086027e-02 -6.11554831e-03 ... -2.58728117e-03
  -6.89998269e-03 -5.19604236e-03]
 [ 9.25041735e-04  7.38126785e-03  9.15560126e-03 ...  6.21763617e-03
   5.07196039e-03  9.78890806e-03]
 [-3.65457034e-03 -6.21510535e-04  3.17237018e-03 ...  1.22337354e-03
   1.46405099e-03 -1.51535073e-03]
 [-3.24290618e-03 -1.77987851e-03 -3.38144973e-03 ... -5.49049675e-03
  -3.89008783e-03 -4.02183086e-03]]",129.1992188,-134.38562
metal,58,2172.453968,41756.49,"[0.6073994636535645, 0.6659998297691345, 0.6870360970497131, 0.6489303708076477, 0.7537325620651245, 0.7150343656539917, 0.734086275100708, 0.7959097623825073, 0.7413209080696106, 0.730702817440033, 0.6479043960571289, 0.6575350165367126]","[[ 5.40553932e-03  1.02948836e-02  6.39743299e-03 ... -1.87461921e-03
  -4.44002035e-03 -8.77966428e-04]
 [-1.35425487e-03 -3.51122751e-04  3.01898004e-03 ... -8.51415389e-03
  -4.70797936e-03 -7.46082698e-03]
 [-3.84549052e-03  1.52323395e-03  2.25914270e-03 ...  9.40664113e-03
   1.13554299e-02  8.36437941e-03]
 [ 7.59568065e-03  1.29267573e-04  4.41469252e-03 ...  2.08326727e-02
   1.97695419e-02  2.04210058e-02]
 [ 8.57149313e-03  7.71271200e-03  7.77514858e-03 ...  4.77983526e-04
   3.83022381e-03  4.03140295e-03]
 [ 5.23284078e-04  4.76028770e-04  2.54475512e-03 ... -1.90210901e-03
  -5.17070293e-06 -2.20385939e-03]]",123.046875,-81.90338
metal,59,2322.832331,39881.695,"[0.5669252872467041, 0.7004130482673645, 0.7070200443267822, 0.6500746011734009, 0.7828589081764221, 0.6821746230125427, 0.6564934253692627, 0.6797026991844177, 0.7475534677505493, 0.9062677621841431, 0.7472048997879028, 0.6126110553741455]","[[-4.42187588e-03 -5.82606170e-03 -6.18742681e-03 ...  8.00389265e-05
   5.30903363e-03  2.34568756e-03]
 [-8.45793042e-05 -3.87029077e-03 -5.85960163e-03 ... -5.80126255e-03
  -4.77770272e-03 -2.84590985e-03]
 [ 3.45643610e-03  9.53145325e-04  4.61596251e-03 ...  1.01143196e-02
   1.19168758e-02  5.12113422e-03]
 [ 1.03921816e-02  1.60581917e-02  1.79445446e-02 ...  3.15394402e-02
   2.74798721e-02  2.44488716e-02]
 [ 6.15583368e-03  5.69068719e-03  3.96347216e-03 ...  3.96010724e-03
   3.56976333e-03  1.94765455e-03]
 [ 3.10260803e-04  7.93911517e-04 -1.36809796e-03 ...  3.29343788e-03
   2.39275582e-03  4.15544957e-04]]",126.0480183,-95.723076
metal,60,2042.607374,40085.797,"[0.718422532081604, 0.7860419750213623, 0.8117926716804504, 0.7497028708457947, 0.8636557459831238, 0.7654467225074768, 0.7938683032989502, 0.7983478903770447, 0.7776768803596497, 0.8014791011810303, 0.7441775798797607, 0.8222658038139343]","[[-4.73867028e-03 -3.13364033e-03 -2.52624399e-03 ...  1.59364769e-03
   4.18128118e-03  2.63127445e-03]
 [-4.51260916e-03  4.30136743e-04 -1.31354650e-05 ...  2.85303657e-04
  -1.62449860e-03 -1.85671082e-03]
 [ 1.76610276e-02  1.25898272e-02  5.64102829e-03 ...  8.43256712e-03
   1.09166130e-02  8.21414590e-03]
 [ 6.46951050e-03  5.47404587e-03  4.68980521e-03 ...  6.44353032e-03
   3.38144600e-04 -6.57774508e-04]
 [-8.34549164e-04  3.93886274e-04  1.05104628e-03 ...  3.21140393e-03
   3.41447361e-03  3.38910603e-03]
 [ 3.19146179e-03  3.45087051e-03  5.04505448e-03 ...  3.10893916e-03
   1.81501918e-03  3.58837470e-03]]",120.1853198,-112.28784
metal,61,2752.811082,45110.01,"[0.6807880997657776, 0.6446494460105896, 0.6602545976638794, 0.7197627425193787, 0.8330178260803223, 0.7794967293739319, 0.7564185857772827, 0.7958219647407532, 0.7620183825492859, 0.7890226244926453, 0.7327723503112793, 0.6756399869918823]","[[ 0.00146055 -0.00130394 -0.0017337  ... -0.00097623  0.00109769
   0.00014901]
 [ 0.00427651  0.00612297  0.00453354 ...  0.00048527  0.00296885
   0.00156474]
 [-0.00459432 -0.00787026 -0.0017697  ... -0.0033597   0.00031427
   0.00143782]
 [ 0.00641111  0.01094054  0.02364257 ...  0.01576096  0.017294
   0.01100282]
 [-0.00162653 -0.00047373  0.00046395 ... -0.00205443 -0.00313159
  -0.00148662]
 [-0.00179997 -0.00095074 -0.00181721 ... -0.00394972 -0.00278032
  -0.00139997]]",109.9567819,-110.421135
metal,62,2178.805826,45691.574,"[0.6982263922691345, 0.6513754725456238, 0.6544780135154724, 0.6895346641540527, 0.7666901350021362, 0.6926520466804504, 0.7115525603294373, 0.7556719183921814, 0.7187545299530029, 0.7380934953689575, 0.6665342450141907, 0.6781755089759827]","[[ 0.00120566  0.0004065  -0.00351027 ... -0.00261824  0.00514779
   0.00463937]
 [ 0.00049821 -0.00110745 -0.00111717 ... -0.00091063  0.00027392
  -0.00106641]
 [ 0.00731734  0.00982272  0.00390959 ... -0.0098322  -0.00513676
   0.00421615]
 [-0.00561313  0.00359016  0.00848952 ...  0.01353781  0.02135538
   0.01904234]
 [ 0.00342036  0.00164445  0.00278817 ...  0.00199723  0.00313095
   0.00287717]
 [-0.00095232 -0.0023064  -0.00021624 ... -0.00479661 -0.00425465
  -0.00104416]]",117.4538352,-119.85291
metal,63,2563.50066,42295.85,"[0.5856733918190002, 0.5826830267906189, 0.5792860388755798, 0.670524537563324, 0.7522921562194824, 0.6518931984901428, 0.6543663144111633, 0.7126776576042175, 0.8035086393356323, 0.7575902938842773, 0.634080171585083, 0.6183481812477112]","[[ 0.00155541  0.00273496  0.00373262 ...  0.00904717  0.00778367
   0.00640782]
 [ 0.00155889  0.00317818 -0.00149497 ... -0.00395402 -0.0037563
   0.00207775]
 [ 0.00665598  0.01124814  0.01273908 ...  0.01027523  0.0141403
   0.00415211]
 [ 0.01673321  0.01297256  0.00350465 ...  0.01760676  0.02150341
   0.01757707]
 [ 0.00029867  0.00147316 -0.0006553  ... -0.00017908  0.00173317
   0.00117634]
 [ 0.0003393   0.0002945   0.00044861 ...  0.00022545  0.00051336
   0.00117555]]",129.1992188,-87.712524
metal,64,3062.6587,46989.83,"[0.6704146862030029, 0.6987568140029907, 0.6403172016143799, 0.6517500877380371, 0.7047181725502014, 0.6893690228462219, 0.7028818726539612, 0.6661323308944702, 0.722599446773529, 0.727755606174469, 0.6827690601348877, 0.6911249756813049]","[[ 0.00738643 -0.00156013 -0.00867889 ...  0.00112359  0.00265573
   0.00361218]
 [-0.00168765  0.00024286 -0.00720809 ... -0.0164449  -0.01765137
  -0.01162501]
 [ 0.01723363  0.02342746  0.01160124 ...  0.01788624  0.01421562
   0.00261806]
 [-0.00167303  0.00410072  0.00139812 ...  0.00911543  0.01005124
   0.00350134]
 [-0.00039802  0.00078868  0.00321338 ...  0.00298901  0.00566027
   0.00635866]
 [ 0.0001569   0.00170595  0.00604488 ...  0.00618013  0.00530748
   0.00421549]]",93.96306818,-75.87008
metal,65,2679.528875,43259.316,"[0.7077863812446594, 0.6440601348876953, 0.6936570405960083, 0.6653711795806885, 0.6913607716560364, 0.698625922203064, 0.7018576860427856, 0.7395520210266113, 0.7727954983711243, 0.81430983543396, 0.6972541809082031, 0.7456678152084351]","[[-0.0003064  -0.00083819  0.00263844 ... -0.00060155 -0.00484152
  -0.00185972]
 [-0.00327851 -0.00364594 -0.00226074 ...  0.00138224 -0.00282111
  -0.00168846]
 [ 0.00655793  0.00568163  0.00553383 ...  0.00948029  0.01297446
   0.01839223]
 [ 0.00102542  0.00268399  0.01191413 ... -0.00170598  0.00111102
   0.00210831]
 [ 0.00421643  0.00512831  0.00361285 ...  0.0060972   0.00379608
  -0.00023682]
 [ 0.00134926 -0.00056027  0.00245449 ...  0.00060011  0.00253457
   0.00192615]]",117.4538352,-113.10763
metal,66,2338.032279,44877.97,"[0.6537460088729858, 0.6425180435180664, 0.6513808369636536, 0.6504839658737183, 0.7366389632225037, 0.6782458424568176, 0.6779895424842834, 0.7238516807556152, 0.6543904542922974, 0.7119630575180054, 0.6485812067985535, 0.6885586380958557]","[[ 0.00257329  0.00130928 -0.00118581 ...  0.00074625 -0.00362274
   0.00286876]
 [ 0.00119697 -0.0020788   0.00049797 ... -0.00534598 -0.00284713
  -0.00079333]
 [-0.00092341 -0.00069796  0.00327011 ... -0.00061402 -0.00527901
  -0.01064693]
 [ 0.01643454  0.01661737  0.01286986 ...  0.00462401  0.00389638
   0.00860997]
 [ 0.00038374  0.00227684  0.00301945 ...  0.00516453  0.00508119
   0.0023347 ]
 [-0.00141189 -0.00234435 -0.00353394 ...  0.00595243  0.00171551
   0.00027058]]",123.046875,-99.04439
metal,67,1719.452979,45676.37,"[0.6493555903434753, 0.6948436498641968, 0.7731850743293762, 0.7335185408592224, 0.7472642660140991, 0.6806327700614929, 0.6918587684631348, 0.7016359567642212, 0.7005922794342041, 0.6985363364219666, 0.6685581207275391, 0.7661373019218445]","[[ 0.00324418  0.00305377  0.00405722 ...  0.0036964  -0.00292364
  -0.00390014]
 [-0.00025149 -0.00202419 -0.00088498 ...  0.00270895  0.0024737
   0.00019555]
 [-0.00897561 -0.01174746  0.00574586 ... -0.00537947 -0.0068485
  -0.0046633 ]
 [ 0.00472251  0.0109992   0.01516058 ...  0.00773992  0.01234768
   0.01543015]
 [ 0.00132295  0.00320436  0.00335836 ...  0.00383013  0.00452673
   0.00287974]
 [ 0.00072624  0.00095721 -0.00114185 ... -0.0042342  -0.00304091
  -0.00157968]]",132.5120192,-130.76366
metal,68,2012.138896,44928.336,"[0.7461192607879639, 0.7121571898460388, 0.6716673374176025, 0.7221238017082214, 0.8164138197898865, 0.7004128098487854, 0.6067184805870056, 0.6323426961898804, 0.6880797743797302, 0.7923958897590637, 0.7166034579277039, 0.714759886264801]","[[ 5.72898785e-03 -1.05406190e-04 -1.66642524e-03 ...  3.40251283e-03
   2.38309440e-03  1.18145629e-03]
 [ 2.55178797e-03  5.37575376e-03  1.07466591e-03 ... -9.52591873e-03
  -4.54231349e-03 -2.64284566e-03]
 [-2.87463516e-03 -4.00991738e-03 -1.52134895e-03 ...  5.69790602e-04
   4.94984537e-03  1.32426396e-02]
 [ 4.17439640e-03  5.43363392e-03 -2.00234354e-03 ...  1.37924254e-02
   1.44010037e-02 -4.10154462e-05]
 [ 1.31920769e-03  3.05950171e-03  4.09606559e-03 ...  3.20320616e-03
   4.15780853e-03  4.66699905e-03]
 [ 2.53521837e-03  2.81540491e-03  5.28589822e-03 ...  2.34649330e-03
   1.85896643e-03  5.18677756e-04]]",109.9567819,-102.32021
metal,69,607.1979642,43145.77,"[0.5922227501869202, 0.5983961224555969, 0.7177571058273315, 0.6898588538169861, 0.7901426553726196, 0.6811628937721252, 0.6474474668502808, 0.653756856918335, 0.6438908576965332, 0.6487734913825989, 0.6081352233886719, 0.6864563822746277]","[[-5.90153840e-04  5.57692039e-04  1.12845378e-03 ... -5.80656752e-04
  -2.24634260e-03 -2.52660385e-03]
 [-8.03020961e-04  3.88514580e-03  3.35342592e-03 ...  8.35834936e-04
  -1.20088885e-03  8.58155083e-04]
 [ 7.61681050e-03  9.45970416e-04 -3.87435406e-03 ...  5.61480224e-03
  -3.06317955e-03 -3.03285569e-03]
 [ 5.98444045e-03  1.05597302e-02  1.18571818e-02 ...  3.38465720e-03
   6.28324598e-03  2.05668062e-03]
 [ 2.20859251e-03  8.20744271e-05  2.16723267e-03 ...  1.83989315e-03
   2.61407696e-03  9.03960772e-04]
 [-2.53556855e-03 -1.22005865e-03 -1.78552978e-03 ... -2.11314484e-03
  -1.13827735e-03 -3.40618193e-04]]",107.6660156,-148.09415
metal,71,2274.501257,43863.387,"[0.7211393713951111, 0.782783567905426, 0.693203330039978, 0.7124987840652466, 0.7101755738258362, 0.7302612066268921, 0.7375179529190063, 0.7165277600288391, 0.7853758335113525, 0.713313639163971, 0.7192075252532959, 0.738164484500885]","[[ 0.00315675  0.00588996  0.00220424 ...  0.00172764  0.00021065
   0.00221782]
 [-0.00307543 -0.0019552  -0.00059782 ... -0.00062334 -0.00032646
   0.00067789]
 [ 0.0147648   0.01261728  0.00957434 ...  0.00143874  0.00261609
   0.00753915]
 [ 0.0033926   0.00665749  0.0032239  ...  0.0104551   0.00712327
   0.01490001]
 [ 0.00120757  0.00200873  0.00415734 ...  0.00524564  0.00454312
   0.00323043]
 [ 0.00233954  0.00169337  0.00131843 ... -0.00110106 -0.00067674
  -0.00067968]]",112.3471467,-107.098854
metal,72,1609.056007,41625.64,"[0.7132265567779541, 0.7552675008773804, 0.8102697134017944, 0.7387574315071106, 0.6914525628089905, 0.7296813130378723, 0.7465465664863586, 0.757518470287323, 0.7021018266677856, 0.6895056366920471, 0.6680981516838074, 0.6731431484222412]","[[ 0.00402393  0.00238611  0.00576656 ...  0.00948202  0.00662648
   0.00731988]
 [ 0.00271174  0.00109382 -0.00289557 ... -0.00671775 -0.00512632
  -0.00597232]
 [-0.00033313  0.00538076  0.00677385 ...  0.00580398 -0.00016156
  -0.00719056]
 [ 0.00334059  0.00549846  0.00611492 ...  0.01735632  0.02060711
   0.01727393]
 [ 0.00422313  0.00770822  0.00550679 ...  0.00494875  0.00608433
   0.00289617]
 [-0.0008987  -0.00208263 -0.00163637 ... -0.00232932 -0.00240707
   0.00013296]]",120.1853198,-131.51657
metal,74,1799.244515,45288.77,"[0.7811823487281799, 0.8556013703346252, 0.7871312499046326, 0.718634843826294, 0.7181838154792786, 0.7460713982582092, 0.6998499035835266, 0.6992625594139099, 0.7661779522895813, 0.7350192070007324, 0.7306146621704102, 0.7647143006324768]","[[ 0.00457569  0.00823861  0.00925245 ...  0.0059832   0.00239434
   0.00085397]
 [-0.00051155  0.00085714  0.00158621 ... -0.00873475 -0.00601718
  -0.00245825]
 [ 0.00396407  0.00641136  0.0078925  ...  0.00864027  0.01403634
   0.01211628]
 [ 0.00888425  0.01251384  0.01228021 ...  0.01528424  0.01757646
   0.01059183]
 [ 0.00383991  0.00076265  0.00442403 ...  0.00400887  0.00328462
   0.00314199]
 [-0.00021953  0.00238967  0.00367117 ... -0.00253917 -0.00025492
  -0.00018449]]",123.046875,-130.35292
metal,75,1149.823853,47149.11,"[0.6672154664993286, 0.6832172274589539, 0.659368097782135, 0.7772337198257446, 0.6137238144874573, 0.6154391765594482, 0.691143274307251, 0.6942425966262817, 0.8257104754447937, 0.6945382356643677, 0.7388442754745483, 0.7110678553581238]","[[ 0.00589692  0.00525969  0.00314499 ...  0.00097601  0.00275293
   0.00127871]
 [-0.0049654  -0.00198121 -0.00557341 ... -0.00804361 -0.00579517
  -0.00759254]
 [ 0.0083937   0.00230615  0.00508028 ...  0.01240439  0.00478069
   0.01105773]
 [-0.00752778 -0.00818782 -0.00517879 ...  0.00844345  0.01058199
   0.01215944]
 [ 0.00292282  0.0038338   0.00350519 ...  0.00398929  0.00563678
   0.0034091 ]
 [ 0.00115795  0.00377828  0.00582466 ...  0.00182748  0.00010468
  -0.00158166]]",112.3471467,-145.1667
metal,78,1748.152157,57663.715,"[0.7714185118675232, 0.7791356444358826, 0.781175971031189, 0.8468064665794373, 0.7674959897994995, 0.7180120348930359, 0.7548420429229736, 0.85178542137146, 0.8169201016426086, 0.7711042165756226, 0.818720281124115, 0.7683041095733643]","[[ 0.00963391  0.00703443  0.00210322 ...  0.00458417  0.00369679
   0.00464408]
 [ 0.00100622  0.00106371  0.00025234 ... -0.00624309 -0.00048165
   0.00495331]
 [-0.0021181  -0.00148495 -0.00516716 ...  0.00093725 -0.00558802
  -0.01162963]
 [ 0.0038102   0.0148287   0.0190603  ... -0.00011738  0.01016256
   0.00914634]
 [ 0.00295144  0.00185969 -0.00141078 ...  0.00430402  0.00551074
   0.00401357]
 [ 0.00014852 -0.00089041 -0.00368366 ... -0.002959   -0.00179385
  -0.00181182]]",99.38401442,-149.7824
metal,79,2137.173176,43576.33,"[0.689659833908081, 0.6426012516021729, 0.6796528697013855, 0.7755688428878784, 0.8126877546310425, 0.6905034780502319, 0.6816921234130859, 0.6703782677650452, 0.7023897171020508, 0.7822670340538025, 0.6827148795127869, 0.7499002814292908]","[[ 5.17987800e-03  4.76905558e-03  3.46953248e-03 ...  2.32361243e-03
   2.98232915e-03  1.74858125e-03]
 [ 2.32049568e-03 -1.21236943e-03 -7.53762974e-04 ... -3.87919384e-03
  -2.20059003e-04 -7.49480731e-04]
 [ 3.66018713e-03  4.81930375e-03 -6.34952635e-03 ...  1.32147744e-02
   9.65867937e-03  6.47032261e-03]
 [ 1.52206048e-02  9.60391760e-03  5.34018129e-03 ...  1.20755211e-02
   1.83433965e-02  1.81494579e-02]
 [ 9.45462558e-04  2.28358866e-03  2.97421399e-03 ...  2.82945458e-03
   8.45389183e-04 -8.93656302e-06]
 [-2.34277546e-03 -2.17437185e-03 -5.66938892e-04 ... -2.03575753e-03
   1.03638880e-03 -4.46818769e-04]]",123.046875,-129.95778
metal,81,1878.770501,42958.703,"[0.7114611864089966, 0.8115871548652649, 0.6621375679969788, 0.7195596694946289, 0.7475907206535339, 0.7242530584335327, 0.8663991093635559, 0.7447364330291748, 0.778461754322052, 0.7436820864677429, 0.7414869070053101, 0.6969142556190491]","[[ 0.00243572  0.00169895  0.00363901 ...  0.00712378  0.0074674
   0.00473182]
 [-0.00312091 -0.0044384  -0.0058378  ... -0.00513099 -0.00536951
  -0.00722496]
 [ 0.00079294 -0.00023464  0.00290333 ...  0.02033262  0.01754039
   0.01852273]
 [ 0.00327527 -0.00842401 -0.01334833 ...  0.00233617 -0.00510229
  -0.00197794]
 [ 0.00589096  0.00708435  0.00386919 ...  0.00437774  0.00160426
   0.00117949]
 [ 0.00169632  0.00189239  0.00158894 ...  0.00105233 -0.00132232
  -0.00203343]]",151.9990809,-129.04715
metal,82,2105.531348,43357.734,"[0.7108051180839539, 0.6983853578567505, 0.7472459077835083, 0.838008463382721, 0.7529112696647644, 0.7620900869369507, 0.7321032285690308, 0.7519972324371338, 0.8217214345932007, 0.7677143216133118, 0.7485746741294861, 0.6814401745796204]","[[ 7.48514613e-03  9.24264104e-03  8.00677232e-03 ...  1.18167333e-02
   7.78254797e-03  6.10764766e-03]
 [-8.76251731e-03 -1.14955435e-02 -9.66011858e-03 ... -6.83586405e-03
  -4.56465642e-03 -4.51894789e-03]
 [ 8.97653401e-03  1.45730376e-02  1.51227564e-02 ...  8.01733136e-03
   4.81703877e-03  5.89897484e-03]
 [ 8.51690769e-03  6.95706904e-03  1.03396773e-02 ... -4.22297418e-03
  -1.42345577e-03  1.95009261e-03]
 [ 1.95592651e-03  3.88988263e-03  2.12993140e-03 ...  7.28555720e-04
  -9.50269590e-04  2.23317290e-03]
 [ 3.39837745e-03  1.21355057e-03  1.76095031e-03 ...  4.80631366e-04
  -4.82425094e-05  2.40014866e-03]]",123.046875,-124.26535
metal,84,2134.41728,54193.1,"[0.723548412322998, 0.7237208485603333, 0.7591801881790161, 0.7163702845573425, 0.7240720987319946, 0.6753333806991577, 0.665099561214447, 0.719371497631073, 0.6561447381973267, 0.7246658802032471, 0.7790948748588562, 0.737419068813324]","[[ 8.39917322e-04 -9.23915205e-04 -4.89719057e-04 ...  2.12174534e-03
   3.76782907e-03  3.81546131e-03]
 [-6.00460118e-03 -8.56773987e-03 -9.81539590e-03 ... -4.13893559e-03
  -3.77536540e-03 -3.56916403e-03]
 [ 1.02962554e-03  1.02402717e-02  1.34997368e-02 ...  1.56509876e-03
   8.82595778e-03  5.02777845e-03]
 [ 4.98731434e-03  8.35324079e-03  6.97542727e-03 ...  1.04597509e-02
   7.72754848e-03  4.67729568e-03]
 [ 4.42169524e-04  2.42388625e-03  1.47899473e-03 ...  3.43257580e-04
   2.78794957e-04  2.12316606e-03]
 [-2.05383822e-03 -3.32210213e-03 -1.21071935e-07 ...  1.94388814e-03
   2.20473111e-03  1.57658383e-03]]",147.65625,-101.24891
metal,85,2392.467699,50325.35,"[0.6938328146934509, 0.7176632881164551, 0.6733439564704895, 0.7057808637619019, 0.699469804763794, 0.6066203117370605, 0.6966006755828857, 0.6213220953941345, 0.6499961018562317, 0.6902203559875488, 0.6964685916900635, 0.7687482833862305]","[[ 5.22176692e-03  2.10776440e-03  2.05745491e-05 ...  1.37684938e-03
  -3.61379576e-03 -1.94452313e-03]
 [ 7.03246757e-03  7.41063998e-03  4.27001643e-03 ...  1.17139399e-02
   1.15338145e-02  8.18941282e-03]
 [ 4.53893840e-03  3.62554193e-03  4.96391207e-03 ... -1.30604208e-03
  -1.91777200e-03 -1.02463365e-03]
 [ 1.58297792e-02  6.29526377e-03  8.22502375e-03 ...  1.88233256e-02
   1.76037848e-02  1.38035193e-02]
 [ 4.08388025e-04 -7.97393064e-04  1.24303075e-03 ...  8.83624445e-03
   8.13798271e-03  5.51070416e-03]
 [ 2.84339674e-03  5.84583730e-04 -1.08676590e-03 ... -5.87871298e-04
  -1.15008652e-03 -2.86537036e-03]]",135.9991776,-108.29794
metal,86,2463.970553,44687.07,"[0.6939747929573059, 0.6261246800422668, 0.6498904228210449, 0.695970356464386, 0.6673453450202942, 0.7383411526679993, 0.6889927387237549, 0.7369799613952637, 0.6618039608001709, 0.7085657119750977, 0.7360397577285767, 0.6582624912261963]","[[ 6.91125267e-03  9.54088554e-03  1.35410429e-02 ... -1.12753854e-03
   4.09700506e-03  5.03807290e-03]
 [ 3.65416270e-03 -2.93922088e-03 -7.55692112e-03 ... -3.65160832e-03
   1.35080210e-03  5.15654017e-04]
 [-2.70646065e-03 -4.93365526e-03 -1.65567547e-03 ...  1.52146593e-02
   1.07683986e-02  5.55831194e-03]
 [ 1.25994459e-02  1.66551620e-02  1.35415196e-02 ...  2.17320845e-02
   2.05379426e-02  1.21870339e-02]
 [ 1.54041182e-04 -8.70495440e-04 -1.50529145e-03 ... -2.18968377e-03
  -5.87070892e-05  1.05572749e-03]
 [-2.44929828e-03 -3.03585641e-03 -1.72735006e-03 ... -1.41450390e-03
  -4.41920571e-03 -4.01045755e-03]]",123.046875,-92.338
metal,87,2733.115322,56432.32,"[0.7193990349769592, 0.7379133105278015, 0.7572044730186462, 0.7755962014198303, 0.7988829612731934, 0.7731602787971497, 0.7602405548095703, 0.7804444432258606, 0.8036541938781738, 0.8227106928825378, 0.7608214616775513, 0.723561704158783]","[[-4.85330501e-03 -4.13718201e-03 -4.06696238e-03 ... -1.51412549e-03
  -5.47797290e-03 -1.00950985e-03]
 [-8.66278122e-03 -1.01944678e-02  1.22851696e-03 ... -2.38909641e-05
  -2.63599056e-03 -4.05448377e-04]
 [ 5.24397194e-03  2.85088271e-03 -6.58074021e-03 ...  6.67366385e-03
   5.17895818e-03  1.01196840e-02]
 [-1.06623024e-03 -6.77302480e-04  2.80185044e-03 ...  9.64148343e-03
   1.46674216e-02  1.28804594e-02]
 [ 2.77581584e-03  1.56685695e-03  1.74512364e-03 ...  4.72836130e-03
   3.25453494e-03  2.16187396e-04]
 [-2.91193090e-03 -1.68778561e-03  4.56625037e-03 ... -4.24860045e-04
   5.93256205e-04  2.24400312e-04]]",126.0480183,-135.23126
metal,88,1275.254442,47529.28,"[0.6333388090133667, 0.6287083029747009, 0.6124951243400574, 0.6773596405982971, 0.7637094259262085, 0.6131653785705566, 0.5688565373420715, 0.6873658299446106, 0.7313514947891235, 0.7405695915222168, 0.6896049976348877, 0.6277421712875366]","[[ 9.07692988e-04 -1.59072600e-03 -7.95738244e-04 ... -3.36512692e-03
   3.45753233e-03  1.30427063e-03]
 [-3.46590093e-03 -7.01511889e-03 -7.51624362e-03 ...  1.99492850e-03
   4.14957802e-03  4.08093667e-04]
 [-8.05892050e-04  4.98443842e-04  2.28606164e-04 ... -4.96960431e-03
  -9.72083956e-03 -1.23666227e-02]
 [ 6.82557374e-03  3.47340107e-03  3.97241861e-03 ...  1.40128285e-03
   2.43502110e-03  7.07816333e-03]
 [ 5.22863139e-03  1.26487210e-03 -6.36638168e-04 ...  3.01451241e-03
   3.89136023e-03  4.38157749e-03]
 [-1.32220984e-03  9.03140754e-05  6.58299774e-04 ...  1.47090852e-03
  -7.22859055e-04 -4.24271449e-04]]",117.4538352,-123.37342
metal,89,568.1531651,35707.32,"[0.5815957188606262, 0.6134352087974548, 0.7678147554397583, 0.8540037870407104, 0.7318150401115417, 0.6562830805778503, 0.6940156817436218, 0.7855226397514343, 0.758617103099823, 0.7221909761428833, 0.7201645970344543, 0.5815191864967346]","[[-1.37944984e-04  1.32564571e-03 -1.19832281e-03 ...  3.08099779e-03
   3.22927365e-04  2.27494337e-03]
 [-1.83254547e-03  2.23431944e-03  2.67826372e-03 ...  1.17115420e-03
   4.96598729e-04  2.90195668e-03]
 [-5.01840562e-03 -4.15151566e-03 -2.38761306e-03 ... -3.45122814e-03
  -5.59770316e-03 -2.26247311e-03]
 [ 8.53645802e-03  3.87699157e-03  6.33256882e-03 ...  1.19238496e-02
   1.53599754e-02  1.36684403e-02]
 [ 9.29770340e-04 -3.67792800e-04 -1.05763739e-03 ...  1.48880236e-03
  -1.94732225e-03 -1.72395657e-03]
 [-2.88933888e-03 -3.93554196e-03 -3.32640857e-03 ... -1.75964646e-03
  -5.48046082e-05 -1.87725574e-03]]",103.359375,-149.74901
metal,91,1847.131072,43614.688,"[0.6074467301368713, 0.6404759883880615, 0.5609371662139893, 0.6628755927085876, 0.7753912806510925, 0.659144937992096, 0.6109443306922913, 0.5222387909889221, 0.6702823042869568, 0.5240869522094727, 0.53199303150177, 0.6854501962661743]","[[ 8.81602594e-03  7.18515569e-03  6.11288703e-03 ... -8.14400589e-04
   3.44205402e-03  1.40759065e-03]
 [-1.93736950e-03 -7.00112129e-04 -1.84118273e-04 ...  8.73319045e-03
   8.73914959e-03  4.84382089e-03]
 [ 2.04505771e-03  1.26912221e-02  1.51025429e-02 ...  8.02278519e-03
   7.80085474e-03  5.40490448e-03]
 [-3.46760452e-03 -6.05285168e-05 -1.24642253e-03 ...  2.11242437e-02
   2.63306722e-02  2.77106389e-02]
 [ 4.82838628e-03  6.94972309e-03  8.93305614e-03 ... -4.10539898e-04
  -1.34527535e-03 -1.28542619e-03]
 [-4.08987142e-03 -2.16781348e-03 -4.41228971e-04 ...  2.49844044e-04
   3.17653082e-03  5.10649011e-03]]",135.9991776,-91.187874
metal,92,1332.677372,43511.598,"[0.5663557052612305, 0.6364223957061768, 0.7521942257881165, 0.6543444991111755, 0.6753156185150146, 0.5609007477760315, 0.5485963225364685, 0.5709217190742493, 0.6067260503768921, 0.7160046100616455, 0.5940364003181458, 0.5421980619430542]","[[ 7.59409088e-04  6.19845153e-03  5.41141905e-03 ...  2.58654705e-03
  -2.48453955e-03 -2.78378595e-03]
 [-2.49820158e-03  1.48068301e-03 -5.60616804e-04 ...  1.81215717e-06
   1.38192907e-03  3.63830660e-03]
 [-3.03551555e-03 -7.20210373e-04  9.40425694e-03 ... -8.45342875e-05
  -6.46837056e-03 -2.05108523e-03]
 [ 1.84716433e-02  1.50795430e-02  2.01222897e-02 ...  1.63141713e-02
   1.62955150e-02  1.12794489e-02]
 [-4.59893922e-03 -4.14590387e-03 -3.59816999e-03 ... -2.25928895e-03
  -3.86127272e-04  1.74257172e-03]
 [-1.53887086e-03 -2.84240581e-03 -4.56558168e-03 ... -2.23884173e-03
   3.51397321e-04  1.94232911e-04]]",117.4538352,-121.55324
metal,93,1945.53728,42819.97,"[0.7381715178489685, 0.7141985893249512, 0.7851356267929077, 0.7375478148460388, 0.7900248169898987, 0.7331432700157166, 0.7615867257118225, 0.7776710391044617, 0.7483345866203308, 0.7204119563102722, 0.7035937905311584, 0.8128061890602112]","[[-0.00200344 -0.00389266  0.00476104 ...  0.00174983 -0.00082031
   0.00097794]
 [-0.00110882 -0.00013141  0.00443057 ... -0.00049342 -0.00083912
  -0.00232928]
 [ 0.00707538  0.00998322  0.00952163 ...  0.00996257  0.00429577
   0.00462923]
 [ 0.01229738  0.01555763  0.00594007 ...  0.0073066   0.00148461
   0.00079426]
 [ 0.00176003  0.00310169  0.00478119 ...  0.00301498  0.00238019
   0.000566  ]
 [ 0.001526    0.00049265  0.00539071 ...  0.00434731  0.00541714
   0.00346483]]",114.84375,-136.7343
metal,94,2685.425117,49651.61,"[0.6389448046684265, 0.5567807555198669, 0.564625084400177, 0.5613850355148315, 0.6722419857978821, 0.6446914672851562, 0.7046319246292114, 0.6786858439445496, 0.6292744278907776, 0.6600319743156433, 0.6868524551391602, 0.7819961905479431]","[[ 1.57284985e-03 -2.10022177e-03 -7.39770262e-04 ... -6.31551998e-04
   6.21484886e-04  2.31739965e-03]
 [-6.63326344e-03 -7.40605300e-03 -2.58997738e-03 ...  7.67306713e-04
   3.00283051e-03 -2.01920110e-03]
 [ 4.33623791e-05  7.57887959e-04 -2.67122686e-03 ... -5.12175262e-04
  -7.00554252e-03 -9.48072225e-03]
 [ 1.01100281e-02  1.30573660e-02  7.65846670e-03 ...  2.28143483e-03
   6.96925074e-03  1.08229816e-02]
 [ 8.96572783e-04  2.29585466e-03  4.05929664e-03 ...  4.89154230e-03
   7.06131399e-03  5.60559949e-03]
 [-1.57130137e-03 -3.57804820e-04 -1.74454600e-03 ...  3.99740413e-04
   7.53073022e-04 -3.63804400e-04]]",129.1992188,-86.04972
metal,95,1689.182337,44011.023,"[0.7659016251564026, 0.817678689956665, 0.7535001039505005, 0.7237216830253601, 0.7776710987091064, 0.7465883493423462, 0.7534672021865845, 0.7157886028289795, 0.7363952398300171, 0.6919481158256531, 0.7353197336196899, 0.7555354833602905]","[[ 1.02356191e-06  1.56198595e-03  4.08861919e-03 ...  1.15833499e-03
  -1.21432511e-03  6.79870082e-04]
 [ 6.07249242e-03  2.18427119e-03  4.01644901e-03 ...  1.49203726e-03
   2.07694899e-03  2.26068773e-03]
 [ 1.20371580e-04  5.80848008e-03  2.52045691e-03 ... -4.08710539e-03
  -2.74869055e-03 -2.82156467e-03]
 [ 9.29401815e-03  9.75318253e-03  6.68563694e-03 ...  1.87974796e-02
   1.18842423e-02  6.68696314e-03]
 [ 1.73294152e-03  1.15366512e-03  1.72978953e-03 ... -1.40245323e-03
  -2.08153846e-03 -2.10198286e-03]
 [-1.80595182e-03 -4.20648791e-03 -2.02764943e-03 ... -2.10203230e-03
  -1.91789307e-03 -1.47177279e-03]]",151.9990809,-137.00879
metal,96,1713.017,45629.664,"[0.7708662152290344, 0.764946460723877, 0.8335259556770325, 0.7889515161514282, 0.7793841361999512, 0.7415764331817627, 0.7272256016731262, 0.726877748966217, 0.7458429336547852, 0.764630138874054, 0.7334944009780884, 0.7407804131507874]","[[ 0.00558519  0.00281471 -0.00081801 ...  0.00663607  0.00453519
   0.00286486]
 [-0.00230874  0.00148303  0.00079643 ... -0.00561295 -0.00393902
  -0.00611015]
 [ 0.00784976  0.0104555   0.0076822  ...  0.00469335  0.0061085
   0.00570383]
 [ 0.00526428  0.00710461  0.00721823 ... -0.01183865 -0.00563158
  -0.00194143]
 [ 0.0054447   0.00307273  0.00092971 ...  0.0024236   0.00029727
  -0.00042499]
 [-0.00090801 -0.00140311 -0.00246796 ... -0.00335908 -0.00146914
   0.00048284]]",109.9567819,-135.7042
metal,97,1078.510417,40225.227,"[0.7936944961547852, 0.7217630743980408, 0.7764602899551392, 0.6956130862236023, 0.7498371005058289, 0.7034323215484619, 0.7201002240180969, 0.7502517104148865, 0.7659855484962463, 0.7892293930053711, 0.6628651022911072, 0.7069611549377441]","[[ 1.98688453e-04  2.21742295e-04  3.52880458e-04 ... -2.12420737e-03
   1.45385104e-03  1.44657223e-03]
 [ 1.78440729e-03 -4.56489939e-04  3.49711024e-04 ... -4.53433421e-03
  -2.61465283e-03 -4.54312932e-03]
 [ 4.52935696e-03  5.56439906e-03  8.75403732e-03 ...  1.86043307e-02
   2.02763826e-02  1.91004127e-02]
 [ 1.20242238e-02  1.04303062e-02  6.35485351e-03 ... -5.21835685e-03
  -5.44372946e-03 -2.02091038e-03]
 [ 1.17901334e-03  2.12542763e-03  2.61350915e-03 ...  7.28236649e-03
   5.39335128e-03  4.43690030e-03]
 [-1.26525760e-03  5.41424379e-04 -7.83018768e-05 ... -1.32036395e-03
   2.85720453e-04 -1.91159733e-03]]",132.5120192,-146.43446
metal,98,1728.831093,43916.19,"[0.7464379072189331, 0.78678959608078, 0.8033542633056641, 0.7043159008026123, 0.684196949005127, 0.6820643544197083, 0.7764588594436646, 0.8676910996437073, 0.7557964324951172, 0.6646431684494019, 0.6404229998588562, 0.728973388671875]","[[ 0.00049201  0.00147057 -0.00022658 ...  0.0013001   0.00072677
   0.0028887 ]
 [-0.00210722 -0.00257103 -0.00164169 ... -0.00633368 -0.0040289
  -0.00431973]
 [-0.00469831 -0.00328843  0.00518072 ...  0.01269133  0.01083507
   0.01310979]
 [ 0.00992519  0.00428329  0.00261106 ...  0.00475983  0.00493029
   0.00793827]
 [ 0.00277951  0.00375346  0.00234123 ...  0.00340201  0.00540517
   0.00359197]
 [ 0.00254457  0.00195051  0.00259491 ... -0.00049361 -0.00188654
  -0.00209114]]",156.6051136,-127.11685
metal,99,1576.38048,45712,"[0.7789577841758728, 0.7501548528671265, 0.8154778480529785, 0.7367150783538818, 0.7586455941200256, 0.7427828907966614, 0.7082415223121643, 0.7379405498504639, 0.7152971029281616, 0.7384971976280212, 0.6620477437973022, 0.7076032161712646]","[[ 5.85374914e-03  1.46024415e-03  1.94425504e-03 ...  2.43619236e-03
   1.90528506e-03  7.86506718e-05]
 [-2.54260254e-03 -2.27628852e-03 -1.80251613e-03 ... -8.85976505e-03
  -7.50014693e-03 -4.85670037e-03]
 [ 7.40516186e-03  4.49137390e-03  2.08169967e-03 ...  3.52099538e-03
   3.70687246e-03  2.67466903e-03]
 [ 2.56001204e-03  3.40331346e-03  3.84305418e-03 ...  6.92602247e-03
   8.58867168e-03  4.26290929e-03]
 [ 1.87454894e-03  3.71892973e-03  3.83585353e-03 ...  6.67491894e-03
   4.73842703e-03  4.81434265e-03]
 [ 2.50172243e-03  1.33610703e-03 -9.78888944e-04 ...  1.17754005e-03
   2.04564445e-03  2.75417790e-03]]",143.5546875,-127.06746
pop,1,2336.004178,68016.95,"[0.6751569509506226, 0.5726341009140015, 0.6247075200080872, 0.6393844485282898, 0.6112165451049805, 0.6365497708320618, 0.5225679278373718, 0.6570967435836792, 0.5987558364868164, 0.5534657835960388, 0.5970230102539062, 0.5798732042312622]","[[-0.0030201   0.00030079 -0.00084249 ... -0.00143188 -0.00615929
  -0.00460541]
 [-0.00445299 -0.00591716 -0.00607108 ... -0.00466974 -0.00849866
  -0.00713904]
 [ 0.00921112  0.00943198  0.00170755 ... -0.0027459  -0.00103977
   0.00258163]
 [-0.00018083 -0.00223024 -0.00124449 ...  0.00478215 -0.000359
  -0.00153852]
 [ 0.00177303  0.00310216  0.00317965 ...  0.00372542  0.00077747
  -0.00059546]
 [-0.0006561   0.00115178  0.00145043 ...  0.00117305  0.00238939
   0.00181646]]",105.46875,-108.613594
pop,2,1651.173267,58849.723,"[0.6555626392364502, 0.6239376068115234, 0.7031217217445374, 0.591314971446991, 0.5553953051567078, 0.5363653898239136, 0.517262876033783, 0.5986410975456238, 0.5553305745124817, 0.6945304870605469, 0.7245132923126221, 0.6101979613304138]","[[ 0.00329975  0.00051055 -0.00494278 ...  0.00620803  0.00709428
   0.00349398]
 [ 0.00329632  0.00175929  0.00492332 ... -0.00092907 -0.00505615
  -0.00587172]
 [-0.00655787 -0.00855885 -0.00269558 ... -0.00324059  0.00183634
   0.00812836]
 [ 0.01455841  0.01344617  0.00057489 ...  0.0226863   0.02385534
   0.02647778]
 [ 0.00019097  0.00157802 -0.00109338 ... -0.00035396 -0.00132514
  -0.0009293 ]
 [ 0.00054027 -0.00029612 -0.00493792 ... -0.00191949 -0.00359416
  -0.00489303]]",126.0480183,-120.59524
pop,3,1266.406367,49927.758,"[0.5413876175880432, 0.5220701098442078, 0.7453201413154602, 0.515713632106781, 0.476568341255188, 0.4897465109825134, 0.5744941830635071, 0.8427264094352722, 0.5794088840484619, 0.6042150259017944, 0.5085919499397278, 0.6186044812202454]","[[-0.00448752 -0.0072459  -0.00603618 ... -0.00903159 -0.01103704
  -0.00839756]
 [ 0.00062114 -0.00315752 -0.00659934 ... -0.00163048 -0.00184647
  -0.0021961 ]
 [ 0.00441058  0.00753178  0.01360686 ...  0.00667959  0.00291891
   0.00468669]
 [ 0.01406838  0.01367786  0.01575285 ...  0.01054335  0.01393246
   0.00782318]
 [ 0.00281427 -0.00092873 -0.0019519  ... -0.00094938  0.00213316
   0.00361011]
 [ 0.00085227 -0.00075868 -0.00039365 ...  0.00333355  0.00446624
   0.00294885]]",123.046875,-126.25181
pop,5,1751.673756,53262.89,"[0.5204434394836426, 0.6734306812286377, 0.5301892757415771, 0.551084041595459, 0.45526817440986633, 0.46700340509414673, 0.7281534075737, 0.5311709642410278, 0.5394166111946106, 0.47655871510505676, 0.639987587928772, 0.6708059906959534]","[[ 5.98809595e-03  6.99163612e-03  5.77378154e-03 ...  4.57460869e-03
   6.34555231e-03  9.10494094e-03]
 [-1.66116862e-03 -3.53821545e-03 -5.60754792e-03 ...  1.42509476e-03
  -1.22045499e-03 -1.97028743e-03]
 [ 7.00794905e-03  3.32706422e-03  2.36713141e-03 ...  1.77539811e-02
   1.53617859e-02  1.73283592e-02]
 [-9.66273248e-04 -4.71589714e-03 -3.13486904e-03 ...  1.47111565e-02
   1.42983273e-02  1.36545673e-02]
 [ 2.74402168e-03 -6.82404985e-05 -5.96755933e-04 ...  3.32378846e-04
   3.05372359e-04 -7.11634321e-05]
 [ 2.20350921e-03  2.89741904e-04  2.33385712e-04 ...  4.64357436e-06
  -5.35801053e-04  1.16974115e-04]]",114.84375,-71.025
pop,6,875.5313915,48094.49,"[0.7368478775024414, 0.560913622379303, 0.5913311839103699, 0.5223608613014221, 0.5787723064422607, 0.5814841389656067, 0.6179212331771851, 0.7519908547401428, 0.5791859030723572, 0.5331836938858032, 0.5118924379348755, 0.6890252232551575]","[[-0.00031791  0.00066974  0.00011549 ... -0.00630301 -0.00219399
   0.00124241]
 [ 0.00159267 -0.00029401  0.00020667 ...  0.00697008  0.00609698
   0.00360525]
 [-0.00347544 -0.00277125 -0.00243945 ... -0.01788526 -0.01605587
  -0.01350225]
 [ 0.00811408  0.00938825  0.01150373 ...  0.01072953  0.00582399
   0.0115046 ]
 [ 0.00309304  0.00439803  0.00488767 ...  0.00640563  0.00351199
   0.00477721]
 [-0.00559967 -0.0059715  -0.00418902 ... -0.00104407  0.00056277
  -0.00128313]]",123.046875,-133.38126
pop,7,1421.902551,40581.45,"[0.32559487223625183, 0.43892425298690796, 0.6075342297554016, 0.3678010404109955, 0.30393078923225403, 0.2671053409576416, 0.3151722252368927, 0.3316868841648102, 0.3550012409687042, 0.6417813301086426, 0.47727900743484497, 0.34071263670921326]","[[-0.0026846   0.00645588  0.00369687 ... -0.00477082 -0.0047714
  -0.0026675 ]
 [-0.00231802 -0.00095332  0.00029468 ...  0.00052488  0.00027084
  -0.00332723]
 [ 0.00795443  0.00389746  0.00432444 ...  0.00136294  0.00470471
   0.00852366]
 [-0.00136515 -0.00881968 -0.00272757 ...  0.01397618  0.01576991
   0.01534884]
 [ 0.00039328  0.00169659  0.00042443 ... -0.00139284 -0.00182929
  -0.00121003]
 [-0.00129754 -0.00134426 -0.00013283 ... -0.00611557 -0.00579279
  -0.00347537]]",126.0480183,-46.614456
pop,8,1811.060463,52398.188,"[0.6313064694404602, 0.5873941779136658, 0.6154319047927856, 0.7798771858215332, 0.5829094648361206, 0.5611159205436707, 0.5196303129196167, 0.5950449109077454, 0.7488322257995605, 0.5883686542510986, 0.5988420248031616, 0.5185467004776001]","[[ 9.59158484e-04 -2.64100427e-05 -3.40341607e-03 ...  7.84943307e-04
   2.18177247e-03  2.66827384e-03]
 [-5.40412272e-03 -8.83047180e-03 -1.47921867e-02 ... -1.59083038e-02
  -1.56230612e-02 -1.48946127e-02]
 [ 1.82607025e-03  1.26829743e-03 -7.59929419e-04 ...  2.09557712e-02
   2.02181563e-02  2.02810466e-02]
 [-2.87366658e-03 -4.06486541e-03 -6.70723617e-04 ... -1.83335692e-03
  -4.39353287e-04  8.09710473e-03]
 [ 1.09337074e-03  7.31746427e-04  2.30360075e-04 ... -4.21670274e-03
  -2.09069440e-03 -9.08777482e-04]
 [-1.44041702e-03 -1.09895691e-03  1.84595026e-03 ...  3.43461335e-03
   3.20315547e-03  6.45508803e-03]]",112.3471467,-111.531494
pop,9,2571.234443,55417.07,"[0.645434558391571, 0.7533014416694641, 0.666160523891449, 0.6817876100540161, 0.6635280251502991, 0.5781975984573364, 0.6746014952659607, 0.6217884421348572, 0.6327242255210876, 0.6939802169799805, 0.7458030581474304, 0.762046754360199]","[[ 1.07855868e-02  1.05089209e-02  6.01037252e-03 ...  3.72665709e-03
   7.35090990e-03  1.13384931e-02]
 [-2.06460510e-03  2.83215802e-03  3.87427741e-03 ... -6.59495992e-03
  -7.00415651e-03 -9.00741408e-03]
 [ 6.89730048e-04 -7.99596310e-05 -4.26888466e-04 ... -6.73495978e-03
  -1.92729384e-03 -1.71180069e-03]
 [ 1.43573955e-02  9.53242928e-03  8.33838433e-03 ... -2.85957754e-03
  -5.84172457e-03 -7.79915601e-03]
 [-2.11187115e-03 -3.81935153e-03 -2.45869690e-03 ...  2.90752530e-03
   4.31637284e-03  4.57977562e-03]
 [ 6.03796914e-04  3.09338421e-03  3.10399011e-03 ...  3.05299461e-03
   2.01150775e-04 -1.07743405e-03]]",105.46875,-89.57206
pop,11,1598.318047,37848.715,"[0.39026424288749695, 0.35418978333473206, 0.4849607050418854, 0.27478474378585815, 0.36921781301498413, 0.4665859043598175, 0.3197402358055115, 0.5378789305686951, 0.3666389286518097, 0.5889716744422913, 0.4106757342815399, 0.30620014667510986]","[[ 0.00237395  0.0043077   0.00531612 ... -0.00154549  0.00137663
   0.0006308 ]
 [ 0.00079904 -0.00559271 -0.00844215 ... -0.00191777 -0.00060669
   0.00324036]
 [ 0.01004629  0.01281676  0.01326631 ...  0.01816729  0.01415031
   0.01510631]
 [-0.00039829 -0.00268875 -0.007236   ...  0.01322979  0.01553845
   0.01298921]
 [-0.00154028  0.00011742  0.00192496 ...  0.00111284  0.0017112
   0.00081543]
 [-0.00390029 -0.00302782 -0.00131171 ...  0.00287441  0.00237819
   0.00021292]]",126.0480183,-23.824883
pop,13,660.5858263,57597.188,"[0.7118009328842163, 0.5427990555763245, 0.5226768851280212, 0.4127254784107208, 0.46365270018577576, 0.5011005997657776, 0.43566134572029114, 0.5045148730278015, 0.4762571454048157, 0.5477520823478699, 0.5558350682258606, 0.5368374586105347]","[[-0.00127564 -0.00108786 -0.00325555 ... -0.00406125 -0.00487252
  -0.00284988]
 [-0.00220928 -0.00497426 -0.00577212 ... -0.00045078 -0.00150251
  -0.00368659]
 [ 0.01525477  0.0135275   0.01417636 ...  0.00643051  0.00176723
   0.00240428]
 [ 0.00684512  0.0085345   0.00623057 ...  0.0147548   0.011618
   0.0113492 ]
 [ 0.00121247  0.00268328  0.00209135 ...  0.00758494  0.00507331
   0.00426345]
 [-0.00134745 -0.00080204 -0.00141176 ... -0.00417468 -0.00477754
  -0.00303148]]",143.5546875,-140.12466
pop,14,1301.796238,52759.293,"[0.7488889694213867, 0.7235226035118103, 0.7090764045715332, 0.7330238223075867, 0.5960506200790405, 0.5559005737304688, 0.5257136225700378, 0.5936455726623535, 0.6382640600204468, 0.6211254596710205, 0.6837387084960938, 0.6770492792129517]","[[ 4.75513244e-03  1.24175038e-03  9.87662513e-03 ... -5.94431190e-03
  -1.21131784e-02 -5.94065579e-03]
 [-4.66954949e-03 -7.32089908e-03 -7.66677092e-03 ... -9.98078459e-03
  -5.32955746e-03 -4.58334038e-06]
 [ 9.63895768e-03  8.14726949e-03  5.49759716e-03 ...  2.01898292e-02
   1.55566037e-02  7.81901181e-03]
 [ 1.11389458e-02  8.39163363e-03  1.05079561e-02 ...  1.23973787e-02
   1.12239197e-02  1.51333064e-02]
 [ 4.34945748e-03  5.33010816e-03  2.32308053e-03 ...  5.02282912e-03
   3.89778358e-03  3.88065248e-03]
 [-1.13551505e-03 -2.30751559e-03 -1.83544680e-03 ... -1.84469111e-03
  -1.37422048e-03 -2.16119923e-03]]",114.84375,-99.00895
pop,15,2260.555801,62908.53,"[0.7226035594940186, 0.6300978064537048, 0.674486517906189, 0.6541815996170044, 0.572618305683136, 0.5446749925613403, 0.5672603845596313, 0.6400370001792908, 0.5482525825500488, 0.5559468865394592, 0.6009936332702637, 0.6175602674484253]","[[ 1.54039234e-03  1.66497558e-03 -7.77994517e-04 ... -2.12750500e-03
  -5.90905424e-07 -1.16461803e-03]
 [-6.46368706e-03 -4.97544711e-03 -4.26792383e-03 ... -5.96357256e-03
  -6.22084246e-03 -4.17686982e-03]
 [ 2.55763531e-03  3.79845500e-03  7.13460147e-03 ...  4.71352786e-03
   1.99384242e-03  1.92894787e-03]
 [ 6.72392547e-04 -1.53817981e-03  1.98887289e-03 ...  3.21482122e-03
   6.02305681e-03  1.18061081e-02]
 [ 2.99019979e-03  4.46115162e-03  3.70489255e-03 ...  2.86783018e-04
  -2.03692339e-04  1.05886980e-03]
 [ 3.23008746e-04 -1.18882954e-03 -7.56669790e-04 ... -1.59960240e-03
  -3.03283893e-03 -2.54219025e-03]]",139.6748311,-97.26089
pop,16,2452.689113,61810.168,"[0.616662323474884, 0.6898624897003174, 0.6539024114608765, 0.7425990700721741, 0.5981976389884949, 0.5421944260597229, 0.5836077332496643, 0.5209594368934631, 0.551367998123169, 0.5652976632118225, 0.6904163956642151, 0.6648603081703186]","[[-0.00183764 -0.00016516  0.00155722 ...  0.00052329  0.00324558
   0.00160517]
 [-0.00302742 -0.00250223 -0.00287092 ... -0.0059851  -0.00729839
  -0.00441107]
 [ 0.00795287  0.00602171  0.00167695 ...  0.00721743  0.01886535
   0.01440039]
 [ 0.00256098  0.00624658  0.00539451 ...  0.01155046  0.01121934
   0.00681911]
 [ 0.00140882  0.00231596  0.0033245  ...  0.00107206  0.00273811
   0.00188055]
 [ 0.00086338  0.00068508 -0.00032308 ... -0.00207417 -0.00185941
  -0.00083149]]",109.9567819,-114.77047
pop,17,1809.996315,46827.332,"[0.6475031971931458, 0.7124834060668945, 0.6205468773841858, 0.6686034798622131, 0.6065331101417542, 0.6111315488815308, 0.7743820548057556, 0.7223832011222839, 0.6936368942260742, 0.6716233491897583, 0.7204356789588928, 0.7074999213218689]","[[-2.92190964e-03  2.47966991e-04  3.56989949e-03 ...  1.87446230e-03
  -2.99387558e-03 -2.28094091e-03]
 [-1.92402214e-03 -4.64669148e-03 -7.75463953e-03 ... -5.12442234e-03
  -3.31284844e-03 -2.57321827e-03]
 [ 1.08384117e-02  1.28675997e-02  9.24901664e-03 ...  1.53872594e-02
   1.04661137e-02  8.33711773e-03]
 [ 4.99033183e-03  8.19009542e-03  9.86388326e-03 ...  8.94889981e-03
   8.11310858e-03  6.52968138e-03]
 [ 3.34137123e-05  2.76839882e-03  4.13727057e-03 ...  6.89079985e-04
   4.00870343e-03  2.85243800e-03]
 [ 1.70615502e-03  2.62528658e-04 -1.21939369e-03 ... -6.80288300e-04
  -1.59714371e-03  4.65920195e-04]]",109.9567819,-103.537994
pop,19,2681.250961,59169.066,"[0.6958460211753845, 0.5890154838562012, 0.7196467518806458, 0.7016782164573669, 0.5518186092376709, 0.5188831090927124, 0.5277286767959595, 0.6975171566009521, 0.5149853825569153, 0.5064114928245544, 0.6134057641029358, 0.6200383305549622]","[[-0.00540078 -0.00044334 -0.00333197 ... -0.00345516 -0.00283761
  -0.00647016]
 [ 0.00267466 -0.00641006 -0.00894992 ... -0.01423283 -0.01573516
  -0.0136787 ]
 [ 0.01068304  0.01469034  0.02233187 ...  0.01303109  0.01446202
   0.01697926]
 [ 0.00067288  0.0057755   0.00700381 ...  0.02198367  0.02537858
   0.02603431]
 [-0.00117708 -0.00146247 -0.0033361  ... -0.00672197 -0.00170123
   0.00316195]
 [ 0.00238464  0.0021008   0.00296905 ...  0.00421251  0.00236109
   0.00110893]]",123.046875,-72.80557
pop,20,3083.612167,61530.676,"[0.7677138447761536, 0.6063177585601807, 0.6884673833847046, 0.7151950001716614, 0.6293665170669556, 0.6242583990097046, 0.5848143696784973, 0.7007522583007812, 0.6136522889137268, 0.6021729707717896, 0.6576975584030151, 0.6430297493934631]","[[-0.00421526 -0.00033566  0.00140258 ...  0.00736159  0.00553089
   0.0046163 ]
 [-0.00501224 -0.0095329  -0.00758525 ... -0.00514166 -0.0003697
   0.00264488]
 [ 0.01650439  0.01024347  0.00483883 ...  0.00316171  0.00601322
   0.00524436]
 [ 0.00153562  0.00289367  0.00690715 ... -0.008423   -0.00781058
  -0.00083896]
 [ 0.00609764  0.00780066  0.00522341 ...  0.00308158  0.00350291
   0.00268493]
 [-0.00628253 -0.00233848 -0.00115974 ... -0.00214981 -0.00244301
  -0.00214879]]",107.6660156,-84.7664
pop,21,3084.704698,58059.504,"[0.8533471822738647, 0.6921244859695435, 0.7438253164291382, 0.7900574207305908, 0.7442587018013, 0.6979663372039795, 0.6343743205070496, 0.7318490147590637, 0.6907766461372375, 0.6593781113624573, 0.7150543928146362, 0.7379157543182373]","[[ 1.69496559e-03  1.76088461e-03 -1.39762729e-04 ... -4.12046283e-03
  -1.53526277e-03 -3.81595970e-03]
 [ 3.01520843e-03  3.19979641e-03  6.11525134e-03 ... -1.86227383e-05
  -2.64484644e-03 -2.86666516e-03]
 [-2.56455690e-03 -2.48780847e-03 -2.76651233e-03 ... -1.35936961e-02
  -1.29929259e-02 -9.77057219e-03]
 [ 6.23981655e-03  5.72231412e-03  3.56210023e-03 ...  5.52129000e-03
   8.86901468e-03  1.03924200e-02]
 [ 9.94700761e-05  1.76211601e-04 -1.43898990e-03 ...  1.90002944e-03
  -1.03540890e-03 -7.76093718e-04]
 [-1.32639334e-03 -2.01298483e-03 -2.94824876e-03 ... -7.30772689e-03
  -7.01436028e-03 -7.15076551e-03]]",135.9991776,-106.86845
pop,23,3120.173862,74218.17,"[0.6905871629714966, 0.6189334988594055, 0.6570053696632385, 0.6425323486328125, 0.682783842086792, 0.5604699850082397, 0.5166264772415161, 0.6414870619773865, 0.585594117641449, 0.5949591994285583, 0.5801925659179688, 0.6540464758872986]","[[ 1.29482444e-03  2.78566383e-03  1.07403756e-03 ... -7.12091422e-03
  -6.38889233e-03 -5.91820100e-03]
 [ 8.42678677e-04  1.16929132e-03  1.95918739e-03 ... -5.00918885e-04
  -2.12191416e-03 -1.97508610e-03]
 [ 2.59748101e-03  2.99219042e-03  1.39320642e-03 ... -3.57731432e-03
  -1.28075480e-05 -4.30487096e-03]
 [-6.61417842e-04 -1.93560123e-03 -3.64389271e-03 ...  1.27765238e-02
   1.21387988e-02  1.18687078e-02]
 [ 6.09647812e-04  4.38985268e-04  2.16739721e-03 ...  1.82495586e-03
   2.08277409e-03  2.74097615e-04]
 [ 1.83987990e-03  2.97139399e-03  1.76684558e-03 ...  2.42904201e-03
   1.89700350e-03  2.73673609e-03]]",135.9991776,-84.89881
pop,24,2253.46142,60332.293,"[0.576937735080719, 0.6566837430000305, 0.5589707493782043, 0.6131889224052429, 0.6898106932640076, 0.5562923550605774, 0.5972311496734619, 0.5918086171150208, 0.686294674873352, 0.6281585097312927, 0.5579696893692017, 0.6483478546142578]","[[-0.00311873 -0.00330639 -0.00201927 ... -0.00298786 -0.00034507
  -0.00353381]
 [ 0.00358783  0.00336253  0.00447271 ...  0.01118826  0.01084863
   0.00948939]
 [-0.00316624 -0.00478081 -0.00490002 ...  0.00590537  0.01140589
   0.00795387]
 [ 0.00615022  0.00649307  0.0015723  ... -0.00717774 -0.01212293
  -0.00610517]
 [-0.00102288  0.00013888 -0.0002157  ...  0.00038314  0.00153355
   0.00115316]
 [ 0.0013046   0.00164291  0.00152536 ... -0.00235102 -0.00242605
  -0.00150522]]",117.4538352,-98.16562
pop,25,1614.484566,64119.47,"[0.5399363040924072, 0.542949378490448, 0.673557460308075, 0.5222019553184509, 0.5660982131958008, 0.4383932054042816, 0.5392984747886658, 0.6170949339866638, 0.4998539388179779, 0.5395188331604004, 0.4771501123905182, 0.5394683480262756]","[[-0.00456824 -0.00780137 -0.00692194 ... -0.00482576 -0.00309091
   0.00202616]
 [ 0.00220767  0.005278    0.00570037 ...  0.00074028  0.0051101
   0.00674466]
 [ 0.00032326 -0.00483725 -0.0044759  ... -0.00564609 -0.00377218
  -0.00265323]
 [-0.00033507 -0.00303686 -0.00369033 ...  0.02026407  0.02062637
   0.01366372]
 [ 0.00325908  0.00235834  0.00199194 ... -0.00264925 -0.00157979
  -0.00088464]
 [ 0.00284814  0.00404995  0.00401174 ...  0.0028868   0.00183148
   0.00051888]]",151.9990809,-98.40897
pop,26,1736.443913,59907.523,"[0.630329430103302, 0.46334728598594666, 0.5240074396133423, 0.43787819147109985, 0.5388631820678711, 0.426673024892807, 0.46498748660087585, 0.7222145199775696, 0.5369892716407776, 0.5443589091300964, 0.4232531785964966, 0.5630573630332947]","[[-0.00230875 -0.00372112 -0.00166487 ...  0.00023797 -0.00169069
  -0.0032314 ]
 [-0.00128241  0.00244577  0.00684817 ...  0.00416517 -0.00293413
  -0.00225288]
 [ 0.00100677  0.00136659 -0.00482935 ... -0.00055403  0.00416055
   0.00471293]
 [ 0.01626079  0.01386176  0.0127687  ... -0.02104062 -0.01783067
  -0.01194082]
 [ 0.00064749  0.00109846  0.00057632 ...  0.00682342  0.00595308
   0.00117945]
 [ 0.0001953   0.00027143  0.00278009 ... -0.00277164 -0.00475966
  -0.00443668]]",151.9990809,-64.01439
pop,27,1543.403579,71648.43,"[0.5302713513374329, 0.6354050636291504, 0.7121756076812744, 0.5708984136581421, 0.5840659141540527, 0.5380611419677734, 0.652263343334198, 0.6047755479812622, 0.5749818682670593, 0.6804556846618652, 0.5897064208984375, 0.6160061955451965]","[[-0.00013072 -0.00256736 -0.00376253 ...  0.00281951 -0.00345276
  -0.00043799]
 [ 0.00440349  0.00251006  0.00247753 ... -0.0091109  -0.00962787
  -0.00423812]
 [-0.01473425 -0.01403343 -0.01033726 ... -0.0050578  -0.01207499
  -0.00878428]
 [ 0.00054721  0.00209702  0.00837591 ...  0.00370629  0.00630739
   0.00591499]
 [-0.00114338 -0.00058766 -0.0028655  ...  0.00313284  0.00399916
   0.00145402]
 [-0.00045583 -0.00108203 -0.0023423  ... -0.00708689 -0.00089112
   0.00038455]]",112.3471467,-109.68367
pop,28,1800.732834,65290.465,"[0.5690358877182007, 0.5082403421401978, 0.642386257648468, 0.7043179869651794, 0.5644173622131348, 0.5772889852523804, 0.5235776305198669, 0.6656195521354675, 0.5518335103988647, 0.5200550556182861, 0.6404125690460205, 0.5216026902198792]","[[-0.00127255 -0.00012304  0.0009093  ...  0.00583799  0.00643205
   0.00409229]
 [-0.00052614 -0.00095158 -0.00116721 ...  0.00657349  0.00640169
   0.00368093]
 [-0.01434034 -0.01779101 -0.01854537 ... -0.00576251 -0.01450596
  -0.01052983]
 [ 0.00574921  0.00275805  0.00032562 ...  0.01570938  0.01551706
   0.01446152]
 [-0.00042861  0.00109387 -0.00053716 ...  0.00062836  0.00280994
   0.00446277]
 [ 0.00160868  0.00256375  0.00174851 ... -0.00186972 -0.00531637
  -0.00311627]]",101.3327206,-91.262825
pop,29,1586.503722,61695.156,"[0.6048834919929504, 0.6856944561004639, 0.5566682815551758, 0.5946663022041321, 0.546170175075531, 0.5174001455307007, 0.4708186388015747, 0.5173336267471313, 0.6835315823554993, 0.5418550372123718, 0.5708820819854736, 0.5344997644424438]","[[ 2.45575846e-03 -3.49358010e-05  1.54271908e-03 ... -7.67180164e-04
   3.38465072e-03  3.03516905e-03]
 [-4.60593228e-03 -4.58022344e-03 -7.44106578e-03 ...  6.49634230e-03
  -1.91732706e-04 -5.68903791e-03]
 [ 9.74620134e-03  9.69505310e-03  8.31247121e-03 ... -8.52985680e-03
  -9.61641967e-03 -1.06941685e-02]
 [-5.48612326e-03 -4.40123677e-03 -7.26147741e-03 ... -5.26333600e-03
  -5.91392070e-03 -5.56690246e-03]
 [ 1.53542090e-03  2.89190083e-03  2.63407292e-03 ...  2.43839768e-03
   3.18624605e-03  1.43867373e-03]
 [ 2.67362781e-03  4.01905738e-03  3.58737260e-03 ...  2.82484666e-03
   3.27317230e-03  4.91434522e-03]]",107.6660156,-107.74006
pop,32,4348.473155,65901,"[0.6570832133293152, 0.7284409403800964, 0.6409649848937988, 0.7296901345252991, 0.7262871861457825, 0.5564998388290405, 0.5615456700325012, 0.5757265686988831, 0.6509758830070496, 0.557304859161377, 0.5889759659767151, 0.6571235060691833]","[[-0.00100244  0.00105389 -0.00131973 ... -0.01588506 -0.00823008
  -0.00871525]
 [ 0.00610768  0.00760912  0.0060154  ...  0.00794355  0.0079954
   0.00411456]
 [-0.00515339 -0.00583163 -0.00222507 ... -0.003802   -0.00687382
  -0.01241355]
 [ 0.00704215  0.00975098  0.00680611 ...  0.01323054  0.00909293
   0.00364316]
 [-0.00467428 -0.00119673  0.00190604 ... -0.00637906 -0.00527156
  -0.00367066]
 [-0.00293194 -0.00377763 -0.00239294 ...  0.00062614 -0.00089486
  -0.00321053]]",126.0480183,-91.00146
pop,34,2079.63838,59636.516,"[0.6050211191177368, 0.5087399482727051, 0.6032857894897461, 0.5640990734100342, 0.567577600479126, 0.6753840446472168, 0.49593019485473633, 0.5274307727813721, 0.48977404832839966, 0.6316527128219604, 0.6711772084236145, 0.5047548413276672]","[[-0.00075325 -0.00103927  0.00024889 ...  0.00550109  0.0063451
   0.00540618]
 [ 0.00461794 -0.00119652 -0.00724001 ...  0.0019287   0.00145172
   0.001334  ]
 [ 0.00424293  0.01225466  0.01713575 ...  0.00019123 -0.00397892
  -0.00317637]
 [ 0.01049044  0.01243213  0.00711276 ...  0.01105987  0.00751141
   0.00988173]
 [ 0.00156352  0.00236761 -0.00239363 ... -0.00316793 -0.00403679
  -0.00318414]
 [-0.00291896 -0.00109583 -0.00065178 ...  0.00043697  0.00047811
   0.00284991]]",129.1992188,-71.07797
pop,35,2688.011742,57416.805,"[0.6031277775764465, 0.66131591796875, 0.6003716588020325, 0.7194260954856873, 0.6363323330879211, 0.5383224487304688, 0.6213496327400208, 0.5923315286636353, 0.7094659209251404, 0.5788561105728149, 0.7030110955238342, 0.7150890231132507]","[[ 0.00783305  0.01204809  0.00712251 ...  0.00350277  0.0036167
   0.00200283]
 [ 0.00107434  0.00344759  0.00383556 ...  0.00244789  0.0028189
   0.00539512]
 [ 0.00819786  0.01047228  0.00933379 ... -0.00275902 -0.0015809
  -0.00113931]
 [ 0.00694049  0.00096097 -0.0044662  ...  0.00501218  0.00235643
  -0.00142904]
 [ 0.00374692  0.00345228  0.00244868 ...  0.00056858  0.00352351
   0.00441473]
 [ 0.00136149  0.00251291  0.00449297 ... -0.00032649 -0.0004427
  -0.00207638]]",107.6660156,-66.26379
pop,36,1772.331903,63283.895,"[0.6319259405136108, 0.5737687945365906, 0.6675313711166382, 0.6034044623374939, 0.6576089859008789, 0.5514751076698303, 0.5101791024208069, 0.5769850015640259, 0.5419203042984009, 0.6003216505050659, 0.5311804413795471, 0.6227024793624878]","[[ 0.00062129 -0.0008668  -0.00258851 ... -0.0031815  -0.00766134
  -0.00432665]
 [-0.00276045 -0.00196286 -0.00349883 ... -0.00119817 -0.0074952
  -0.0096201 ]
 [ 0.01124328  0.00882786  0.00444067 ...  0.00711615  0.00719087
   0.00376856]
 [ 0.0036816   0.0043034  -0.00059168 ...  0.01731205  0.02166582
   0.01426301]
 [ 0.00402642  0.00499275  0.00549045 ...  0.00059758  0.00174826
   0.00364147]
 [ 0.00143153  0.00292822  0.00309025 ... -0.00148188  0.00014159
   0.00306441]]",129.1992188,-116.04689
pop,37,2661.322684,60724.14,"[0.740653932094574, 0.6903994679450989, 0.7068349719047546, 0.6886271834373474, 0.6443132758140564, 0.6132025718688965, 0.6266989707946777, 0.7064785361289978, 0.6685649752616882, 0.6840904355049133, 0.6854479908943176, 0.6836715340614319]","[[-0.00144536 -0.0014827  -0.00239324 ... -0.00242204  0.00170745
   0.00271252]
 [ 0.00044183 -0.00378733 -0.00715072 ... -0.00011511 -0.00439075
  -0.00150751]
 [-0.00489167 -0.00454394 -0.00388619 ... -0.00185627 -0.00335474
   0.00660659]
 [ 0.01256549  0.01673035  0.01714848 ... -0.00098274 -0.00323369
   0.00360623]
 [ 0.0019964   0.00217714  0.0025756  ...  0.00254584  0.00302021
   0.00337779]
 [ 0.00325164  0.00190249  0.00117864 ... -0.00187419  0.00281241
   0.00341443]]",139.6748311,-90.14338
pop,38,2431.580967,60563.85,"[0.5870888829231262, 0.7083428502082825, 0.5858529210090637, 0.6615619659423828, 0.7234219908714294, 0.5628443360328674, 0.5989094972610474, 0.5582245588302612, 0.696618378162384, 0.6139812469482422, 0.5646354556083679, 0.600155234336853]","[[ 0.00187149  0.00367132 -0.0001959  ... -0.00134768 -0.00248777
  -0.00261276]
 [ 0.00079238  0.00043871  0.00339765 ...  0.00554737  0.00580437
   0.00375451]
 [ 0.00769737  0.00698095  0.01356459 ...  0.00622606  0.00539482
   0.00105748]
 [ 0.00469607  0.0071456   0.01039711 ...  0.01606373  0.02179074
   0.01814257]
 [ 0.00212417  0.00355759  0.00286311 ... -0.00166184 -0.00213847
  -0.00168856]
 [-0.00542936 -0.00537372 -0.00071154 ... -0.00125309 -0.00045495
   0.00104382]]",123.046875,-109.31647
pop,40,1520.787544,47721.957,"[0.49295637011528015, 0.43785592913627625, 0.6007287502288818, 0.5381187796592712, 0.40328556299209595, 0.5239059925079346, 0.35967549681663513, 0.4266832172870636, 0.3482953906059265, 0.4584069848060608, 0.6913756728172302, 0.4307593107223511]","[[ 8.45484728e-03  9.28950713e-03  9.24109256e-03 ... -1.08880878e-02
  -9.11943559e-03 -6.87171413e-03]
 [-2.36809928e-04 -1.83894726e-03 -2.44014821e-03 ... -8.30590134e-03
  -7.38822746e-03 -4.96404312e-03]
 [ 9.34101641e-03  3.13153863e-03  2.33145803e-03 ...  1.27802044e-02
   6.55706227e-03  1.96143985e-04]
 [ 8.43256712e-05  5.04471362e-04  6.99868798e-03 ...  4.00346071e-02
   3.90930176e-02  2.97153145e-02]
 [ 9.92287567e-04 -2.12603738e-03 -2.08320963e-03 ...  4.45814803e-03
   6.12251998e-03  6.06672937e-03]
 [ 1.50481611e-03 -3.31316143e-04 -2.07652338e-03 ... -8.45419802e-03
  -7.51311705e-03 -3.13704275e-03]]",129.1992188,-66.65975
pop,41,1295.449138,52504.73,"[0.4036116600036621, 0.38908544182777405, 0.5873573422431946, 0.48401153087615967, 0.41211551427841187, 0.5770556330680847, 0.42443305253982544, 0.4344908595085144, 0.3794137239456177, 0.47450339794158936, 0.5000425577163696, 0.3595910668373108]","[[-0.00039359  0.00094555  0.00324498 ... -0.00085011  0.01232743
   0.01184976]
 [-0.01030694 -0.00628901 -0.00266683 ... -0.01739271 -0.00855281
  -0.00124019]
 [ 0.00516204  0.01078485  0.01276882 ...  0.01157574  0.01435888
   0.01502682]
 [ 0.01279245  0.0088568   0.01123758 ... -0.01619129 -0.00611845
   0.00179043]
 [ 0.00345323  0.00414225  0.00195281 ... -0.00509188  0.00050604
   0.0048616 ]
 [ 0.00092265  0.00265151  0.00455096 ...  0.00627345  0.008301
   0.00469174]]",107.6660156,-67.53051
pop,42,2244.342301,63518.246,"[0.576742947101593, 0.6738942265510559, 0.5605931878089905, 0.65348219871521, 0.7044506669044495, 0.49864670634269714, 0.5400813817977905, 0.5517340302467346, 0.65641188621521, 0.539985179901123, 0.5822147727012634, 0.616134524345398]","[[-0.00039099  0.00268818  0.00132889 ...  0.00427348  0.00310625
   0.00427266]
 [ 0.00098311 -0.00150825 -0.00382812 ...  0.00913054  0.00391293
  -0.00153756]
 [-0.00246812 -0.00566557 -0.00143456 ... -0.00340972 -0.0045792
  -0.0039748 ]
 [ 0.00227455  0.00181375  0.00156063 ...  0.00744686  0.00436885
   0.00882505]
 [ 0.00335381  0.00380897  0.00258179 ... -0.00188992 -0.00218485
  -0.00119583]
 [ 0.00233614  0.00233725  0.00119626 ...  0.0035257   0.00410763
   0.00438107]]",123.046875,-86.37409
pop,43,1389.335193,62084.74,"[0.6317272186279297, 0.7485219240188599, 0.6078211069107056, 0.6545172333717346, 0.5791226029396057, 0.7130901217460632, 0.697445273399353, 0.6167004704475403, 0.6846275925636292, 0.612923800945282, 0.7009464502334595, 0.6275177001953125]","[[ 0.00537266  0.00421752  0.00676321 ...  0.00200308  0.00556901
   0.00163338]
 [-0.0059886  -0.00505192 -0.00034992 ... -0.0028714  -0.00719836
  -0.0087895 ]
 [ 0.00416633  0.00197012  0.00180084 ...  0.02728384  0.00620385
  -0.00047721]
 [ 0.00740264  0.00182832 -0.00815172 ... -0.00558618 -0.00364085
  -0.00736707]
 [ 0.00439506  0.00544544  0.00553316 ... -0.00655478  0.00091356
   0.00282504]
 [-0.00236117 -0.00417237 -0.00449542 ... -0.00421424 -0.00253756
   0.0018482 ]]",132.5120192,-135.76515
pop,46,1945.615956,69710.37,"[0.6326978206634521, 0.6002062559127808, 0.5814456939697266, 0.6418891549110413, 0.5918176174163818, 0.6716039180755615, 0.5150303840637207, 0.6564692854881287, 0.7069023847579956, 0.5889344811439514, 0.6402290463447571, 0.565230667591095]","[[-0.00039463 -0.00130091 -0.00047607 ... -0.00868026 -0.01125016
  -0.00636775]
 [-0.00233753 -0.00291657 -0.00217733 ... -0.00698102 -0.00689745
  -0.00610081]
 [ 0.01100516  0.00755773  0.00826268 ...  0.00354292 -0.0034072
  -0.00167034]
 [ 0.00664177  0.00218105 -0.00087369 ...  0.00949414  0.00550888
   0.01243131]
 [ 0.00241699  0.00183733  0.00300232 ...  0.0022978   0.00317492
   0.00280836]
 [-0.00162766 -0.00305953 -0.00300115 ...  0.00368933  0.00534082
   0.00503425]]",117.4538352,-98.86688
pop,47,1903.205547,56508.625,"[0.6025896072387695, 0.638381838798523, 0.7406725883483887, 0.6051746606826782, 0.6039118766784668, 0.6046265363693237, 0.6069142818450928, 0.7467280626296997, 0.6011200547218323, 0.5931756496429443, 0.6008871793746948, 0.5706886053085327]","[[ 2.03334504e-03  2.00938853e-03  4.09153270e-03 ...  4.03106157e-03
  -8.46158979e-04 -2.05571153e-03]
 [-5.41058342e-03 -1.15587632e-02 -1.56087436e-02 ... -3.19273424e-03
  -1.73794464e-03 -3.09703656e-03]
 [ 4.55399603e-03  8.32349062e-03  3.93352658e-03 ...  8.08635354e-03
   5.45790792e-03 -4.82218713e-03]
 [ 7.33987987e-03  1.37754083e-02  2.59700492e-02 ...  9.64089483e-03
   1.61155537e-02  1.57551244e-02]
 [ 8.71072929e-06 -6.69235653e-04 -4.74360508e-04 ...  1.19332797e-03
   9.56547767e-04  2.04340804e-03]
 [ 3.56826931e-03  3.59740853e-03  2.48409063e-03 ... -2.96215899e-03
   1.98040158e-04  1.66717917e-03]]",109.9567819,-120.99729
pop,48,3637.305494,59897.4,"[0.726081132888794, 0.6899487972259521, 0.7876260876655579, 0.6368073225021362, 0.5946624875068665, 0.558035671710968, 0.5347334146499634, 0.6146234273910522, 0.5833294987678528, 0.679801344871521, 0.6349248290061951, 0.6679425239562988]","[[ 0.00076808  0.0036614   0.00117888 ...  0.00083305  0.00338971
  -0.00260818]
 [-0.0013692  -0.00050115  0.00096133 ... -0.00423272 -0.00395064
   0.00104183]
 [ 0.01156957  0.01407851  0.00953834 ...  0.00088827  0.01627205
   0.01275899]
 [ 0.00444455  0.01069152  0.01472072 ... -0.00084899 -0.00803
  -0.00585271]
 [ 0.00249218  0.00069054  0.00396425 ... -0.00248833  0.00044351
  -0.00039677]
 [ 0.00340575  0.00543741  0.00569578 ... -0.00086835  0.00436759
   0.003478  ]]",129.1992188,-121.58306
pop,49,1087.445316,57640.57,"[0.4676254391670227, 0.5970202088356018, 0.43028178811073303, 0.47959381341934204, 0.3878987729549408, 0.4935116767883301, 0.569024384021759, 0.4463561475276947, 0.5339938998222351, 0.4672229290008545, 0.5494892001152039, 0.49465033411979675]","[[-1.49609403e-04  4.68736407e-04  1.46775938e-03 ...  2.37310596e-03
   1.06569324e-03 -1.11729331e-03]
 [-3.88437193e-03  3.73229140e-04 -9.85339493e-05 ... -5.19149172e-03
  -2.71665298e-03 -3.33291175e-03]
 [ 7.33745098e-03 -1.52473897e-03 -4.38993424e-03 ...  1.62999555e-02
   1.39595792e-02  7.76034594e-03]
 [ 5.41393459e-03  3.34063917e-03  4.10347432e-03 ... -1.77714229e-03
  -1.40951574e-03 -1.10161304e-03]
 [ 1.91396338e-03  2.44242397e-03  2.94701071e-03 ...  6.73187743e-04
   1.86790943e-03  9.85786782e-04]
 [ 3.81702557e-04 -1.76291540e-03 -1.67770870e-03 ...  1.14915706e-03
   4.95955348e-04  1.20587833e-03]]",117.4538352,-104.13528
pop,50,1901.829281,65614.164,"[0.6430575251579285, 0.7036557197570801, 0.6263724565505981, 0.589641273021698, 0.6531071066856384, 0.5647062063217163, 0.5693042874336243, 0.5325188636779785, 0.5875402092933655, 0.6392427682876587, 0.5801054835319519, 0.6495019793510437]","[[ 0.00255697  0.00383423  0.00140115 ...  0.00682839  0.00153714
  -0.00109151]
 [-0.00362857 -0.00222468 -0.00480002 ...  0.00137441  0.00509948
   0.00284166]
 [ 0.00924546  0.00699986  0.01333135 ... -0.0074476  -0.00046708
   0.00432417]
 [ 0.0069785   0.00024446  0.00436892 ... -0.01230211 -0.01139526
  -0.00838748]
 [ 0.00345764  0.00305757  0.00356727 ... -0.00639972 -0.00546961
  -0.00180991]
 [ 0.00175443  0.00216378  0.00198793 ... -0.00153886  0.00122397
   0.00152595]]",139.6748311,-122.42342
pop,51,4096.32377,56238.887,"[0.6434440016746521, 0.6954109072685242, 0.7804223895072937, 0.6901682019233704, 0.6735758185386658, 0.5968055129051208, 0.6229984164237976, 0.7376461029052734, 0.6226075887680054, 0.6054385900497437, 0.591773271560669, 0.5991843342781067]","[[ 0.00368791  0.00565215  0.00601719 ...  0.00329103 -0.00225795
   0.00173587]
 [-0.00033519  0.00201186 -0.00141153 ... -0.00708613 -0.00819215
  -0.00083335]
 [-0.00637534 -0.00652171 -0.00354916 ...  0.00312794  0.00114998
  -0.00462129]
 [-0.00300355  0.00244867  0.00949309 ... -0.00123575  0.01040261
   0.01383989]
 [ 0.00122047  0.00425395  0.00481461 ...  0.0032606   0.00388964
   0.00034022]
 [ 0.00028974 -0.00029726  0.00081636 ... -0.00490427 -0.00319986
  -0.00140904]]",112.3471467,-116.86166
pop,52,2423.526063,72997.75,"[0.6711456775665283, 0.6727616190910339, 0.6945621967315674, 0.7393332719802856, 0.6894000768661499, 0.6147105693817139, 0.6387646794319153, 0.6774116158485413, 0.7193635106086731, 0.715988039970398, 0.788909912109375, 0.6936136484146118]","[[ 0.00743555  0.00815188  0.00274667 ... -0.00450566  0.00202863
   0.00362534]
 [-0.00888826 -0.0133031  -0.00956639 ... -0.00781661 -0.00591008
  -0.00369701]
 [ 0.00224428  0.00274865  0.00038853 ...  0.01603114  0.00946398
   0.00070959]
 [ 0.00777034  0.00869114  0.01819624 ... -0.00277274 -0.00260273
  -0.0008553 ]
 [-0.00457183 -0.005348   -0.00220387 ...  0.00275267  0.00165897
   0.0019304 ]
 [ 0.00128202 -0.00169666 -0.00284748 ...  0.00325874  0.00018971
   0.00034626]]",103.359375,-123.53409
pop,54,2398.502644,72280.664,"[0.7244901061058044, 0.6395732164382935, 0.608148455619812, 0.6656455397605896, 0.6115258932113647, 0.5607908964157104, 0.49208855628967285, 0.6430010199546814, 0.5350314974784851, 0.47740638256073, 0.5734267234802246, 0.5913310647010803]","[[-4.94461542e-03 -6.21499852e-03 -7.70370320e-03 ...  2.01528338e-03
   9.30014642e-04  8.30320734e-04]
 [-6.67474478e-03 -1.08923947e-02 -1.06125899e-02 ... -3.59779111e-03
  -2.78834320e-03 -3.16777511e-03]
 [-2.69366801e-03 -5.21749258e-03 -8.36644322e-03 ... -2.86996365e-03
  -2.66057998e-03 -1.43574178e-03]
 [ 9.43712890e-04 -8.03810358e-03 -7.47023523e-03 ...  5.01462072e-03
  -2.40580738e-03 -4.09165025e-03]
 [ 1.40208544e-03 -1.15934322e-03 -2.82529601e-03 ... -8.38488349e-06
   2.10211836e-03  2.39937361e-03]
 [-1.58922747e-03 -2.17492692e-03 -3.07510421e-03 ... -1.38703920e-03
  -4.76080924e-04 -1.91622972e-03]]",129.1992188,-110.05396
pop,55,3009.230784,71605.21,"[0.6678127646446228, 0.6947925686836243, 0.6642938852310181, 0.6794518828392029, 0.6216463446617126, 0.5370965003967285, 0.5073531270027161, 0.5477387309074402, 0.639134407043457, 0.6157867312431335, 0.6371613144874573, 0.7366142272949219]","[[-2.59018349e-03 -1.85609394e-03 -3.04747849e-03 ... -3.53367704e-03
   8.44954429e-04  2.11474880e-03]
 [-2.91640786e-03 -4.32875245e-03 -7.98651494e-06 ...  1.28015813e-03
   8.30095930e-04  1.56401904e-03]
 [-5.11172414e-03 -1.84703618e-03  1.01788118e-02 ...  6.46498799e-03
   1.53490156e-03  4.85062599e-04]
 [ 6.25745207e-03  3.16033512e-03  6.29871339e-03 ...  3.12420726e-03
  -1.13636255e-04  5.15421480e-03]
 [-8.31164884e-04 -7.10750344e-04  2.61744511e-03 ...  2.83886539e-03
   3.31363885e-03  2.31800249e-03]
 [-2.33079121e-03  5.13460487e-04 -2.78495252e-04 ... -2.65271962e-03
   4.83054668e-04  7.70155340e-04]]",105.46875,-109.14839
pop,56,2654.687731,78546.61,"[0.66121906042099, 0.673577606678009, 0.656878650188446, 0.7811685800552368, 0.6557865142822266, 0.5238611102104187, 0.5154321193695068, 0.6103817820549011, 0.736793577671051, 0.632922887802124, 0.5967651009559631, 0.586361289024353]","[[ 3.28315671e-03  4.12852747e-03  2.91302447e-03 ...  1.71454198e-02
   1.08049596e-02  8.56732698e-03]
 [-1.31939232e-03 -8.04786306e-04 -1.81324362e-03 ...  5.74811379e-03
   6.87394148e-03  4.12123906e-03]
 [ 1.64570659e-03  8.51558894e-03  5.87031990e-03 ...  2.41429359e-03
   6.13144785e-03  6.70626760e-03]
 [ 7.02498108e-03  2.69134343e-03  6.22384250e-03 ... -2.16137618e-02
  -1.37233436e-02  3.00514698e-03]
 [ 2.19992049e-03  2.76028171e-03  2.32819082e-03 ...  3.02401033e-04
   1.20035140e-03  7.80094201e-05]
 [-6.99819997e-04 -1.94977596e-03 -3.43709067e-03 ...  5.41621633e-03
   4.16056812e-03 -1.06963515e-03]]",117.4538352,-130.83514
pop,57,2412.268304,71492.61,"[0.6595101356506348, 0.6625508069992065, 0.6862001419067383, 0.7338634729385376, 0.682127058506012, 0.6064665913581848, 0.6252912282943726, 0.6605417132377625, 0.7074688076972961, 0.7072908878326416, 0.7831084132194519, 0.6809977889060974]","[[ 0.00883733  0.01336812  0.01266684 ...  0.00608142  0.00280644
   0.00115681]
 [ 0.00186816  0.00015261  0.00118998 ...  0.00051725  0.00382359
   0.00310263]
 [-0.00395329 -0.01124945 -0.01487096 ...  0.01175319  0.00978581
   0.00258173]
 [ 0.0023162   0.00712758  0.01213112 ...  0.00438892  0.00459614
   0.01341324]
 [-0.0033493  -0.00366722 -0.00422845 ...  0.00068979  0.00196001
   0.00200127]
 [ 0.00239499  0.00238441  0.00050993 ... -0.00149824 -0.00064533
  -0.00068591]]",103.359375,-122.59792
pop,58,2645.135782,69936.2,"[0.5755829811096191, 0.704574704170227, 0.5777381658554077, 0.5007006525993347, 0.504756510257721, 0.4534006118774414, 0.576103925704956, 0.5001919269561768, 0.5968602895736694, 0.5809844136238098, 0.4907568395137787, 0.5320998430252075]","[[ 0.00103739 -0.00288897 -0.00303279 ...  0.00456382  0.00651704
   0.00617673]
 [-0.00280178 -0.00364513 -0.00136342 ...  0.00357871  0.00176117
  -0.00504998]
 [ 0.00587761 -0.00137888  0.00236968 ...  0.01291468  0.01423794
   0.01785003]
 [ 0.00609297  0.00263266  0.00238182 ... -0.00240988 -0.00698382
  -0.00487281]
 [ 0.00228107  0.00196534  0.00519939 ...  0.00071386 -0.00084542
  -0.00019542]
 [ 0.00083563 -0.00069834 -0.0024368  ... -0.00777823 -0.00693598
  -0.00335955]]",112.3471467,-80.94261
pop,59,2698.276725,77241.16,"[0.6643317937850952, 0.6777327656745911, 0.6623143553733826, 0.7864264845848083, 0.6618244051933289, 0.5296081304550171, 0.5190262794494629, 0.6103777885437012, 0.7375904321670532, 0.637788712978363, 0.6027810573577881, 0.5931278467178345]","[[-0.00128205 -0.0019655  -0.00195288 ... -0.00405683 -0.00162615
   0.00073131]
 [ 0.00272204  0.00151721  0.00131255 ...  0.00689026  0.00587065
   0.00421623]
 [ 0.00033175 -0.00434286  0.00028719 ...  0.01443384  0.00714581
   0.0052487 ]
 [ 0.00767044  0.00795139  0.01392426 ... -0.0117953   0.00327087
   0.0039938 ]
 [-0.00139765 -0.00235357 -0.00181896 ...  0.00478048  0.00043648
  -0.00028178]
 [-0.00253899 -0.00268218 -0.00131297 ...  0.00068869  0.00113289
  -0.00211133]]",117.4538352,-131.27081
pop,60,2398.502644,72280.664,"[0.7244901061058044, 0.6395732164382935, 0.608148455619812, 0.6656455397605896, 0.6115258932113647, 0.5607908964157104, 0.49208855628967285, 0.6430010199546814, 0.5350314974784851, 0.47740638256073, 0.5734267234802246, 0.5913310647010803]","[[-4.94461542e-03 -6.21499852e-03 -7.70370320e-03 ...  2.01528338e-03
   9.30014642e-04  8.30320734e-04]
 [-6.67474478e-03 -1.08923947e-02 -1.06125899e-02 ... -3.59779111e-03
  -2.78834320e-03 -3.16777511e-03]
 [-2.69366801e-03 -5.21749258e-03 -8.36644322e-03 ... -2.86996365e-03
  -2.66057998e-03 -1.43574178e-03]
 [ 9.43712890e-04 -8.03810358e-03 -7.47023523e-03 ...  5.01462072e-03
  -2.40580738e-03 -4.09165025e-03]
 [ 1.40208544e-03 -1.15934322e-03 -2.82529601e-03 ... -8.38488349e-06
   2.10211836e-03  2.39937361e-03]
 [-1.58922747e-03 -2.17492692e-03 -3.07510421e-03 ... -1.38703920e-03
  -4.76080924e-04 -1.91622972e-03]]",129.1992188,-110.05396
pop,61,1789.533387,67392.664,"[0.750945508480072, 0.6427468061447144, 0.6111393570899963, 0.6432697176933289, 0.5841351747512817, 0.5687223672866821, 0.5290892720222473, 0.6439962387084961, 0.6878641843795776, 0.6808143854141235, 0.7945929765701294, 0.7313137650489807]","[[ 2.43865238e-04  6.95929591e-04  7.50732427e-04 ...  4.40915870e-03
   4.52822417e-03  1.52349769e-03]
 [ 5.64392116e-04  1.45732097e-04 -5.66359106e-04 ... -6.43722143e-05
  -1.31251204e-03 -9.96978562e-04]
 [ 6.39466196e-03  3.82568687e-03  5.98452985e-04 ... -8.16976279e-03
  -4.97709960e-03 -4.48349118e-03]
 [ 1.03157312e-02  9.01219249e-03  9.37803090e-03 ...  8.11125338e-03
   5.84340841e-03  6.39019907e-03]
 [ 3.27252098e-03  3.03018527e-03  1.46436715e-03 ...  3.19622145e-03
   3.26472004e-03  1.67280845e-03]
 [-1.61986612e-03 -1.53289363e-03 -2.62780674e-03 ... -1.92768313e-03
  -2.65776552e-03 -3.34441662e-04]]",129.1992188,-131.73291
pop,62,1417.970203,63339.918,"[0.417095810174942, 0.39233896136283875, 0.4258754551410675, 0.4676896929740906, 0.3787471055984497, 0.4046213626861572, 0.4750362038612366, 0.6701598167419434, 0.7821409106254578, 0.5228038430213928, 0.5180683135986328, 0.48990553617477417]","[[ 0.00390253  0.00354589  0.00154155 ...  0.01657022  0.01661188
   0.01062831]
 [-0.01077775 -0.01498129 -0.01339432 ... -0.00627148 -0.00725961
  -0.00820053]
 [-0.0062274  -0.00564873 -0.00869434 ... -0.02197216 -0.01111525
  -0.00407986]
 [ 0.00843141  0.01926659  0.02918981 ...  0.0105565   0.02163861
   0.02084488]
 [ 0.00142939  0.00244835  0.00466062 ...  0.00438908  0.00353089
  -0.0001923 ]
 [ 0.00295838  0.00510341  0.00611505 ... -0.00013763 -0.00066631
   0.00085375]]",107.6660156,-100.36051
pop,63,1173.393983,50686.4,"[0.5721476674079895, 0.43491867184638977, 0.5108593106269836, 0.443245530128479, 0.48710429668426514, 0.6362791061401367, 0.5637412667274475, 0.6457969546318054, 0.4772593677043915, 0.40483206510543823, 0.45999228954315186, 0.4354369342327118]","[[-2.64578771e-03  1.26641868e-03  4.31615954e-03 ...  3.87065570e-03
   2.06932307e-03  4.82172622e-03]
 [-1.29777443e-03 -3.46990845e-03 -5.82917866e-03 ...  4.42049880e-03
   2.11647990e-03 -2.58729829e-03]
 [ 2.09145769e-02  2.72453949e-02  2.53956690e-02 ... -5.04673272e-03
   2.14749575e-03  5.43121248e-03]
 [ 7.74393231e-03  5.23468107e-03  4.73783910e-03 ...  1.05112791e-02
   1.07770413e-02  1.17381513e-02]
 [ 8.73524838e-05  1.96947654e-03  3.19876692e-03 ... -4.74079829e-04
   1.01747448e-03  1.98845302e-03]
 [-2.97255069e-03 -5.44979423e-03 -4.99920174e-03 ...  3.26559506e-03
  -5.37702814e-04 -1.47077814e-03]]",123.046875,-78.30836
pop,64,3822.224912,58573.53,"[0.5255639553070068, 0.457327276468277, 0.4728735387325287, 0.5138455629348755, 0.48307621479034424, 0.4303797483444214, 0.45740336179733276, 0.5689918398857117, 0.6819709539413452, 0.6557319760322571, 0.6677671670913696, 0.5658822059631348]","[[ 0.0054533   0.00806471  0.01137205 ... -0.00423011 -0.00847244
  -0.01191513]
 [-0.00992885 -0.01123986 -0.00871359 ... -0.01209431 -0.00971875
   0.00130398]
 [-0.02225245 -0.01852065 -0.00557256 ...  0.0116137   0.02941967
   0.02026923]
 [ 0.00574265  0.00516162  0.00205872 ...  0.02421544  0.01939145
   0.00813476]
 [ 0.00012937 -0.00315768 -0.00199691 ... -0.00272753 -0.00724305
  -0.00567324]
 [-0.00454606 -0.00206144  0.00087325 ...  0.00624291  0.00868477
   0.00112656]]",129.1992188,-51.36334
pop,65,1642.091105,54466.305,"[0.6126932501792908, 0.4918355941772461, 0.5165054202079773, 0.5010157227516174, 0.5133265852928162, 0.622809112071991, 0.5684080123901367, 0.6943747997283936, 0.5995162129402161, 0.6215430498123169, 0.6405498385429382, 0.5405134558677673]","[[-0.00346523 -0.00226326 -0.00941406 ...  0.0052714   0.00323031
   0.00178001]
 [-0.00583258 -0.00485927 -0.00280753 ... -0.00456338 -0.00544378
  -0.00521582]
 [ 0.00975771  0.00091001  0.00651775 ...  0.001237    0.00837182
   0.00510232]
 [ 0.001701   -0.00303074  0.00063717 ...  0.00755595  0.00519931
  -0.00349078]
 [ 0.00118817  0.00175168  0.00084736 ...  0.00549983  0.0030664
   0.00159979]
 [-0.00485279 -0.00651792 -0.004301   ... -0.00126814 -0.00206071
  -0.00162874]]",114.84375,-70.459274
pop,66,1372.534668,64238.137,"[0.5774765014648438, 0.5304104089736938, 0.5854184627532959, 0.5485947728157043, 0.607539176940918, 0.5924992561340332, 0.4675706624984741, 0.5047180652618408, 0.5154141783714294, 0.5544083118438721, 0.5137713551521301, 0.5372330546379089]","[[-4.01867799e-03 -2.09867322e-03 -4.63089564e-04 ...  5.28134649e-03
   3.76973023e-03  3.52845012e-03]
 [ 1.14221309e-03 -7.99503118e-04 -5.03947069e-03 ...  8.95690545e-05
  -3.96975940e-03 -2.47042014e-03]
 [-8.53623450e-03 -1.49359703e-02 -1.01252198e-02 ...  4.28660214e-03
   3.81082296e-03  4.03533876e-03]
 [ 6.26081228e-03  4.75101918e-03  3.80055606e-03 ... -2.30096281e-03
   3.06418538e-03  7.84255564e-04]
 [ 1.17705827e-03  1.49774538e-03  6.20623331e-05 ... -9.30463972e-04
  -1.04069664e-03 -2.36332410e-03]
 [-5.62279671e-03 -5.93503006e-03 -3.60228308e-03 ... -3.84291448e-03
  -1.70824118e-03  2.96458602e-04]]",132.5120192,-105.175995
pop,67,3246.070515,61517.875,"[0.6400251984596252, 0.6524428725242615, 0.7676406502723694, 0.6916323304176331, 0.6932111382484436, 0.5676429271697998, 0.6052442193031311, 0.6913827657699585, 0.6213186979293823, 0.6678409576416016, 0.6590640544891357, 0.7020695805549622]","[[-0.00139845 -0.0029829   0.00063673 ... -0.00584969 -0.00803591
  -0.00391713]
 [-0.00234044  0.00096528  0.00388452 ...  0.00577325  0.00394768
   0.00131456]
 [ 0.00371128  0.0086187   0.0132961  ...  0.02228807  0.02049903
   0.01953055]
 [-0.00183348  0.00460789  0.00465205 ...  0.00943181  0.00769353
   0.00446238]
 [ 0.00099192  0.00228014  0.00143966 ...  0.00778439  0.00844403
   0.00600901]
 [ 0.00011537  0.00071948  0.00180074 ...  0.00213245  0.00103515
   0.00050643]]",114.84375,-87.33864
pop,68,2617.973472,65378.49,"[0.5995543599128723, 0.6414649486541748, 0.638835608959198, 0.6299691200256348, 0.6685235500335693, 0.6117916703224182, 0.7469791769981384, 0.5937912464141846, 0.6058297157287598, 0.6602585315704346, 0.6325750350952148, 0.658225417137146]","[[ 0.00133638 -0.00186941 -0.00410482 ...  0.01765423  0.01287629
   0.00653821]
 [-0.00269746 -0.00128278 -0.00188824 ... -0.00180141  0.00351797
   0.00245532]
 [ 0.00311743  0.00221653  0.00949275 ...  0.01115093  0.01235224
   0.01204811]
 [-0.00144722  0.00526746  0.00720092 ...  0.00355823  0.00133023
   0.00235821]
 [ 0.00373591  0.00362518  0.00576215 ...  0.003062    0.00187556
   0.00248039]
 [-0.00120439 -0.00189067  0.00035723 ... -0.00291289 -0.00278253
  -0.00162139]]",129.1992188,-81.795425
pop,69,1324.404806,55733.387,"[0.7523737549781799, 0.6718968152999878, 0.7079434990882874, 0.7485801577568054, 0.8609218001365662, 0.7073802947998047, 0.6891950368881226, 0.6823171973228455, 0.6754754781723022, 0.6856889724731445, 0.7038577795028687, 0.8388075232505798]","[[ 0.00094001  0.0034446   0.00448735 ...  0.00155042 -0.00061568
   0.00140014]
 [ 0.00671993  0.00125803 -0.00219007 ... -0.00814381 -0.00514009
  -0.00340005]
 [ 0.01256446  0.010166    0.01265809 ... -0.00163291 -0.00604389
  -0.00262849]
 [ 0.00614802  0.00612734  0.0021013  ...  0.00159404  0.00312503
   0.00591759]
 [ 0.00080464  0.00484898  0.0061386  ... -0.00017224 -0.0016753
   0.00065416]
 [ 0.00248623 -0.00027209  0.00077117 ...  0.00248906  0.00115915
   0.00127532]]",105.46875,-133.896
pop,71,3246.070515,61517.875,"[0.6400251984596252, 0.6524428725242615, 0.7676406502723694, 0.6916323304176331, 0.6932111382484436, 0.5676429271697998, 0.6052442193031311, 0.6913827657699585, 0.6213186979293823, 0.6678409576416016, 0.6590640544891357, 0.7020695805549622]","[[-0.00139845 -0.0029829   0.00063673 ... -0.00584969 -0.00803591
  -0.00391713]
 [-0.00234044  0.00096528  0.00388452 ...  0.00577325  0.00394768
   0.00131456]
 [ 0.00371128  0.0086187   0.0132961  ...  0.02228807  0.02049903
   0.01953055]
 [-0.00183348  0.00460789  0.00465205 ...  0.00943181  0.00769353
   0.00446238]
 [ 0.00099192  0.00228014  0.00143966 ...  0.00778439  0.00844403
   0.00600901]
 [ 0.00011537  0.00071948  0.00180074 ...  0.00213245  0.00103515
   0.00050643]]",114.84375,-87.33864
pop,72,2171.006229,52367.95,"[0.7394827604293823, 0.6814295649528503, 0.7115375399589539, 0.7125778794288635, 0.6611152291297913, 0.6768908500671387, 0.6567813158035278, 0.7313413619995117, 0.7655861973762512, 0.7221742272377014, 0.7574141621589661, 0.7530566453933716]","[[ 0.00566668  0.00689372  0.00620918 ... -0.00203395 -0.00157788
   0.00125663]
 [-0.00392821 -0.00174066 -0.00302336 ... -0.00223548 -0.00556935
  -0.00467716]
 [-0.00548785 -0.00762121 -0.00441802 ...  0.00462144  0.00031869
   0.00435406]
 [-0.00068601 -0.0026442  -0.00279735 ...  0.00241205  0.00392685
   0.00964361]
 [ 0.00526621  0.00455466  0.00891816 ...  0.00471604  0.00300916
   0.00343551]
 [-0.00101676 -0.00243067 -0.00266444 ... -0.00014047  0.000371
  -0.00200353]]",114.84375,-67.55922
pop,74,2030.059225,56366.484,"[0.5823118090629578, 0.5635329484939575, 0.6287266612052917, 0.5611995458602905, 0.5897569060325623, 0.4897933900356293, 0.6394134759902954, 0.5046601295471191, 0.46685299277305603, 0.5316526293754578, 0.5332311987876892, 0.6434024572372437]","[[-1.82087492e-03 -1.59228149e-03 -2.32709635e-03 ...  1.89458304e-04
   7.09798291e-04 -1.76789551e-03]
 [ 4.46530546e-03  5.98480397e-03  3.03910298e-03 ... -2.49957877e-03
   6.75057602e-04  3.64240757e-03]
 [-1.13038719e-02 -9.48981941e-03 -6.96531683e-03 ... -4.79570776e-03
   7.89143145e-03  8.58081877e-03]
 [ 4.42404300e-03  6.97868317e-03  1.43089071e-02 ...  5.25214523e-03
   1.16218254e-02  7.64559209e-03]
 [ 2.84509518e-03  2.11950756e-03  2.27627487e-04 ... -4.22852352e-03
  -1.68335811e-03 -3.36908426e-04]
 [ 4.19972464e-04  1.35191530e-03 -1.26324594e-05 ... -3.17738205e-03
  -1.64533406e-03 -2.66801380e-03]]",112.3471467,-93.549805
pop,75,2569.142267,64603.59,"[0.5964232087135315, 0.6829679012298584, 0.6747182607650757, 0.5936664342880249, 0.642393946647644, 0.5451375246047974, 0.671100914478302, 0.5476654171943665, 0.5655880570411682, 0.6181163191795349, 0.613652765750885, 0.6899605989456177]","[[ 1.02655916e-02  9.76756102e-03  8.62391264e-03 ...  3.53388933e-03
   2.24715284e-04 -8.31663620e-05]
 [-2.67120736e-04  3.56052731e-03  3.60072874e-03 ... -7.93381072e-04
  -2.89588822e-03 -5.53492392e-03]
 [ 5.84213436e-03  6.57085329e-03 -1.97090954e-03 ...  4.30095196e-03
  -4.49649990e-04  7.41337985e-03]
 [ 4.32275236e-03  8.72787833e-03  3.63115221e-03 ... -9.84922051e-03
   1.14592165e-03  2.93066353e-03]
 [ 2.44295307e-03  2.93895812e-03 -1.08335663e-03 ...  4.13104724e-04
   1.76291611e-03  2.78934651e-03]
 [ 5.49096987e-03  5.38987480e-03  2.94507295e-03 ...  1.90444849e-03
   1.63946301e-04  1.40357949e-03]]",126.0480183,-106.971924
pop,78,2379.20669,66672.26,"[0.6834475994110107, 0.6907998919487, 0.6668530702590942, 0.730254590511322, 0.619192898273468, 0.5879256129264832, 0.6508792638778687, 0.6263061165809631, 0.7624602317810059, 0.6818860173225403, 0.697866678237915, 0.6789960861206055]","[[ 0.00369951  0.00725013  0.00936841 ...  0.00263763 -0.00041117
   0.00456388]
 [-0.00288193 -0.00392745 -0.004931   ... -0.00384836 -0.00683194
  -0.00241547]
 [ 0.00510951  0.00237948  0.00065247 ...  0.00706182  0.006767
   0.00217511]
 [ 0.00429351  0.0055877   0.00639672 ...  0.00573149  0.00142673
   0.00340612]
 [ 0.00176032  0.0025628   0.00311593 ...  0.00710336  0.00841735
   0.00375269]
 [-0.00086183  0.00066724  0.00120969 ... -0.00202197 -0.00227045
  -0.00055045]]",139.6748311,-113.65538
pop,79,1107.481066,44777.832,"[0.5751361846923828, 0.6758416891098022, 0.5289198756217957, 0.5781351923942566, 0.5610519647598267, 0.502990186214447, 0.6157979965209961, 0.5068049430847168, 0.5333939790725708, 0.4565054774284363, 0.5724722146987915, 0.720879316329956]","[[-1.58167161e-04  1.95206743e-03  5.17371844e-03 ...  6.01933581e-03
   7.25409860e-03  3.96321297e-03]
 [-8.82551056e-04 -2.66863653e-03 -1.89466813e-03 ... -1.83573253e-03
  -2.28799818e-03 -4.32214919e-03]
 [ 6.57136738e-03  6.58407807e-03  8.24639201e-03 ... -2.65878439e-03
  -2.97927111e-03 -2.87204981e-04]
 [ 6.84937835e-03  9.10340250e-03  1.04507506e-02 ...  1.26991570e-02
   1.12766102e-02  7.91900605e-03]
 [ 7.40282942e-05 -3.38363440e-05  2.75762332e-04 ...  2.36367252e-04
   9.51560068e-04  1.39064857e-03]
 [ 4.26657498e-04  4.14319336e-04  1.33536756e-04 ...  1.73660927e-03
  -1.31722540e-03 -1.37907453e-03]]",112.3471467,-95.86529
pop,81,1253.022101,62137.61,"[0.6606095433235168, 0.5550377368927002, 0.6498432755470276, 0.5970233082771301, 0.6704815030097961, 0.7339855432510376, 0.5981286764144897, 0.6750326752662659, 0.5812576413154602, 0.6384507417678833, 0.4941617250442505, 0.5276079773902893]","[[-9.76155075e-05 -1.38178777e-03 -6.42316870e-03 ... -1.23138717e-03
   1.38150271e-04 -8.81263062e-04]
 [-3.31463962e-03 -2.99119713e-03 -1.04878815e-03 ... -6.47932406e-03
  -5.44789480e-03 -2.41845294e-03]
 [-6.68049604e-03  3.45539302e-03  1.18244886e-02 ...  8.74474645e-05
   2.98175216e-03  3.95782292e-04]
 [ 5.59482723e-03 -8.53484869e-03 -5.62519580e-03 ...  5.76080382e-03
   7.35677779e-03  7.21041858e-03]
 [ 5.86134328e-03  8.41411283e-03  3.03248555e-03 ...  3.01581257e-03
   4.63124312e-03  4.39061084e-03]
 [-2.81902216e-03 -4.53981385e-03 -5.60111739e-03 ... -9.70749184e-04
  -7.67674297e-04 -2.49289162e-03]]",117.4538352,-93.42502
pop,82,1177.687361,61092.68,"[0.6860910058021545, 0.6760615110397339, 0.6846654415130615, 0.6481260657310486, 0.7169244885444641, 0.6179801821708679, 0.6882184743881226, 0.5883680582046509, 0.6131139397621155, 0.716251790523529, 0.7202790975570679, 0.7809783220291138]","[[-1.65931819e-04  3.02300486e-03  3.84979380e-03 ...  2.17271924e-03
   2.91220436e-03 -3.48760261e-04]
 [-3.65814190e-03 -1.08665479e-03  5.73831345e-03 ... -1.08387375e-03
  -2.58436764e-03 -3.41924392e-03]
 [-2.64089555e-03 -1.73337758e-04  1.01440325e-02 ...  6.22236729e-03
   7.76899606e-03  1.22239441e-02]
 [-2.07017362e-03  4.01531905e-03 -4.11293656e-03 ...  1.35129616e-02
   1.23206824e-02  1.40773878e-02]
 [ 1.57649037e-03  1.99285033e-03  1.52787482e-03 ...  2.70039061e-03
   5.44416709e-03  4.06740729e-03]
 [-8.37108120e-04 -6.62039965e-05 -4.27715480e-04 ...  1.47541612e-03
   1.52119622e-03  1.83694810e-03]]",126.0480183,-146.16649
pop,84,2664.995048,77772.016,"[0.6332024335861206, 0.6210028529167175, 0.7494279146194458, 0.586115837097168, 0.5743921399116516, 0.44971147179603577, 0.5328409075737, 0.5891596078872681, 0.520283043384552, 0.6432104706764221, 0.5398517847061157, 0.5841458439826965]","[[-0.00227426 -0.00103084  0.0002951  ...  0.00221269  0.00533987
   0.00418514]
 [-0.0010184   0.00450051 -0.0001992  ... -0.00081654 -0.00516346
  -0.00682542]
 [ 0.02230275  0.02120832  0.01719766 ... -0.01376774 -0.01226854
  -0.00688857]
 [ 0.00992466  0.00781964  0.01296943 ... -0.00059699  0.00463523
   0.0057326 ]
 [-0.00018775  0.00436938  0.00572458 ... -0.00398258 -0.00362442
  -0.00286657]
 [ 0.00285828  0.00253494  0.00459028 ...  0.00325788  0.00040518
  -0.0008986 ]]",132.5120192,-91.60931
pop,85,2121.130678,69371.766,"[0.5804247260093689, 0.6278247237205505, 0.799730658531189, 0.5732566714286804, 0.5949302315711975, 0.5132670998573303, 0.561924934387207, 0.6675983667373657, 0.618844747543335, 0.7352312207221985, 0.5696588158607483, 0.575761616230011]","[[-7.49947951e-03 -9.21687182e-03 -5.09476646e-03 ... -1.93889793e-02
  -1.58766118e-02 -1.12024053e-02]
 [-9.03239997e-03 -8.60495928e-03 -8.47336647e-03 ... -1.63142048e-03
  -3.80579939e-03 -1.21747930e-03]
 [-4.84769791e-03 -7.80262053e-04  9.71779227e-05 ...  1.40992776e-02
   1.42838582e-02  1.28875971e-02]
 [ 9.89751518e-03  1.49198920e-02  1.31034181e-02 ...  1.06451288e-02
   1.96428746e-02  1.76232159e-02]
 [ 3.43632464e-03  4.46106451e-03  4.04329793e-03 ...  2.66056967e-03
   1.36100951e-03 -3.09682557e-04]
 [-1.43392757e-03 -1.09489448e-03 -1.82880089e-04 ... -1.79516152e-04
   1.55305862e-03  1.17994845e-04]]",120.1853198,-101.41602
pop,86,2952.993082,58359.504,"[0.5546009540557861, 0.6516436338424683, 0.7146517038345337, 0.5886000990867615, 0.6801495552062988, 0.5278813242912292, 0.6608177423477173, 0.6927875876426697, 0.6078324317932129, 0.7097675204277039, 0.585968554019928, 0.6581442952156067]","[[-8.22824985e-04  1.25366692e-03 -2.92596643e-03 ... -1.39168561e-03
  -5.62890850e-03 -3.88102297e-03]
 [ 1.72098723e-03  3.09022567e-03  3.81999502e-03 ... -2.31290272e-03
  -8.64348743e-04 -1.99796557e-03]
 [ 2.00534463e-02  2.79286578e-02  2.16273665e-02 ...  4.03975695e-03
   1.34259462e-05 -7.14562833e-03]
 [-1.12927705e-03  3.00610065e-03 -3.73362750e-03 ...  2.22433731e-02
   2.38752961e-02  1.47919059e-02]
 [ 2.75505527e-03  3.83533411e-04  4.21468960e-03 ...  7.77326125e-04
   1.88550188e-03  3.32064938e-03]
 [-3.62880528e-04 -9.39177349e-04  5.24934381e-04 ...  2.20106170e-03
   3.56087647e-03  1.51795708e-03]]",132.5120192,-87.12577
pop,87,2368.706977,60553.715,"[0.5355262160301208, 0.6253278851509094, 0.8238675594329834, 0.5960545539855957, 0.5633016228675842, 0.4962936043739319, 0.6174858212471008, 0.7373227477073669, 0.5537465810775757, 0.5964524149894714, 0.5127092003822327, 0.5572996139526367]","[[-0.00481283 -0.00626997 -0.00698426 ... -0.00236421  0.00139788
   0.00073232]
 [-0.00040207 -0.00023539 -0.00143116 ...  0.0029414   0.00350477
   0.00204851]
 [ 0.00356518  0.0044568   0.00612842 ...  0.00843404  0.01436269
   0.0153132 ]
 [ 0.0077709   0.01348753  0.01286531 ...  0.02060129  0.01360838
   0.01123174]
 [ 0.002254    0.00369511  0.00159392 ...  0.00250606  0.00172914
   0.005581  ]
 [ 0.00106661 -0.00113738 -0.00381621 ... -0.00369636 -0.00250446
  -0.00249823]]",135.9991776,-110.42417
pop,88,3127.090826,74845.68,"[0.639194905757904, 0.7056592702865601, 0.7730775475502014, 0.6614930629730225, 0.6866127252578735, 0.6144604086875916, 0.6282572746276855, 0.6113626956939697, 0.602613091468811, 0.7176657319068909, 0.6157132387161255, 0.6401840448379517]","[[ 0.00550435  0.00568004  0.00451772 ...  0.00100779  0.00149354
   0.00192941]
 [-0.00352538 -0.00275856 -0.00352025 ... -0.00210077 -0.00509678
  -0.00367875]
 [ 0.00525197  0.00426664  0.00606881 ...  0.0122813   0.01345087
   0.01000091]
 [-0.00084129 -0.00138109 -0.00384463 ... -0.00442278 -0.00070643
   0.00322671]
 [ 0.00185012  0.00193731  0.00121228 ...  0.00082012  0.00142073
   0.00169412]
 [ 0.00212025  0.00279928  0.00207776 ...  0.00134727  0.00158511
   0.00118054]]",99.38401442,-92.39198
pop,89,2760.176694,71414.26,"[0.6282257437705994, 0.6973288655281067, 0.8074820041656494, 0.6620947122573853, 0.6801990866661072, 0.6245355606079102, 0.6783343553543091, 0.5992063879966736, 0.598472535610199, 0.7001871466636658, 0.6129765510559082, 0.5913574695587158]","[[-3.61670104e-03 -5.50678410e-03 -8.99173088e-03 ... -1.00927347e-03
   1.33082816e-03  1.15840464e-03]
 [-2.14691261e-03 -3.73365130e-03 -1.49321992e-03 ...  7.95663621e-04
   3.24389689e-04 -3.23733746e-04]
 [-6.39487058e-03 -7.57852197e-03 -3.76044959e-03 ...  1.59906894e-02
   2.29310617e-02  1.11606494e-02]
 [ 7.68135488e-03  7.27726519e-03 -7.51726329e-04 ...  8.60271603e-03
   1.75666064e-03 -2.13563442e-03]
 [ 4.54571021e-05  1.66324601e-03  3.45287825e-03 ...  5.47394488e-03
   3.99723108e-03  2.36214976e-03]
 [ 1.41555071e-03  2.17468664e-03  3.65588628e-03 ... -1.12459436e-03
   1.92848220e-03  5.60428947e-04]]",132.5120192,-100.7972
pop,91,2826.652156,57892.633,"[0.6388049721717834, 0.7399497032165527, 0.6655738353729248, 0.6974921226501465, 0.6391949653625488, 0.5745135545730591, 0.6598631143569946, 0.5943382978439331, 0.6446112990379333, 0.5910632610321045, 0.6623136401176453, 0.6552982330322266]","[[ 9.60818475e-03  1.43412563e-02  1.00096952e-02 ...  5.22228153e-03
   5.23452643e-03  6.92087445e-03]
 [-6.31149716e-03 -4.72596340e-03 -3.00947629e-03 ... -5.91477253e-03
  -1.07320408e-03 -3.78004153e-03]
 [ 1.52811408e-04 -7.54693151e-03 -9.44568962e-03 ...  1.81567594e-02
   1.86116993e-02  1.49054229e-02]
 [ 5.17161936e-03  2.44602561e-03  5.46811521e-03 ...  8.37638974e-03
   1.43229961e-02  1.30895823e-02]
 [ 4.48982282e-03  5.25693158e-03  5.14551168e-03 ... -4.92849837e-04
  -1.10392685e-03 -1.89591604e-03]
 [ 1.73378550e-03  1.91184133e-03 -7.00354576e-05 ... -6.70066103e-04
   8.52905214e-05  2.51008198e-04]]",114.84375,-97.87887
pop,92,2241.081601,58747.28,"[0.8060469627380371, 0.7333492040634155, 0.7266936302185059, 0.6668657064437866, 0.6049044728279114, 0.6429585218429565, 0.6024700999259949, 0.7138453722000122, 0.6603500843048096, 0.6352149844169617, 0.6639555096626282, 0.6909343600273132]","[[-5.94734670e-04 -5.44121285e-04 -1.93818277e-03 ...  9.20057817e-04
   1.16684560e-03  1.66312689e-03]
 [-1.92263874e-03 -7.18708391e-03 -1.02031437e-02 ... -8.53724777e-03
  -5.58170647e-03 -3.18149474e-03]
 [ 3.69282812e-03 -8.70056450e-04 -1.07370317e-03 ...  3.89802456e-03
   8.08040798e-03  8.38087499e-03]
 [ 8.96038860e-03  1.09773800e-02  8.00194591e-03 ...  6.00725412e-03
   5.98434359e-03  2.48231739e-03]
 [ 2.76586303e-03  1.78534140e-03  6.97858464e-04 ...  3.30868987e-03
   3.74186153e-03  4.35081894e-03]
 [ 1.49007514e-03  2.06341781e-03  9.38497484e-04 ...  9.19736922e-05
  -2.15278752e-03 -1.90036185e-03]]",109.9567819,-128.63107
pop,93,1800.708767,57057.324,"[0.7832249999046326, 0.6312223076820374, 0.6656924486160278, 0.632481575012207, 0.5538397431373596, 0.6016698479652405, 0.5673070549964905, 0.715150773525238, 0.6149582862854004, 0.5784791707992554, 0.6076346039772034, 0.6321682333946228]","[[-0.00045668 -0.00203694 -0.00171548 ... -0.00167187  0.00123032
   0.00067058]
 [-0.00648199 -0.00762803 -0.00410574 ... -0.00162439 -0.00409263
  -0.0015742 ]
 [-0.00451285 -0.00199357  0.01399606 ... -0.00558044 -0.00703599
  -0.00192236]
 [ 0.00174344  0.00975022  0.0045521  ...  0.0002544   0.00668395
   0.01105063]
 [ 0.00447933  0.00251199  0.00498507 ...  0.00133384  0.00331604
   0.00264967]
 [ 0.00100509 -0.00134328  0.00107125 ... -0.001513    0.00231654
   0.00454424]]",132.5120192,-108.1895
pop,94,2079.00131,56309.426,"[0.6492193937301636, 0.5168379545211792, 0.5528787970542908, 0.6149773597717285, 0.4711005985736847, 0.5799968838691711, 0.4185742437839508, 0.5753657817840576, 0.6147208213806152, 0.5326898097991943, 0.705040454864502, 0.5091663002967834]","[[ 0.00517175 -0.00139765 -0.00696147 ...  0.00248444  0.00451552
   0.00058665]
 [-0.00904221 -0.01315226 -0.01488308 ... -0.0145874  -0.01490324
  -0.01349007]
 [-0.00059287  0.00586298  0.01697838 ...  0.01232164  0.01081152
   0.01116849]
 [ 0.00750506  0.01564642  0.02269987 ...  0.00324557 -0.00026058
   0.0064592 ]
 [ 0.00384951  0.00451649  0.00478562 ...  0.00094766  0.00214242
   0.00325886]
 [-0.00244017 -0.0059038  -0.00432755 ... -0.0011423   0.00126802
   0.00117796]]",120.1853198,-80.88294
pop,95,1476.470158,59822.613,"[0.6644715070724487, 0.571225643157959, 0.6768326163291931, 0.582007110118866, 0.6189082264900208, 0.5709466934204102, 0.4951280951499939, 0.6341254115104675, 0.5777723789215088, 0.6120373010635376, 0.5049872994422913, 0.5643917322158813]","[[ 7.39629627e-04 -2.24083496e-03 -3.30050793e-03 ... -6.89103358e-03
  -7.76657716e-03 -4.47864799e-03]
 [-6.99525335e-03 -3.23851251e-03 -3.15368972e-03 ...  1.39614457e-03
   3.18882874e-04  1.79844304e-03]
 [ 1.07003003e-02  9.69291478e-03  4.33553755e-03 ... -7.22463429e-03
  -7.65183568e-03 -7.42671639e-03]
 [-1.89295411e-03 -9.28913057e-03 -9.69313085e-03 ...  1.30857229e-02
   9.51096416e-04 -5.77153265e-03]
 [ 6.93563430e-03  7.51873697e-03  6.97220323e-03 ...  4.44247194e-05
  -4.56803549e-04 -1.38490595e-03]
 [-1.84313394e-03 -1.10256113e-03  1.08923763e-04 ... -2.88644060e-03
  -3.51947546e-03 -1.80724077e-03]]",139.6748311,-108.35127
pop,96,1589.242011,62118.918,"[0.5455209612846375, 0.5304713845252991, 0.5768035650253296, 0.5392112731933594, 0.5547104477882385, 0.6402048468589783, 0.5251877903938293, 0.509049117565155, 0.44711947441101074, 0.5916644334793091, 0.6910924911499023, 0.4986111521720886]","[[-0.00032769  0.00152701 -0.0007873  ... -0.00846447 -0.00896069
  -0.00511923]
 [-0.00517603 -0.00341591 -0.00102958 ... -0.01365164 -0.00834627
  -0.00586365]
 [ 0.00329468  0.00895066  0.01198319 ...  0.03061407  0.02755795
   0.02659074]
 [-0.00351602 -0.00969553 -0.00811107 ...  0.0155872   0.00107684
   0.00044556]
 [-0.0004847   0.00058974  0.00338664 ... -0.00100053 -0.00119799
   0.00141711]
 [ 0.00149904  0.00128024  0.00289984 ...  0.00106348  0.00273757
   0.00282287]]",120.1853198,-114.80709
pop,97,2478.057612,65399.43,"[0.6774795651435852, 0.6681197285652161, 0.7273645997047424, 0.6343011856079102, 0.6572757363319397, 0.6211095452308655, 0.5581095218658447, 0.6177492141723633, 0.6081387996673584, 0.6566603779792786, 0.578457236289978, 0.6136633157730103]","[[-1.68392624e-03 -2.38606901e-03 -3.70746856e-03 ... -6.70746515e-05
  -1.81377479e-04  1.76908307e-03]
 [-4.99424267e-03 -1.49821135e-03  1.45575607e-03 ...  3.05472963e-03
   1.83528247e-03  4.68425509e-03]
 [-1.45315379e-03 -1.05718523e-03  1.41219050e-03 ...  1.89986825e-02
   1.35859177e-02  9.89725441e-03]
 [ 4.84699011e-03  1.05026960e-02  1.04253963e-02 ...  1.13028362e-02
   8.41898471e-03  7.09528476e-03]
 [ 3.47834261e-03  3.95033509e-03  1.69759854e-03 ...  6.05252765e-03
   6.34036886e-03  2.75349702e-03]
 [-2.93678418e-03 -2.65871361e-03 -1.49094686e-03 ... -2.44205818e-04
   1.77862123e-04 -3.81512567e-04]]",132.5120192,-117.64679
pop,98,3044.708001,63379.906,"[0.6826736330986023, 0.5967646837234497, 0.6408356428146362, 0.6211928129196167, 0.6624460816383362, 0.4789011478424072, 0.5030847191810608, 0.6271213889122009, 0.6110947728157043, 0.6844077706336975, 0.6137187480926514, 0.6802297234535217]","[[-0.00923775 -0.01840657 -0.0180971  ...  0.00261872  0.00190313
   0.00609839]
 [-0.00991605 -0.00905421 -0.00205434 ...  0.0039761   0.00153805
  -0.00109029]
 [-0.01344851 -0.00881065  0.00422496 ...  0.01048013 -0.00732192
  -0.0062175 ]
 [ 0.00268944  0.00077131  0.00276415 ...  0.01044255  0.00526961
   0.00188094]
 [-0.00077848 -0.00070238  0.00110173 ...  0.00603757  0.00059833
  -0.00058291]
 [-0.0001414  -0.00066409  0.00128311 ... -0.00390209 -0.00601896
  -0.00265056]]",114.84375,-90.27449
pop,99,1288.435179,59199.875,"[0.5555863380432129, 0.6128427982330322, 0.49601680040359497, 0.5188211798667908, 0.6147518157958984, 0.48742344975471497, 0.5406150817871094, 0.5161667466163635, 0.6156030893325806, 0.541245698928833, 0.5291496515274048, 0.6496288180351257]","[[-0.00076404  0.00245261  0.0015795  ...  0.00673446  0.00915048
   0.00533553]
 [-0.0037206  -0.00342741 -0.00351417 ... -0.0056459  -0.00057631
  -0.00538638]
 [ 0.00109529 -0.00573023 -0.00239249 ...  0.00546602  0.00214306
   0.0022866 ]
 [-0.00385327 -0.00043087  0.00733852 ... -0.021649   -0.01444022
  -0.00968409]
 [ 0.00094322  0.00147089 -0.00173862 ... -0.00705871 -0.00511468
  -0.00317369]
 [-0.00268411 -0.0028428  -0.0010384  ...  0.00097962  0.00342725
   0.00478357]]",156.6051136,-112.4246
reggae,1,938.2376439,42903.22,"[0.6217336058616638, 0.7322950959205627, 0.4795396625995636, 0.45467111468315125, 0.4670812785625458, 0.6765584349632263, 0.5892586708068848, 0.615440309047699, 0.792152464389801, 0.5450147986412048, 0.5165171027183533, 0.4706268906593323]","[[ 0.00635507  0.00970239  0.00659767 ...  0.00522334  0.00292124
   0.00485844]
 [-0.00352795 -0.00761926 -0.00670327 ... -0.00183612 -0.00090851
  -0.00013824]
 [ 0.01478133  0.01292606  0.01649283 ...  0.00056732 -0.00453073
  -0.00197519]
 [-0.00292224 -0.00269967  0.00103473 ...  0.00769864  0.0128765
   0.0144411 ]
 [ 0.00274667  0.00362398  0.00326331 ...  0.00315381  0.00233431
   0.00068001]
 [ 0.00188098  0.00240426  0.00358722 ... -0.00153245 -0.0023381
  -0.00136385]]",103.359375,-121.80896
reggae,2,1110.189357,66641,"[0.7020705938339233, 0.5893604159355164, 0.5999530553817749, 0.6330541372299194, 0.546172559261322, 0.6277225017547607, 0.5930010080337524, 0.7005090713500977, 0.5921609997749329, 0.4959304630756378, 0.4942692220211029, 0.5538301467895508]","[[ 0.00084621  0.0062342   0.00742133 ... -0.00298003  0.00219417
   0.00354715]
 [ 0.000935   -0.00391751 -0.00783586 ... -0.00642429 -0.0016061
  -0.00365686]
 [ 0.00237803  0.0025706   0.01023335 ... -0.00294413 -0.00203181
  -0.00162262]
 [ 0.00956862  0.0039415  -0.00246449 ...  0.00586925  0.01091468
   0.01014692]
 [ 0.00137409  0.00307723  0.00403961 ...  0.00310241  0.0027784
   0.00370947]
 [-0.0004676  -0.00138619 -0.00338828 ...  0.00089253 -0.00132034
  -0.00199143]]",103.359375,-99.33229
reggae,3,1304.672518,53820.41,"[0.5446716547012329, 0.6699424386024475, 0.5416188836097717, 0.4923701882362366, 0.6712899804115295, 0.5455610156059265, 0.5339028835296631, 0.451393723487854, 0.5485574007034302, 0.6887391209602356, 0.5668811798095703, 0.5959097146987915]","[[ 0.00203398  0.00233115  0.00604843 ...  0.00542222  0.00566992
   0.00410335]
 [-0.00221189 -0.00472135 -0.00796231 ... -0.00324734 -0.00244947
  -0.00370734]
 [ 0.01281599  0.0147423   0.0194663  ...  0.00972158  0.00813574
   0.00518246]
 [-0.00190227 -0.00695411 -0.00998691 ...  0.0062646   0.0055598
   0.0031133 ]
 [-0.0020288  -0.0018941  -0.00028532 ...  0.00239263  0.00343043
   0.00368234]
 [ 0.00199111  0.00403878  0.00483039 ...  0.0031737   0.00206127
   0.00053666]]",147.65625,-112.244545
reggae,5,1216.227379,58928.773,"[0.6832879781723022, 0.5816650986671448, 0.605258047580719, 0.6478869915008545, 0.5489261150360107, 0.526989758014679, 0.5609046816825867, 0.7033708691596985, 0.4840342700481415, 0.45207124948501587, 0.5488336682319641, 0.5673370361328125]","[[-0.00031052 -0.00334286 -0.00310699 ...  0.00413606  0.00015968
   0.00231818]
 [-0.00076514  0.00375181  0.00742096 ... -0.0035379  -0.00405252
  -0.00415187]
 [ 0.01864335  0.02422436  0.02292506 ...  0.00725294  0.00159703
  -0.00242413]
 [ 0.00982247  0.01857963  0.01894356 ...  0.01304064  0.00978027
   0.00491688]
 [-0.00497118 -0.00476907 -0.00324698 ...  0.00473366  0.00344856
   0.0030351 ]
 [-0.00147519 -0.00173218 -0.00426311 ... -0.00140479 -0.00291022
  -0.00274299]]",156.6051136,-98.431206
reggae,6,981.7921565,45933.79,"[0.5204219818115234, 0.6688297390937805, 0.6214045882225037, 0.5140135884284973, 0.6030057668685913, 0.510172963142395, 0.5100433826446533, 0.44327327609062195, 0.5465145707130432, 0.6183668375015259, 0.509796142578125, 0.5362396240234375]","[[ 7.77142067e-03  2.98082569e-03  7.37729234e-05 ... -5.39436226e-04
   2.46879973e-04 -3.21521626e-03]
 [-3.36791879e-03 -5.96771603e-04  2.71046986e-03 ...  3.91885890e-03
   2.38322074e-03 -1.85325226e-03]
 [ 1.30515546e-03 -1.59850717e-03 -1.22605637e-02 ...  1.41597539e-02
   1.32362768e-02  1.08040944e-02]
 [-2.46429443e-03 -5.11663407e-03 -1.40002742e-02 ...  1.11762956e-02
   9.26265866e-03  9.80173051e-03]
 [ 5.79988424e-03  2.80065755e-03  2.76949572e-03 ...  2.42477023e-03
   4.05985477e-03  5.67813406e-03]
 [ 2.57967599e-03  4.53268178e-03  2.78269500e-03 ...  8.92229378e-04
   3.12948599e-04  1.85563974e-03]]",151.9990809,-101.66147
reggae,7,1172.632425,51913.66,"[0.6027559041976929, 0.530094563961029, 0.6389403343200684, 0.5357368588447571, 0.5306316018104553, 0.6659190058708191, 0.5236959457397461, 0.5063382983207703, 0.48768967390060425, 0.6231075525283813, 0.6853403449058533, 0.5427493453025818]","[[ 0.00513575  0.00214261 -0.00242836 ...  0.00588961 -0.00109169
  -0.00184214]
 [-0.00148458 -0.00087552 -0.00503173 ... -0.01284473 -0.00498753
  -0.00022172]
 [ 0.01052361  0.0072242   0.00084505 ...  0.02350194  0.031824
   0.02204832]
 [ 0.01463924  0.01231857  0.01571468 ...  0.02046311  0.01038874
  -0.00051039]
 [ 0.00479516  0.00505602  0.00265886 ...  0.00274499  0.00431875
   0.00282323]
 [-0.00064577  0.00091191  0.00087649 ... -0.00575989 -0.00348327
   0.00063826]]",151.9990809,-94.886986
reggae,8,1074.729993,57164.273,"[0.5103623270988464, 0.5294535756111145, 0.6755187511444092, 0.5271152853965759, 0.4341002106666565, 0.49921613931655884, 0.5416679382324219, 0.6396303772926331, 0.4875212013721466, 0.5717697143554688, 0.6002150177955627, 0.5108888745307922]","[[-6.68843086e-04  3.48547160e-04  2.13491181e-03 ...  6.68672141e-03
   5.17826291e-03  3.97515882e-03]
 [ 1.85555909e-03 -5.20862004e-04 -1.44056548e-03 ... -4.60066589e-03
  -4.97354229e-03  1.14547934e-03]
 [ 1.66986510e-02  1.51349977e-02  1.46172419e-02 ...  2.03246325e-02
   1.85656175e-02  1.45631880e-02]
 [ 6.94385916e-03  1.33441985e-02  1.51254311e-02 ...  1.13660470e-02
   1.20532587e-02  1.63546577e-02]
 [ 2.18762223e-03  1.72042388e-03  4.21099237e-04 ...  1.40846686e-03
   4.26070806e-04  1.40558586e-03]
 [ 2.33300962e-03  2.59636529e-03  4.43062745e-03 ... -1.23995915e-03
  -7.12871552e-05 -1.97930261e-04]]",129.1992188,-101.14616
reggae,9,1095.057717,62398.637,"[0.6990619897842407, 0.6059842705726624, 0.5083014369010925, 0.6104767918586731, 0.4905743896961212, 0.5005629658699036, 0.4439815282821655, 0.6117890477180481, 0.6434089541435242, 0.550498902797699, 0.5756840109825134, 0.5552797317504883]","[[ 2.47278999e-03  3.78554800e-03  3.06082378e-03 ...  1.17063066e-02
   7.07241270e-03  7.19366654e-03]
 [-2.25893334e-03 -3.73443500e-03 -5.58408006e-03 ... -5.88962195e-03
  -1.25614679e-02 -1.41652084e-02]
 [ 4.24865633e-03  4.92015481e-03  6.46535307e-03 ...  8.20780545e-03
   5.30902296e-03 -2.61983275e-03]
 [ 3.95425409e-03  2.14304775e-03  1.90391392e-03 ...  9.14415717e-03
   6.35042787e-03 -5.24208695e-03]
 [ 2.79584084e-03  3.25046993e-03  1.81956489e-03 ...  3.91527602e-03
   3.01903876e-03  3.54960283e-03]
 [ 7.45125115e-04  1.42625719e-03  1.68800540e-03 ... -1.66118331e-03
   2.85711139e-05  3.39951366e-04]]",105.46875,-100.60231
reggae,11,1033.522039,54298.285,"[0.6324489712715149, 0.576931357383728, 0.6658337712287903, 0.5710449814796448, 0.6335517764091492, 0.4940483868122101, 0.5949739217758179, 0.6006178259849548, 0.5345690846443176, 0.5989067554473877, 0.6061410307884216, 0.6945959329605103]","[[ 0.00375497  0.00339339 -0.00112481 ...  0.00370011  0.00080322
   0.00263678]
 [-0.00141735  0.00198675  0.00358487 ... -0.00109606 -0.00085814
  -0.0021483 ]
 [-0.00407781 -0.00845024 -0.00630423 ...  0.01005632  0.01033121
   0.0086038 ]
 [ 0.00993614  0.00608789 -0.00487182 ...  0.00735453  0.00620097
   0.00480819]
 [ 0.00089991  0.00119372  0.00127222 ...  0.00395696  0.00328292
   0.0026478 ]
 [-0.00283753 -0.00357519 -0.00336496 ... -0.00056253 -0.00042771
  -0.00089681]]",126.0480183,-105.88419
reggae,13,1095.394242,56394.156,"[0.4982662796974182, 0.5554629564285278, 0.6373554468154907, 0.5338857173919678, 0.5637032389640808, 0.5319293141365051, 0.6273556351661682, 0.5032344460487366, 0.47328415513038635, 0.5167825818061829, 0.48673734068870544, 0.5563185214996338]","[[ 0.00637444 -0.00078669 -0.00583488 ... -0.00110957  0.00031974
   0.00288466]
 [-0.00106583  0.00298447  0.00574695 ...  0.00089486 -0.00126835
  -0.00322545]
 [ 0.01593539  0.01027478  0.00656106 ...  0.0202683   0.01214574
   0.00780759]
 [ 0.00276956  0.00658243  0.00892872 ...  0.02065914  0.01140626
   0.0048328 ]
 [ 0.00318636  0.00294539  0.00362488 ...  0.00171993  0.00287581
   0.00144838]
 [ 0.00242338  0.00291797  0.00454067 ...  0.00015687 -0.00122122
   0.00045246]]",123.046875,-95.77722
reggae,14,998.6265212,47607.816,"[0.6135386228561401, 0.5349138379096985, 0.5471190810203552, 0.5246399641036987, 0.628119945526123, 0.5044950842857361, 0.46551117300987244, 0.5429694056510925, 0.5971060395240784, 0.7124245166778564, 0.5681995153427124, 0.5519880056381226]","[[ 1.72766502e-03 -4.13029023e-04 -3.89633370e-03 ...  1.10342033e-03
   4.11301917e-03  3.24815254e-03]
 [-6.75801455e-03 -1.00828656e-02 -1.48128197e-02 ... -2.30193916e-03
   2.44909636e-03  1.40274331e-03]
 [ 5.88494539e-03  3.91256064e-03 -2.38221139e-03 ...  5.55420667e-03
   8.53970647e-03  9.61866230e-03]
 [-2.88142264e-03 -7.46233016e-03 -1.17127076e-02 ...  1.03384256e-04
   2.87659466e-03 -4.98369336e-05]
 [ 1.15357801e-03  7.14505636e-05 -2.32468072e-03 ...  9.50837400e-04
   4.49995953e-03  5.29024528e-03]
 [-6.30881637e-04 -1.01805292e-03 -2.14176998e-03 ... -2.87465751e-04
  -3.66834924e-04  5.60924411e-04]]",132.5120192,-105.63639
reggae,15,913.4286162,55798.812,"[0.5696609020233154, 0.5422412753105164, 0.6486193537712097, 0.5733423829078674, 0.5169526934623718, 0.622559666633606, 0.5183894634246826, 0.5756543278694153, 0.5260407328605652, 0.5742997527122498, 0.6772807240486145, 0.5588719844818115]","[[-0.00207488 -0.0062904  -0.00699133 ... -0.0024454  -0.00392682
  -0.0041672 ]
 [-0.0038403  -0.00105299 -0.00273685 ... -0.00195798 -0.0020095
  -0.00451803]
 [ 0.00905642  0.00746637  0.01036989 ...  0.01148622  0.00590085
   0.0046574 ]
 [ 0.00255645  0.00135712 -0.000954   ...  0.00767928  0.01236956
   0.01212872]
 [ 0.00098536 -0.0009728  -0.00456283 ...  0.00197478 -0.00045813
   0.00075146]
 [ 0.0001504  -0.00266416 -0.00344216 ...  0.00445241  0.00350203
   0.00290791]]",126.0480183,-121.632515
reggae,16,1104.669881,54655.555,"[0.6208971738815308, 0.6521877646446228, 0.6574662327766418, 0.5670692324638367, 0.6551914215087891, 0.6272920966148376, 0.7195018529891968, 0.5149319767951965, 0.5574380159378052, 0.6397481560707092, 0.6093876361846924, 0.7518991827964783]","[[ 6.51880273e-03  7.69897310e-03  1.03773076e-02 ...  7.39306878e-03
   3.67073303e-03  4.63610965e-03]
 [-5.72723243e-04  2.99654453e-03 -4.63121193e-04 ...  8.39587222e-04
  -2.07522496e-03 -3.06652178e-04]
 [ 5.11817634e-03  5.36198169e-03  1.88647211e-03 ...  2.00307742e-02
   2.00102329e-02  1.27590746e-02]
 [ 4.57731634e-03  1.08980387e-03 -7.36489892e-05 ... -4.47858870e-03
   4.53144312e-05 -5.00416756e-03]
 [ 1.18249763e-04  1.32110469e-03  2.51979783e-03 ...  6.91578996e-03
   6.06363545e-03  7.71992900e-03]
 [-8.55775550e-04 -1.42773800e-03 -1.22057833e-03 ...  3.19478288e-03
   3.94168124e-03  1.69335492e-03]]",143.5546875,-131.8766
reggae,17,1303.334215,55750.33,"[0.5717306137084961, 0.6465190052986145, 0.5797589421272278, 0.5183528661727905, 0.6111916303634644, 0.5527769327163696, 0.6864144802093506, 0.5256287455558777, 0.5687573552131653, 0.6556065082550049, 0.6249379515647888, 0.6826049089431763]","[[ 1.14940428e-03  3.99877711e-03  4.43095543e-03 ...  9.09990219e-03
   1.02790195e-02  7.56223984e-03]
 [-3.95670811e-03 -3.06046802e-03 -4.23054943e-03 ... -1.53659221e-03
  -1.56287607e-03 -5.93740103e-03]
 [ 7.42932409e-03  8.02734494e-03  9.58435237e-03 ...  2.58323252e-02
   2.45528370e-02  1.57660022e-02]
 [ 5.11529297e-03  4.61039692e-03 -1.42134726e-03 ...  1.81520060e-02
   2.47571692e-02  1.61918402e-02]
 [ 2.44475651e-03  2.49722091e-03  3.69390413e-03 ...  6.66653083e-03
   7.29955889e-03  5.97173403e-03]
 [ 2.39812024e-03  1.64214708e-03  1.09821558e-05 ...  4.57441621e-03
   4.92672995e-03  4.64390218e-03]]",126.0480183,-106.765015
reggae,19,1110.708951,57787.926,"[0.6703246235847473, 0.6841871738433838, 0.5440829396247864, 0.4672119915485382, 0.4963180124759674, 0.578553318977356, 0.47271597385406494, 0.5021260976791382, 0.5935409665107727, 0.5514749884605408, 0.6939531564712524, 0.6287060379981995]","[[ 2.25153342e-03  2.52245564e-03  2.30516738e-03 ...  4.96513653e-03
   6.58865819e-03  3.29899503e-03]
 [ 1.98439724e-03  2.11310158e-03  4.78684730e-04 ...  6.73743880e-03
   6.75562068e-03  5.62008878e-03]
 [ 1.08011067e-04 -1.64657831e-03  6.28963113e-04 ...  3.67432833e-04
   1.01225823e-03 -2.76236981e-03]
 [ 4.64658439e-03  4.34657186e-03  5.94808161e-03 ...  5.83761185e-03
   1.35023892e-03  1.05173141e-03]
 [ 1.00191776e-03  1.89418357e-03  3.20956822e-03 ... -3.65120865e-03
  -5.14953474e-03 -4.34281474e-03]
 [-1.27628632e-03 -1.53384358e-03 -7.97312707e-04 ... -7.60760158e-04
  -1.95940956e-04 -8.84123147e-05]]",147.65625,-112.39468
reggae,20,830.1284702,57481.633,"[0.5127801895141602, 0.4873398542404175, 0.6939682364463806, 0.5548297762870789, 0.5698869228363037, 0.4893820583820343, 0.5353134870529175, 0.5948933362960815, 0.4893612861633301, 0.5262972712516785, 0.5016024708747864, 0.5854266285896301]","[[ 3.70962045e-03  2.86889336e-03  3.10793727e-04 ... -4.92333483e-03
  -4.32348218e-03 -2.75980749e-03]
 [-3.49821254e-03 -6.15418089e-04 -6.72229659e-04 ... -3.53398450e-03
  -2.04538129e-03 -1.96659576e-03]
 [ 9.98283178e-03  5.62471151e-03  4.80421633e-03 ...  1.84359401e-03
   3.40170413e-03  4.34448570e-03]
 [ 1.71614438e-03  2.12378800e-04  3.84131819e-03 ...  8.46484303e-03
   4.79061157e-03 -6.22339547e-04]
 [ 5.12267989e-03  2.90632192e-03  1.16219195e-03 ... -3.73230876e-03
  -6.93632147e-07  1.60033519e-03]
 [ 1.21076964e-03  1.49494596e-03  3.63462418e-03 ...  1.36618316e-03
   9.09101218e-05  7.50526786e-04]]",126.0480183,-118.33516
reggae,21,1345.531201,42720.18,"[0.650411069393158, 0.5981119871139526, 0.6745992302894592, 0.606464147567749, 0.6514009237289429, 0.6580182909965515, 0.6926146745681763, 0.7259541153907776, 0.6316861510276794, 0.6461050510406494, 0.5918673872947693, 0.6414020657539368]","[[ 3.68534512e-04  1.08025267e-03 -1.02058968e-03 ... -4.20905335e-03
  -6.97851703e-03 -7.37344437e-03]
 [ 2.53295930e-04  9.09562524e-04  9.95043538e-05 ...  5.92775285e-03
   4.06622176e-03  4.20938248e-03]
 [ 2.38583237e-03  4.16596979e-03  7.10067898e-03 ...  5.52236289e-03
   5.49712777e-03  9.69689339e-03]
 [ 7.60097802e-03  1.10732615e-02  1.17911696e-02 ... -1.08888745e-02
  -1.19316429e-02 -1.09420642e-02]
 [ 3.86755413e-03  2.91702967e-03  3.56229791e-03 ...  4.99923272e-03
   5.38451473e-03  3.86727990e-03]
 [-9.07843933e-04  4.55807894e-04  1.16389804e-03 ... -3.09450552e-04
  -2.36719847e-04 -7.07581639e-04]]",103.359375,-106.146255
reggae,23,1773.569847,49569.656,"[0.5882679224014282, 0.6109380125999451, 0.5854048728942871, 0.6921935677528381, 0.5762391090393066, 0.6138668060302734, 0.661273717880249, 0.6080042719841003, 0.642735481262207, 0.6920031309127808, 0.794241189956665, 0.694273054599762]","[[ 4.38812021e-03  5.41385697e-03  8.86935655e-03 ...  4.69465358e-03
   1.10534464e-03  2.57299413e-04]
 [-3.13998334e-03 -5.47395514e-03 -8.46051128e-03 ... -7.16515815e-03
  -6.63636646e-03 -5.54115320e-03]
 [ 2.06307322e-03  4.41819429e-05 -1.91637874e-03 ... -1.73310190e-03
   1.85299665e-03  8.86619091e-03]
 [ 7.26069510e-03  8.18804651e-03  1.30407512e-02 ...  2.31388807e-02
   1.67877600e-02  1.50668994e-02]
 [ 8.67782209e-05  1.17434504e-03  3.31051912e-03 ...  1.92968141e-03
   5.16063931e-03  6.35462865e-03]
 [-1.79472938e-03 -1.02561153e-03  8.14924017e-04 ... -8.38262960e-04
   8.05882737e-04  7.32338056e-04]]",129.1992188,-112.17232
reggae,24,1169.005072,57530.56,"[0.5950475931167603, 0.5206509232521057, 0.6075881719589233, 0.5777866244316101, 0.5276834964752197, 0.617685079574585, 0.5066604614257812, 0.5643264055252075, 0.4256729185581207, 0.5267347097396851, 0.6400268077850342, 0.566594660282135]","[[ 0.0022781   0.00040432 -0.00018753 ...  0.00112474 -0.00108787
  -0.00031062]
 [-0.0045464  -0.00588222 -0.00693028 ... -0.01100461 -0.01235018
  -0.01153997]
 [ 0.0076596   0.00340228 -0.00144985 ... -0.00504921  0.01097995
   0.01706827]
 [ 0.00296132  0.00355856  0.00248095 ...  0.02592344  0.017695
   0.01135489]
 [ 0.00212837  0.00255518  0.0018952  ... -0.00221534  0.00010899
   0.00046763]
 [ 0.00117607  0.00123135 -0.0011953  ... -0.00093984  0.00139689
   0.00020443]]",139.6748311,-99.301575
reggae,25,1169.188461,54694.336,"[0.5652902126312256, 0.46527358889579773, 0.5874051451683044, 0.5315268039703369, 0.6311525702476501, 0.5666098594665527, 0.49488669633865356, 0.6024216413497925, 0.5478062629699707, 0.527416467666626, 0.4568924605846405, 0.5613219738006592]","[[-3.65551733e-04 -1.61107885e-03 -2.64321980e-03 ...  3.84127148e-03
   7.05023200e-03  9.07623643e-03]
 [-2.67551667e-03 -2.56945185e-03 -1.73374989e-03 ... -3.43763908e-05
  -7.97325960e-04 -2.83541155e-03]
 [ 8.81666690e-03  9.08145308e-03  8.52246583e-03 ...  2.24200636e-02
   1.33231208e-02  1.22299045e-02]
 [-1.58153474e-03 -2.09791958e-03 -6.95111603e-03 ... -3.09416428e-02
  -2.95080319e-02 -1.51259303e-02]
 [ 1.65205111e-03  3.01031835e-03  3.14445391e-03 ...  7.97336283e-03
   7.86000076e-03  7.78175582e-03]
 [ 1.55728310e-04  1.05256215e-03  1.85210444e-03 ...  4.96310368e-03
   3.96247953e-03  1.35048293e-03]]",120.1853198,-105.80301
reggae,26,1135.187332,54896.9,"[0.5628426671028137, 0.5774850845336914, 0.5935578942298889, 0.5617994666099548, 0.6476404666900635, 0.5806758403778076, 0.6496272087097168, 0.5435775518417358, 0.4611586034297943, 0.5412034392356873, 0.5800496339797974, 0.7138962745666504]","[[ 0.00586722  0.00194391 -0.00190293 ...  0.00563713  0.0016742
  -0.00176236]
 [ 0.00173226  0.00419951  0.00277964 ...  0.01404107  0.01306367
   0.00564487]
 [ 0.00126316  0.00879284  0.00362226 ...  0.00338227  0.00093301
  -0.00038018]
 [-0.00326272 -0.00257033 -0.00391541 ...  0.02287379  0.02420328
   0.01354249]
 [ 0.00109251  0.00094966  0.00353957 ... -0.00089788  0.00042522
  -0.00016976]
 [ 0.00085564  0.00031563  0.00115251 ...  0.00349863  0.00518307
   0.00403095]]",135.9991776,-106.94173
reggae,27,1199.539435,58588.543,"[0.6468334197998047, 0.547732412815094, 0.5406346917152405, 0.521908700466156, 0.6558148264884949, 0.5810961127281189, 0.5877287983894348, 0.6840695142745972, 0.5915124416351318, 0.5751912593841553, 0.5671886801719666, 0.690741777420044]","[[ 1.54094705e-03 -8.31357552e-04 -4.43945264e-03 ...  1.36770020e-03
  -2.81181436e-03 -5.40524116e-03]
 [ 2.32003179e-03  2.93038017e-05 -1.33276096e-03 ...  3.75467670e-03
   3.20859888e-03 -4.82989473e-04]
 [-1.10529438e-02 -1.27378106e-02 -1.09032243e-02 ...  1.53182000e-02
   1.07603744e-02  7.07518309e-03]
 [ 1.26408860e-02  1.17103010e-02  8.89452547e-03 ...  5.96369058e-03
   6.97912276e-03  3.37903202e-03]
 [ 1.32632790e-03  1.74496878e-03  3.24174307e-03 ...  1.65609031e-03
   2.57006196e-03  4.52471413e-03]
 [-8.67687166e-04 -2.29838304e-03 -4.40466963e-03 ... -1.49965286e-03
  -3.87162901e-03 -3.87579948e-03]]",135.9991776,-105.18881
reggae,28,1103.644537,59608.285,"[0.6567230820655823, 0.6901864409446716, 0.6368170976638794, 0.7021124958992004, 0.6496080756187439, 0.6723758578300476, 0.6577342748641968, 0.6758489012718201, 0.7967509627342224, 0.6896985173225403, 0.6928895115852356, 0.6193972826004028]","[[-8.29579327e-05 -4.52986758e-04 -1.01114648e-03 ... -1.17487313e-03
  -7.73460900e-05  6.17547725e-04]
 [ 2.08615580e-03  3.36277985e-03  4.35417761e-03 ...  5.14027480e-03
   4.16350084e-03  2.87549621e-03]
 [ 6.75262511e-03  6.11744821e-03  5.19667566e-03 ... -2.69100070e-03
  -2.59604305e-03 -8.72813165e-04]
 [ 6.83838129e-03  6.24300539e-03  8.12277943e-03 ...  1.56294629e-02
   1.89406946e-02  1.48704052e-02]
 [-1.20527458e-04  4.56864847e-04  2.17530139e-03 ...  9.56099326e-04
   2.00567123e-03  1.31647188e-03]
 [-1.57222338e-03 -1.22660212e-03 -1.82416663e-03 ... -9.05172899e-04
  -2.05845945e-03 -3.80531140e-03]]",156.6051136,-121.53138
reggae,29,539.5820898,65253.492,"[0.7001883387565613, 0.6512863636016846, 0.6532808542251587, 0.6240875124931335, 0.7490441203117371, 0.7436380982398987, 0.7511014938354492, 0.6318169832229614, 0.5989069938659668, 0.6907656192779541, 0.7074180841445923, 0.8325175642967224]","[[ 5.50687912e-03  6.32449762e-03  3.71103525e-03 ...  9.27732570e-04
  -1.14190237e-04  2.43309587e-03]
 [ 2.91224895e-03  1.01438818e-03  4.35673595e-03 ...  2.51554112e-04
   1.06658773e-03  7.72676061e-04]
 [-3.96370888e-06 -1.83794647e-03 -6.36467338e-03 ... -2.06393003e-03
   8.72679055e-04  2.20638514e-03]
 [ 8.51432979e-03  7.03685731e-03  1.19660869e-02 ...  9.88215953e-03
   9.39928740e-03  5.91790676e-03]
 [ 9.39677988e-04  4.49228441e-04  4.54893641e-04 ...  3.61921124e-04
  -6.68390390e-04  5.97426982e-04]
 [-5.71444444e-03 -3.70036811e-03 -3.18939984e-03 ... -1.72958896e-03
  -3.58145684e-04 -1.53151155e-03]]",151.9990809,-139.21933
reggae,32,826.8141872,48957.793,"[0.7001920342445374, 0.6313453316688538, 0.8108317255973816, 0.6687575578689575, 0.6736326813697815, 0.7257930040359497, 0.6428158283233643, 0.6499737501144409, 0.6800774335861206, 0.8074961304664612, 0.7081758379936218, 0.6408901810646057]","[[ 0.00711086  0.00705153  0.00868786 ...  0.00405796  0.00257167
   0.00504714]
 [-0.00326662  0.00234729  0.00156297 ... -0.00107921  0.00035686
   0.00112179]
 [ 0.00108369 -0.00044879 -0.00334837 ...  0.00076311 -0.00084823
   0.00137424]
 [ 0.00819344  0.00704189  0.0054436  ...  0.01151893  0.01424237
   0.01205226]
 [ 0.00024516  0.00080163  0.00144251 ...  0.00153132  0.00289439
   0.00222516]
 [-0.00133674 -0.00081338 -0.00155451 ... -0.00279327 -0.00246755
  -0.00265125]]",147.65625,-122.82602
reggae,34,601.0451843,63447.934,"[0.7590352892875671, 0.6052078604698181, 0.6948404908180237, 0.7213264107704163, 0.612246572971344, 0.6650538444519043, 0.6001145839691162, 0.7085790038108826, 0.6192482709884644, 0.5481405854225159, 0.5762724876403809, 0.6205658912658691]","[[ 1.95117330e-03  3.66162366e-03  2.60436551e-03 ...  5.97632185e-03
   5.28141389e-03  3.04441947e-03]
 [ 2.25485366e-03  3.67432949e-03  2.84718575e-03 ...  4.64732718e-03
   4.30091867e-03  4.66377568e-03]
 [ 5.79535961e-04 -6.94725662e-03 -5.86789846e-03 ... -4.11090255e-03
  -4.39289212e-03 -1.37254596e-03]
 [ 4.23982739e-03  3.44431400e-03  7.06401467e-03 ... -1.26496702e-03
  -2.07659602e-03  2.42021680e-03]
 [-3.50493937e-05 -5.51673070e-04  8.95543626e-04 ...  3.65318308e-04
  -1.45070421e-03  4.16379313e-04]
 [-3.01401317e-03 -3.64099443e-03 -3.68054397e-03 ... -2.03700922e-03
  -1.54964626e-03 -2.54444778e-04]]",126.0480183,-132.3002
reggae,35,912.9683953,70979.95,"[0.715006947517395, 0.6990981698036194, 0.841968297958374, 0.6586839556694031, 0.6346749663352966, 0.7006202340126038, 0.6762965321540833, 0.6969876885414124, 0.6111734509468079, 0.6908470392227173, 0.6592658162117004, 0.6519783139228821]","[[ 6.21193219e-04  6.64755465e-03  3.30364341e-03 ...  5.75542607e-03
   8.25058132e-03  6.25522018e-03]
 [ 8.88006517e-03  4.97830592e-03 -1.76015224e-04 ... -1.29066495e-03
  -1.66102159e-03  1.28959066e-03]
 [ 4.73951548e-03 -2.50369310e-04  2.51886249e-03 ...  6.06898963e-03
   2.97592580e-03  1.58555806e-03]
 [ 1.26230270e-02  1.24880597e-02  1.54927447e-02 ...  1.19606853e-02
   1.83431134e-02  9.52667743e-03]
 [ 1.54530273e-03  1.18462692e-03  2.30791095e-03 ...  9.42991291e-04
   1.13503061e-03  1.21528224e-03]
 [-9.70039517e-04  3.21678817e-05 -2.18156353e-03 ... -2.15362757e-03
  -1.93794258e-03 -3.36010382e-03]]",109.9567819,-115.640114
reggae,36,849.9265147,54224.836,"[0.6231979727745056, 0.67759108543396, 0.5231903195381165, 0.4931372404098511, 0.5494655966758728, 0.5766409039497375, 0.8114604949951172, 0.6330854892730713, 0.57826828956604, 0.6664072275161743, 0.5466364026069641, 0.645480751991272]","[[-1.49962839e-03 -1.69117463e-03 -1.44513728e-03 ... -3.91394356e-03
  -3.93323493e-03 -1.58257593e-03]
 [ 1.37706977e-03  2.61484004e-03  2.01746781e-03 ... -1.38967618e-04
   3.92711275e-04  1.38315643e-03]
 [ 7.97542930e-03  8.61103833e-03  4.23774123e-03 ...  2.17881799e-03
  -1.78949535e-03  1.83377415e-03]
 [ 1.37583762e-02  1.50408745e-02  1.60387903e-02 ...  1.63145587e-02
   1.63515508e-02  9.87226516e-03]
 [ 1.21027518e-04  6.76768821e-04  8.81399983e-04 ... -1.20471644e-03
  -1.49130266e-03  6.22365477e-05]
 [ 6.04152679e-04 -8.37836415e-05 -5.55036590e-04 ...  3.30302864e-05
   9.52832401e-04 -1.60840712e-03]]",114.84375,-114.200714
reggae,37,886.5719541,75215.24,"[0.7225371599197388, 0.7058294415473938, 0.7346304059028625, 0.684623658657074, 0.7137428522109985, 0.6331552267074585, 0.6391101479530334, 0.6321982145309448, 0.6697826981544495, 0.7407116293907166, 0.7024185657501221, 0.727061927318573]","[[ 1.85035037e-03 -1.28648640e-03  6.38538874e-04 ...  1.97074598e-03
   2.43913241e-03  4.53110893e-03]
 [-5.86238490e-04 -5.11907517e-04  1.88205378e-03 ... -1.97604403e-03
  -1.94945689e-03 -2.08211583e-04]
 [ 6.99470937e-03  1.91706419e-03  1.08633935e-03 ...  1.81699544e-03
  -2.05701590e-03  4.76621091e-04]
 [ 1.05979890e-02  1.05060712e-02  6.35158271e-03 ...  1.15260333e-02
   1.91600472e-02  2.06927955e-02]
 [-2.46255543e-05  4.87762126e-04  2.53459639e-04 ...  1.48417922e-03
   2.22750447e-03  1.06992920e-03]
 [-6.01551495e-03 -5.83586842e-03 -2.40036659e-03 ... -1.76112726e-03
  -2.05784477e-03 -2.28276849e-03]]",151.9990809,-125.933525
reggae,38,1026.986396,51372.832,"[0.49803727865219116, 0.46627068519592285, 0.4385455846786499, 0.5191396474838257, 0.6109522581100464, 0.5771310925483704, 0.6570723652839661, 0.6054139137268066, 0.6479084491729736, 0.5535802841186523, 0.5039755702018738, 0.5594300627708435]","[[ 6.97822368e-04  3.15707629e-05 -1.49119939e-03 ...  3.38487189e-04
   3.15012820e-03  4.45107394e-03]
 [-6.89052289e-04  2.25799686e-03  2.54435070e-03 ...  2.16165742e-03
   3.76429087e-03  2.15511502e-03]
 [ 9.25898552e-04  3.14418226e-03  1.57576501e-02 ... -6.53237104e-04
   3.35381180e-03  3.15998495e-03]
 [ 1.25842094e-02  2.28863060e-02  2.68091038e-02 ...  1.49242282e-02
   1.08317807e-02  3.50604951e-03]
 [ 1.44585847e-03  1.48725056e-03  4.67821008e-04 ...  3.37146196e-03
   1.59477000e-03  8.95456519e-04]
 [-1.02249160e-03 -4.83322889e-04 -1.26592629e-03 ... -2.59133615e-03
  -2.28071027e-03 -1.44775957e-03]]",126.0480183,-111.16684
reggae,40,1926.581311,41625.367,"[0.46072858572006226, 0.5681146383285522, 0.633967936038971, 0.6149606108665466, 0.6013783812522888, 0.5440657734870911, 0.5998947024345398, 0.5986570715904236, 0.4376939535140991, 0.522270679473877, 0.5044483542442322, 0.509937047958374]","[[ 1.16818602e-02  1.31105924e-02  8.64459829e-03 ...  3.98221279e-03
   5.02700581e-03  6.24536463e-03]
 [ 3.15415708e-03  5.07054536e-03  7.75169753e-03 ... -4.45339570e-04
  -1.45985903e-04  2.71063940e-03]
 [ 5.68414479e-03  9.06383991e-03  4.22410667e-03 ...  1.10450611e-02
   1.12498030e-02  1.30874664e-02]
 [ 9.46462154e-03  1.53616145e-02  2.17973292e-02 ...  2.82689929e-04
  -2.26306915e-03  3.23051214e-03]
 [ 7.71277007e-04 -1.03855767e-03 -3.93954024e-04 ... -1.44670696e-03
  -2.66082454e-03 -1.22309931e-03]
 [ 1.78907067e-05  6.43171370e-05 -1.40065327e-04 ...  3.21549363e-03
   4.29185107e-03  1.17231719e-03]]",92.28515625,-58.3111
reggae,41,887.0610663,67752.664,"[0.5553755760192871, 0.5057379007339478, 0.5774862766265869, 0.5408941507339478, 0.5500231981277466, 0.6498154997825623, 0.5159031748771667, 0.4861501157283783, 0.5203613042831421, 0.6192793846130371, 0.7561041116714478, 0.5882459878921509]","[[-0.0020739  -0.00363801 -0.00124635 ...  0.00483404  0.00232008
   0.00250229]
 [-0.00554521 -0.00968657 -0.01135024 ... -0.00255399 -0.00209445
  -0.00252289]
 [ 0.00315955  0.00660573  0.01452681 ...  0.00588155  0.00258193
  -0.0019777 ]
 [ 0.00166759  0.0013762   0.00739006 ...  0.01274531  0.01069385
   0.00740088]
 [ 0.00169495  0.00189759  0.00210653 ...  0.00282778  0.0026258
   0.00267658]
 [-0.00299705 -0.00511711 -0.00176955 ... -0.00098985 -0.00099468
  -0.00100924]]",117.4538352,-126.89306
reggae,42,1826.548813,57704.223,"[0.6255964040756226, 0.6652398109436035, 0.6999109387397766, 0.6562109589576721, 0.7203166484832764, 0.5705685615539551, 0.667905330657959, 0.6611883044242859, 0.6337855458259583, 0.7482383847236633, 0.6167957782745361, 0.5758219361305237]","[[-0.00551225 -0.00973935 -0.00300328 ...  0.00315988  0.00426825
   0.00164902]
 [ 0.00620768 -0.00125818 -0.00974188 ...  0.00284405  0.00089715
  -0.00026381]
 [-0.00557984 -0.01337412 -0.01464797 ...  0.00396885 -0.00275152
  -0.00430281]
 [ 0.01551098  0.01065054  0.00246447 ... -0.00354232 -0.0023873
  -0.00289235]
 [-0.00080112 -0.00205583 -0.00381181 ... -0.00156495  0.00089081
   0.00052325]
 [-0.00408181 -0.00397307 -0.00324439 ...  0.00093285  0.00043152
  -0.00066399]]",120.1853198,-105.39603
reggae,43,1243.516213,45473.023,"[0.8264349102973938, 0.49994978308677673, 0.4688379764556885, 0.4630619287490845, 0.6725283861160278, 0.5963546633720398, 0.4742486774921417, 0.6505639553070068, 0.4432557225227356, 0.45632266998291016, 0.3568408787250519, 0.5046932697296143]","[[-0.00177553 -0.00040707 -0.00543865 ... -0.00512076 -0.00252859
  -0.00733255]
 [-0.00278451 -0.00417675 -0.00510114 ... -0.00370806 -0.00344375
  -0.00726838]
 [ 0.00328284  0.00696979  0.00806493 ...  0.00479684  0.00115485
   0.00173243]
 [ 0.00935318  0.01193771  0.00944879 ... -0.00315437 -0.00221635
  -0.00154141]
 [ 0.00107437  0.00216084  0.00098633 ...  0.00173602  0.00235275
   0.00368762]
 [-0.00363168 -0.00398052 -0.00324137 ... -0.00152675 -0.0008534
  -0.00193273]]",156.6051136,-102.46371
reggae,46,1187.280916,56805.188,"[0.5865119099617004, 0.5984465479850769, 0.5931178331375122, 0.6713089346885681, 0.5560920834541321, 0.5186100006103516, 0.5838447213172913, 0.49979168176651, 0.5311018228530884, 0.4856606125831604, 0.5538076162338257, 0.5945476293563843]","[[ 0.00499624  0.00753047  0.00800442 ...  0.0081876   0.00621057
   0.00596548]
 [-0.00425768 -0.00907633 -0.00870215 ... -0.00632305 -0.00445175
  -0.00270881]
 [ 0.00230847 -0.00118721  0.00606582 ...  0.01243969  0.01533949
   0.01121224]
 [ 0.0149949   0.01364237  0.00970252 ... -0.00384903 -0.00224001
   0.00444771]
 [ 0.00507605  0.00561216  0.00722221 ...  0.00113179  0.00085913
   0.00274583]
 [ 0.00082786 -0.00035229 -0.00081314 ...  0.00593911  0.00365614
   0.00250836]]",112.3471467,-92.4323
reggae,47,2098.79657,64636.582,"[0.6245144605636597, 0.5257664322853088, 0.5774705410003662, 0.5308051705360413, 0.5571339130401611, 0.6173213720321655, 0.5604014992713928, 0.664553701877594, 0.567451536655426, 0.5465918183326721, 0.5024166107177734, 0.5304457545280457]","[[ 0.00615004  0.00483449  0.0035353  ...  0.00402253  0.00177378
   0.00223389]
 [-0.00375267 -0.00703628 -0.01027757 ... -0.00780935 -0.01303438
  -0.01031438]
 [ 0.00491156  0.00699018  0.0030011  ... -0.00499314 -0.00518881
  -0.00202604]
 [-0.0004544  -0.00198751 -0.00781976 ...  0.02731992  0.03653643
   0.02321177]
 [-0.00025198 -0.00472311 -0.0075808  ...  0.00017681 -0.00058723
   0.00058296]
 [ 0.00284644  0.00233235 -0.00091015 ...  0.00371866  0.00325046
   0.0015041 ]]",147.65625,-73.51239
reggae,48,1816.665047,66564.91,"[0.5986452102661133, 0.5884138345718384, 0.5887371897697449, 0.7147342562675476, 0.5215977430343628, 0.502260684967041, 0.6001592874526978, 0.5814797878265381, 0.7484171390533447, 0.6048361659049988, 0.5888453722000122, 0.6661379337310791]","[[ 0.00890699  0.01022852  0.01024027 ...  0.00235427  0.00314942
  -0.00095689]
 [-0.00472015 -0.00498237 -0.00304852 ... -0.00861452 -0.00546514
  -0.00045606]
 [-0.00416237 -0.00760284  0.00330561 ...  0.00155863  0.0019237
   0.00396459]
 [ 0.00704931  0.00615755  0.00598118 ...  0.03372905  0.02429722
   0.01519445]
 [ 0.00520391  0.00589904  0.00196837 ...  0.01013147  0.00959325
   0.00552597]
 [-0.00075758 -0.00031931 -0.00168371 ... -0.00484224 -0.00538285
  -0.00596855]]",117.4538352,-110.925575
reggae,49,1059.710705,56827.97,"[0.6968664526939392, 0.6384449601173401, 0.5976043939590454, 0.7217749953269958, 0.6266858577728271, 0.5906819701194763, 0.5130509734153748, 0.6238566040992737, 0.6473278999328613, 0.5107041001319885, 0.5630346536636353, 0.5850390195846558]","[[ 0.0100659   0.00917631  0.00804974 ...  0.00216303  0.00109263
   0.00051363]
 [-0.00274742  0.00058642  0.00091819 ... -0.00424302 -0.00401694
  -0.0038745 ]
 [ 0.0078277  -0.00478227 -0.02022913 ...  0.0047126   0.00440045
   0.00815104]
 [ 0.01730718  0.01911054  0.01280266 ...  0.01320699  0.00699548
   0.00674832]
 [ 0.00153033  0.00198539  0.00029364 ...  0.00199183  0.00184975
   0.0004097 ]
 [ 0.00370758  0.0007978   0.0019163  ...  0.00023432  0.00041092
   0.00011374]]",97.50884434,-118.573944
reggae,50,2557.122515,86824.13,"[0.6297111511230469, 0.6846901774406433, 0.6651985049247742, 0.7670729160308838, 0.6834235787391663, 0.5848742723464966, 0.677864670753479, 0.5877466797828674, 0.6061486601829529, 0.5540391206741333, 0.7182016968727112, 0.7927634119987488]","[[ 0.00299699  0.00108812  0.00354146 ...  0.00345701  0.00286203
   0.00450061]
 [-0.0034898  -0.00493548 -0.00505043 ... -0.00564206 -0.00668893
  -0.00383539]
 [ 0.00482327 -0.00058476  0.00077552 ...  0.01389407  0.00816855
   0.00431088]
 [ 0.00276577 -0.00471899  0.00066803 ...  0.00691269  0.00736529
   0.0125505 ]
 [ 0.00137797  0.00314901  0.00292638 ...  0.00353395  0.00411994
   0.00459627]
 [-0.0007272   0.00217996  0.00390246 ...  0.00133237  0.00122738
   0.00036098]]",126.0480183,-106.07505
reggae,51,5565.249404,77692.64,"[0.7559059858322144, 0.7560703158378601, 0.7995764017105103, 0.8507044315338135, 0.8596019744873047, 0.7497169375419617, 0.7017908096313477, 0.6651002764701843, 0.6623624563217163, 0.639495849609375, 0.7431576251983643, 0.8673291206359863]","[[ 0.00128788  0.00162021  0.00365704 ...  0.00491855  0.0050223
   0.00426492]
 [-0.00132507 -0.00191967 -0.00042878 ... -0.00099807 -0.0031829
  -0.00301825]
 [ 0.00241872  0.00392753 -0.00037608 ...  0.00506733  0.00347857
   0.00027574]
 [ 0.01273589  0.01192281  0.00530552 ...  0.01071972  0.01099847
   0.01200352]
 [ 0.00142117  0.00085938  0.00091928 ...  0.00373834  0.00548653
   0.00502438]
 [-0.00015079  0.00072281 -0.00096791 ... -0.0025864  -0.00204815
  -0.00049797]]",129.1992188,-96.63034
reggae,52,1992.666521,64963.023,"[0.6698724031448364, 0.847827672958374, 0.7672780752182007, 0.7098092436790466, 0.7569302320480347, 0.7104129195213318, 0.6983994841575623, 0.6308009028434753, 0.6321805715560913, 0.6149657368659973, 0.580333948135376, 0.6146455407142639]","[[ 4.36505715e-04  2.12280156e-03  5.44997753e-03 ...  1.23007024e-02
   8.16759112e-03  4.50279826e-03]
 [ 2.06334367e-03  4.40684966e-03  7.01605059e-03 ...  3.43648650e-03
   2.31460777e-03  8.42343883e-04]
 [-9.65730846e-03 -2.56769359e-03  6.68212026e-03 ...  7.49762356e-03
   1.02258027e-02  1.24975741e-02]
 [ 1.95024610e-02  1.53908357e-02  8.05667043e-03 ...  1.40425265e-02
   3.88594717e-03  4.83798981e-03]
 [-1.29172373e-03  1.11504110e-03  2.45584817e-03 ... -2.96930695e-03
  -6.97890726e-05  3.23273231e-03]
 [ 3.75008211e-03  5.31315245e-03  4.30797972e-03 ...  1.05686486e-05
   1.18401647e-03  1.39649957e-03]]",132.5120192,-119.95846
reggae,54,1556.331272,70534.6,"[0.5584884881973267, 0.694509744644165, 0.582019567489624, 0.5364649891853333, 0.7109596133232117, 0.5624374747276306, 0.5339767932891846, 0.4529183506965637, 0.5460751056671143, 0.678991973400116, 0.5709513425827026, 0.5946510434150696]","[[-9.44612858e-04  3.21931071e-03  7.79262338e-03 ...  8.08721538e-03
   3.71029033e-03  1.90235476e-03]
 [-1.58668994e-03 -2.66937501e-03 -6.96401237e-03 ...  4.37499006e-04
  -1.61289357e-03 -3.17472245e-03]
 [ 1.08166561e-02  1.27490461e-02  1.68423504e-02 ... -3.86513770e-04
   4.94006276e-03  7.71271437e-03]
 [-5.87087125e-03 -4.13945317e-03 -8.72227550e-03 ...  2.00782716e-03
   5.55978715e-03  6.24574721e-03]
 [-2.39407620e-03 -3.84346090e-03 -1.09469026e-03 ...  4.67069305e-04
  -3.84723877e-05 -4.99802290e-04]
 [ 1.76459551e-04  1.09109096e-03  2.78683938e-03 ... -1.25073642e-03
  -6.34552911e-04 -5.98095357e-04]]",147.65625,-112.44072
reggae,55,1166.359658,76903.03,"[0.7064610123634338, 0.6210715770721436, 0.7090146541595459, 0.6354822516441345, 0.6891306638717651, 0.5765384435653687, 0.611779510974884, 0.6811707019805908, 0.5954307913780212, 0.6218860745429993, 0.6396724581718445, 0.8028040528297424]","[[-0.00113912  0.002657    0.00382739 ...  0.00484944  0.00365561
   0.00237256]
 [-0.00123676 -0.00185958  0.00105736 ... -0.00227265  0.00032104
  -0.00086308]
 [-0.00174443  0.0016039  -0.0082429  ...  0.00369252 -0.00787549
  -0.00485042]
 [ 0.00749649  0.00479992  0.00607222 ...  0.00954279  0.01027831
   0.01490368]
 [ 0.00177791  0.00057817  0.00110618 ...  0.00220632  0.00516147
   0.00543905]
 [-0.00294638 -0.00369688 -0.00266568 ...  0.00079336  0.00033556
  -0.00141707]]",129.1992188,-130.25488
reggae,56,1373.266258,74632.06,"[0.6906532645225525, 0.5992417931556702, 0.6273890137672424, 0.6766620874404907, 0.5799981951713562, 0.5399075150489807, 0.5578784942626953, 0.697776198387146, 0.4907272756099701, 0.4586746096611023, 0.5507190227508545, 0.5734127163887024]","[[-4.86693846e-04 -2.22339445e-03  2.11371982e-03 ...  1.13915639e-03
   5.07498158e-03  4.45212141e-03]
 [-2.72329938e-03 -3.96349862e-03 -2.16799402e-03 ... -4.98579884e-03
  -3.31833922e-03 -1.82682596e-03]
 [ 5.18724322e-03  1.04534328e-02  1.50377676e-02 ... -4.15742397e-05
   4.98580188e-03  7.59503245e-03]
 [ 4.76214290e-03  9.53640789e-03  1.32113695e-02 ...  1.06308609e-02
   1.04858354e-02  1.10534951e-02]
 [ 6.86747445e-04  9.43826876e-04 -1.53193338e-03 ...  4.12422383e-03
   3.38713160e-03  2.98007599e-03]
 [-4.45872545e-04  1.58203952e-03  8.42452049e-04 ... -1.97489746e-03
  -5.31505793e-04 -1.21612102e-03]]",156.6051136,-98.50239
reggae,57,1202.421927,71398.09,"[0.5245775580406189, 0.555974543094635, 0.6964988708496094, 0.55036461353302, 0.4704574644565582, 0.5166611671447754, 0.5448127388954163, 0.6335212588310242, 0.4895375072956085, 0.5801823139190674, 0.599992573261261, 0.5165773630142212]","[[ 2.46131805e-03 -5.81977945e-04 -1.99641791e-03 ... -2.29187974e-03
  -6.92408513e-04  1.19828214e-03]
 [-7.53087235e-04 -7.91369901e-04  1.30344432e-03 ... -3.39426793e-04
   1.05337455e-03  2.77400975e-03]
 [ 3.96768749e-03  6.75669312e-03  8.79978389e-03 ...  7.20664114e-03
   4.33476269e-03  4.47249413e-03]
 [ 4.29286063e-03  6.94720447e-03  6.45337999e-03 ...  5.35181910e-03
   4.62505966e-03  1.06411800e-02]
 [ 9.33725656e-05  5.61913016e-04  7.47641895e-04 ... -7.34314480e-05
   2.12269826e-03  2.84104953e-03]
 [-1.28196180e-03 -9.18544829e-05  1.01672485e-04 ... -1.45671703e-03
   1.00079738e-03 -1.07785687e-04]]",129.1992188,-102.91113
reggae,58,1886.374458,72885,"[0.5260044932365417, 0.5894050598144531, 0.6713788509368896, 0.6087357401847839, 0.6295159459114075, 0.5684936046600342, 0.6594797372817993, 0.5380761623382568, 0.49540552496910095, 0.5419438481330872, 0.5387098789215088, 0.6128443479537964]","[[ 0.0020184   0.00184073 -0.00241636 ... -0.00876454 -0.00592902
  -0.00307395]
 [ 0.00362656  0.006764    0.00768518 ... -0.00194236 -0.00508281
  -0.00372221]
 [-0.00230949 -0.00172172 -0.00080533 ...  0.01471005  0.01058573
   0.00776348]
 [ 0.02374643  0.02639797  0.021865   ...  0.02025003  0.01647147
   0.01010543]
 [-0.00214689  0.0001313   0.00119518 ... -0.00164076 -0.00083142
  -0.00130062]
 [ 0.00910595  0.00967246  0.00824989 ...  0.00236945  0.00396263
   0.00224178]]",123.046875,-88.52871
reggae,59,1951.384206,63462.7,"[0.6457034349441528, 0.5713643431663513, 0.70050448179245, 0.5928991436958313, 0.5867389440536499, 0.6917203664779663, 0.5431522130966187, 0.5303513407707214, 0.5129295587539673, 0.644250750541687, 0.7085803747177124, 0.5690426826477051]","[[ 5.73300936e-03  4.51653448e-03  8.39885697e-03 ...  2.12911269e-04
  -4.37097682e-03 -4.08541386e-03]
 [-7.29834082e-03 -1.04418613e-02 -6.27140107e-03 ...  3.03072091e-05
   3.53194967e-03  5.61820125e-04]
 [ 1.59924179e-02  1.66870132e-02  1.57457888e-02 ...  2.33858824e-02
   2.09232271e-02  1.33697540e-02]
 [ 2.39285529e-02  1.98521167e-02  1.39669925e-02 ...  2.27711126e-02
   1.14033744e-02  1.41191930e-02]
 [ 3.02821406e-03  4.89408131e-03  5.02378407e-03 ...  5.24339446e-03
   3.75200469e-03  5.89438598e-03]
 [-2.15543248e-03 -1.12119690e-03  1.22022815e-03 ... -3.90536338e-03
  -1.90502219e-03 -7.29331747e-04]]",103.359375,-86.03073
reggae,60,1992.468232,43260.117,"[0.5342869758605957, 0.5071455240249634, 0.5827296376228333, 0.44887566566467285, 0.4713679552078247, 0.4008995294570923, 0.45277950167655945, 0.5811503529548645, 0.5001907348632812, 0.5890519618988037, 0.5026949644088745, 0.6184496879577637]","[[-0.00158634 -0.00191067  0.00013132 ... -0.00456278 -0.00552539
  -0.00374306]
 [-0.00157878  0.00055395 -0.00044413 ...  0.00315906  0.00198158
  -0.00338232]
 [ 0.00358704  0.0040563   0.00193466 ...  0.00018162  0.00648415
   0.01003253]
 [ 0.01184192  0.01197065  0.01290869 ...  0.00825373  0.00796324
   0.00577177]
 [-0.00132787 -0.00067188  0.00255426 ...  0.00258347  0.00188561
   0.00224388]
 [ 0.0031499   0.0035566   0.0046723  ...  0.00209937  0.00194785
   0.00034172]]",114.84375,-56.92548
reggae,61,2215.212754,72190.27,"[0.6140058636665344, 0.7126241326332092, 0.6071438193321228, 0.6485405564308167, 0.6288273930549622, 0.6714948415756226, 0.560053288936615, 0.5411951541900635, 0.6533793807029724, 0.5636498332023621, 0.5546883344650269, 0.5141914486885071]","[[ 1.99104047e-03  4.39912578e-03  7.82147034e-03 ...  6.45716695e-03
   2.42008630e-03 -5.50001857e-03]
 [ 3.90014395e-03 -1.04026633e-03  6.73090686e-03 ...  5.46884536e-03
   6.57337375e-03  8.73054152e-03]
 [-2.51245499e-03  5.29903173e-03  1.01558864e-03 ...  9.71532613e-03
  -7.71559775e-04 -8.04584473e-03]
 [ 8.68969411e-03  1.59412920e-02  1.06671229e-02 ...  1.27898902e-03
   1.04080141e-03  8.29765946e-03]
 [-8.20983010e-04 -1.50712070e-03  1.08043369e-03 ...  2.78991755e-04
   6.75307354e-05 -2.43990754e-04]
 [-1.80305913e-03  1.23193488e-04 -8.60817730e-04 ... -1.97840668e-03
  -5.50575554e-04 -8.84842128e-04]]",123.046875,-106.602745
reggae,62,862.1194648,68725.29,"[0.588982343673706, 0.6622813940048218, 0.5893439054489136, 0.5784172415733337, 0.6380596160888672, 0.6457021832466125, 0.8246036767959595, 0.6478309035301208, 0.5863305926322937, 0.6442940831184387, 0.6247878670692444, 0.6590070128440857]","[[ 0.00297204  0.00108146  0.00205815 ...  0.00204901  0.00366851
   0.00047844]
 [-0.0015132  -0.00109643 -0.00256947 ...  0.00591277  0.00077149
  -0.00252104]
 [ 0.01220191  0.01095583  0.01351881 ...  0.01237343  0.00523659
   0.00745782]
 [ 0.0035762   0.0081749   0.00600059 ...  0.01253911  0.00441977
   0.00373757]
 [ 0.00262678  0.00276299  0.00331191 ...  0.00461339  0.00220997
   0.00281338]
 [-0.00029246 -0.00025093  0.00094775 ... -0.00115418  0.00134682
   0.00109075]]",151.9990809,-127.72068
reggae,63,1317.538774,60705.152,"[0.6849775314331055, 0.6393225193023682, 0.6943104267120361, 0.5347656607627869, 0.5897853970527649, 0.6273140907287598, 0.5406893491744995, 0.6115861535072327, 0.5607430338859558, 0.7353293299674988, 0.5460395812988281, 0.507612943649292]","[[ 1.05957026e-03 -1.84307779e-03 -3.65014086e-03 ... -1.98097799e-03
  -6.62842781e-04 -3.71755719e-04]
 [-1.51939523e-03 -2.40610353e-03 -5.34713875e-05 ... -2.36636244e-04
  -5.08489670e-03 -6.91841170e-03]
 [ 1.24607906e-02  1.72172487e-02  1.23668388e-02 ...  1.13476515e-02
   1.16885081e-02  9.32785124e-03]
 [ 4.55453992e-04 -3.07865441e-04 -2.55085528e-04 ... -4.10419703e-03
  -9.57898796e-04 -4.73268330e-04]
 [ 2.13129285e-03  4.96298641e-04  2.15235668e-03 ...  8.63427813e-03
   4.52005228e-03  3.38495714e-03]
 [ 8.00890848e-04  1.30146742e-03  8.30195844e-04 ...  2.83397920e-03
   8.74659047e-04 -9.38843936e-04]]",123.046875,-96.47844
reggae,64,1513.900415,63650.49,"[0.6261374950408936, 0.7101574540138245, 0.6411799192428589, 0.6610596776008606, 0.7032154202461243, 0.5540611147880554, 0.5233770608901978, 0.4848898649215698, 0.5698727369308472, 0.6250224113464355, 0.594761312007904, 0.7099336981773376]","[[ 0.0018684   0.00310627  0.00951019 ... -0.00127789  0.00196645
   0.00167743]
 [-0.00380416  0.0011762   0.00092083 ...  0.00219603  0.00122614
   0.0025507 ]
 [ 0.00026365 -0.00341259 -0.00082473 ...  0.02206651  0.02722257
   0.02504227]
 [ 0.00398874  0.00209612  0.00260501 ...  0.00726373  0.00690498
   0.00743015]
 [ 0.00465962  0.00543871  0.00457668 ...  0.00237896  0.00458426
   0.00448202]
 [ 0.00230914  0.00186049  0.0004034  ... -0.00323495 -0.00341839
  -0.00209075]]",114.84375,-134.1616
reggae,65,1336.943368,73063.336,"[0.6730706095695496, 0.5939589738845825, 0.5186501145362854, 0.5593854784965515, 0.5848569869995117, 0.7568039298057556, 0.595373809337616, 0.559994101524353, 0.5531606078147888, 0.5205070972442627, 0.6755535006523132, 0.558208703994751]","[[ 0.00474347  0.00339063  0.00785825 ...  0.00994973  0.01397558
   0.00989889]
 [-0.0052316  -0.00565273 -0.0032136  ...  0.0069012   0.00180192
  -0.00495619]
 [ 0.01247142  0.01106388  0.00511486 ...  0.00719167  0.01268723
   0.01220064]
 [ 0.0118897   0.01934693  0.01643024 ... -0.00054055  0.00473302
   0.01331209]
 [ 0.00142689  0.00224901  0.00215377 ...  0.00307205  0.00235088
   0.00293688]
 [ 0.00063332  0.00086119  0.00169724 ... -0.00271697  0.0003061
   0.00065158]]",117.4538352,-114.45055
reggae,66,1040.143079,57395.875,"[0.5383877754211426, 0.5167473554611206, 0.6282045841217041, 0.5845242142677307, 0.7263731360435486, 0.5906656980514526, 0.5197207927703857, 0.5582213401794434, 0.522671639919281, 0.6482496857643127, 0.5395751595497131, 0.6152114868164062]","[[ 0.00067198  0.00141087  0.00595374 ... -0.00285916 -0.00142152
   0.00020154]
 [ 0.00119174  0.00031932  0.00024244 ...  0.008233    0.006904
   0.00405288]
 [ 0.00850713  0.00667778  0.00529651 ...  0.00274312  0.00990607
   0.0110873 ]
 [ 0.01411035  0.01190571  0.01077453 ...  0.0196759   0.02107096
   0.01960338]
 [ 0.00240481  0.0047477   0.00588275 ...  0.00495352  0.00496485
   0.00713899]
 [-0.00133855 -0.00080992 -0.00076405 ... -0.00313847 -0.0007308
   0.0008056 ]]",105.46875,-108.64654
reggae,67,851.4582003,53759.426,"[0.6077222228050232, 0.5811144709587097, 0.677763044834137, 0.6270278692245483, 0.6298201084136963, 0.6252777576446533, 0.574762225151062, 0.6099395751953125, 0.6216511726379395, 0.7307855486869812, 0.5972376465797424, 0.5589126348495483]","[[ 0.00089621  0.0012503   0.00375195 ... -0.00027894 -0.00056101
  -0.00027552]
 [-0.00391665 -0.00526321 -0.00191684 ... -0.00307372  0.00014395
   0.00062952]
 [ 0.00746451  0.00330146  0.00751123 ...  0.01596696  0.01153617
   0.00880147]
 [ 0.00245058  0.00346439  0.00511814 ...  0.00066     0.00110567
   0.00046019]
 [ 0.00128604  0.0001352   0.00067015 ... -0.00129868  0.00148046
   0.00355872]
 [ 0.00050581 -0.00029152 -0.00056408 ...  0.00075513 -0.00082711
  -0.00232449]]",112.3471467,-111.253235
reggae,68,1287.133443,63198.6,"[0.4872114956378937, 0.5164295434951782, 0.6604030132293701, 0.550510585308075, 0.5724611878395081, 0.4855700135231018, 0.4820922911167145, 0.6082832217216492, 0.48790696263313293, 0.5529745221138, 0.47589659690856934, 0.5498367547988892]","[[ 0.00462784  0.00393334  0.00259501 ...  0.00086931  0.00166547
   0.00189381]
 [ 0.0012108   0.00198184 -0.00040271 ...  0.00399024  0.00319882
   0.00074175]
 [ 0.00780003  0.0080784   0.00352111 ...  0.01756496  0.01706891
   0.0142532 ]
 [ 0.01368413  0.01501431  0.02031549 ...  0.00746041  0.00925029
   0.01076811]
 [ 0.00427011  0.00545305  0.00627947 ...  0.00907278  0.00648362
   0.00552057]
 [-0.00021421 -0.00044331  0.00113328 ...  0.00221182  0.00167361
   0.0008358 ]]",135.9991776,-91.93325
reggae,69,1319.303278,71664.234,"[0.4968714416027069, 0.4596433937549591, 0.5285226106643677, 0.5057129263877869, 0.5812714099884033, 0.7651268839836121, 0.6288798451423645, 0.5551608204841614, 0.5231978297233582, 0.5698379874229431, 0.6907897591590881, 0.5100987553596497]","[[ 0.00019706  0.00349129  0.00219277 ...  0.00425922  0.00044246
  -0.00086321]
 [ 0.00385565 -0.00094147 -0.00665187 ... -0.00481783 -0.00399651
  -0.00385341]
 [ 0.00892302  0.01716784  0.02016268 ...  0.00950105  0.01115312
   0.00996903]
 [ 0.02605648  0.03233616  0.02565739 ...  0.01723245  0.00978372
   0.01112934]
 [ 0.00454385  0.00820719  0.00505171 ...  0.00176637 -0.0004254
  -0.00010749]
 [ 0.00022401  0.00220153  0.00273824 ...  0.00187952  0.00286554
  -0.00041081]]",117.4538352,-108.5738
reggae,71,2140.480385,71788.41,"[0.6707870960235596, 0.6222255825996399, 0.6168822646141052, 0.5616025328636169, 0.6483997106552124, 0.6447410583496094, 0.6118335127830505, 0.6880325078964233, 0.6222094893455505, 0.6719846725463867, 0.6242387890815735, 0.5858796834945679]","[[-8.17380953e-04 -1.34082169e-03 -3.73858266e-03 ...  7.81084200e-04
   1.28182055e-03  2.13884187e-03]
 [ 4.46081231e-04 -1.20436546e-03 -4.76036414e-03 ... -2.83827846e-03
  -5.07686506e-03 -4.35467737e-03]
 [ 7.68681616e-03  8.39957595e-03  8.64650309e-03 ...  9.66539234e-03
   1.10135153e-02  1.05103180e-02]
 [-1.17223710e-03 -4.40920144e-03 -7.10684061e-03 ...  1.53633729e-02
   7.97881931e-03  5.71475923e-03]
 [-4.01903371e-04 -1.53195919e-04 -6.46852305e-05 ...  4.59907795e-03
   3.69627538e-03  1.14629649e-03]
 [-2.30974890e-03 -2.66973116e-03 -2.71354988e-03 ... -3.73389572e-04
   2.83231959e-04  7.30900094e-04]]",139.6748311,-126.264046
reggae,72,2277.031217,67745.52,"[0.6173837780952454, 0.706019937992096, 0.718047022819519, 0.6857436895370483, 0.7392913699150085, 0.6795626878738403, 0.7402674555778503, 0.6495147943496704, 0.6330079436302185, 0.6855105757713318, 0.628369152545929, 0.6326988339424133]","[[-0.00094609 -0.00548458 -0.00549238 ...  0.00029026  0.00431892
   0.00362265]
 [ 0.00111936  0.00302551 -0.00365008 ... -0.00114534  0.00018955
   0.00153922]
 [-0.00114919 -0.00388931 -0.00510139 ... -0.00317274 -0.00249153
   0.00375606]
 [ 0.01644529  0.01517103  0.00659067 ...  0.00688601  0.00714878
   0.00805984]
 [ 0.00128284  0.00279991  0.00263699 ... -0.00026011 -0.0016407
  -0.0002087 ]
 [-0.00338068 -0.0050625  -0.00361889 ... -0.00076498 -0.0007049
   0.0006552 ]]",112.3471467,-98.26904
reggae,74,597.9606777,56816.395,"[0.6768006086349487, 0.5828101634979248, 0.5961150527000427, 0.5590959787368774, 0.604632556438446, 0.6127002835273743, 0.5287200212478638, 0.5377134680747986, 0.5360142588615417, 0.6957353949546814, 0.8097606301307678, 0.7109568119049072]","[[-0.00191235 -0.00137295 -0.0011821  ... -0.00049787  0.00109111
   0.00181672]
 [ 0.0020572   0.00472541  0.0056733  ... -0.00083633 -0.00045691
  -0.00071031]
 [ 0.00599831  0.01122526  0.01923753 ... -0.00339803 -0.00156185
  -0.00118878]
 [ 0.0117451   0.01588692  0.02086338 ...  0.00843585  0.00081063
   0.00134119]
 [ 0.00184855  0.00254416  0.00292283 ...  0.00203507  0.0012365
   0.00287892]
 [-0.0046294  -0.00496364 -0.0027049  ... -0.00508222 -0.0068462
  -0.0057827 ]]",112.3471467,-144.6863
reggae,75,2323.372193,52942.68,"[0.6263163685798645, 0.6107831597328186, 0.692965030670166, 0.5783833265304565, 0.5629566311836243, 0.5754438638687134, 0.5866047739982605, 0.666608989238739, 0.5778248906135559, 0.7039755582809448, 0.5955567955970764, 0.624178946018219]","[[-1.31758507e-03 -1.30177079e-03 -1.96094584e-03 ...  2.80379710e-03
   2.89108621e-03  1.55235103e-03]
 [ 3.50398934e-03  1.61675991e-04  1.64696843e-04 ...  8.62432431e-03
   5.75808614e-03  5.48383501e-03]
 [-7.77660310e-03 -1.00579038e-02 -4.36610729e-03 ... -5.77636808e-03
  -3.27010453e-03 -6.74600899e-03]
 [ 7.68078119e-03  7.40378350e-03  1.08681247e-02 ...  2.63546482e-02
   2.39356607e-02  1.69225559e-02]
 [ 7.64802032e-05 -2.78198110e-04  1.11805759e-03 ...  3.00929888e-04
   3.29104258e-05 -6.56111488e-05]
 [-4.71312925e-03 -4.79775481e-03 -5.80143183e-03 ... -5.31556644e-03
  -2.14292668e-03 -3.78266536e-03]]",143.5546875,-66.48807
reggae,78,1470.968877,84183.06,"[0.6996726989746094, 0.6579917669296265, 0.7197430729866028, 0.6431397199630737, 0.6075486540794373, 0.5897326469421387, 0.5383087396621704, 0.6602703928947449, 0.6058536767959595, 0.6555215716362, 0.7817434668540955, 0.6438524723052979]","[[ 0.00075748  0.00246765  0.00239092 ...  0.0052496   0.00575005
   0.00354994]
 [-0.00486857 -0.00665834 -0.00872002 ... -0.00862464 -0.01083613
  -0.00852124]
 [-0.00213505 -0.00337846  0.00171518 ... -0.00125493 -0.00137392
   0.00251956]
 [ 0.00655776  0.00533234  0.00412915 ...  0.00440378 -0.00228663
   0.00364406]
 [ 0.0009206   0.00190181 -0.00014476 ... -0.00010374  0.00110669
   0.00372972]
 [-0.00188834 -0.00356667 -0.00424807 ...  0.00090481 -0.00047696
   0.00087254]]",105.46875,-133.43883
reggae,79,3673.381852,64636.117,"[0.7580558061599731, 0.882150411605835, 0.7105221748352051, 0.75191730260849, 0.7214782238006592, 0.632273256778717, 0.6560861468315125, 0.6965137720108032, 0.7562946677207947, 0.6812887191772461, 0.6663434505462646, 0.6407946348190308]","[[ 4.88121712e-04  9.25571621e-04  1.39763924e-03 ... -8.94111889e-04
  -7.83831422e-04 -2.09226638e-03]
 [ 1.63070431e-03  3.16268861e-03  3.51174559e-03 ...  3.58870186e-05
   5.25746590e-03  7.18482065e-03]
 [-1.23513490e-03  7.18653202e-04  9.35159624e-04 ...  1.32773668e-02
   7.69906491e-03  3.15572321e-03]
 [ 1.17073879e-02  1.07470006e-02  1.17175505e-02 ... -7.83331692e-04
   3.01557034e-03  6.74590468e-03]
 [-1.03941584e-04  1.91546356e-03  2.82175687e-03 ...  7.14500474e-03
   5.61770418e-03  2.99787814e-03]
 [-4.33504581e-04 -1.49943680e-03 -2.90939584e-04 ... -1.81414187e-03
  -3.93359363e-03 -7.60859251e-03]]",151.9990809,-80.28694
reggae,81,1587.863935,62148.445,"[0.651992917060852, 0.6202029585838318, 0.6096272468566895, 0.570075273513794, 0.5716533064842224, 0.6067796349525452, 0.6876585483551025, 0.6226712465286255, 0.6207275390625, 0.6826080679893494, 0.7193281650543213, 0.7958811521530151]","[[ 0.00247432  0.0001395   0.00298329 ...  0.00250923  0.00515517
   0.00645813]
 [-0.00097713 -0.00040522 -0.00188882 ...  0.00726634  0.00579394
   0.00207628]
 [-0.00261021 -0.00040897  0.00312719 ... -0.00967654 -0.00781531
   0.00080025]
 [ 0.00796947  0.01111371  0.01203063 ...  0.01755462  0.01845965
   0.01785151]
 [ 0.00253709  0.00112898  0.00225654 ...  0.00628039  0.00728997
   0.00490421]
 [-0.00051673  0.00135788  0.00070605 ... -0.00410894 -0.00361822
  -0.00204789]]",101.3327206,-121.86922
reggae,82,1587.863935,62148.445,"[0.651992917060852, 0.6202029585838318, 0.6096272468566895, 0.570075273513794, 0.5716533064842224, 0.6067796349525452, 0.6876585483551025, 0.6226712465286255, 0.6207275390625, 0.6826080679893494, 0.7193281650543213, 0.7958811521530151]","[[ 0.00247432  0.0001395   0.00298329 ...  0.00250923  0.00515517
   0.00645813]
 [-0.00097713 -0.00040522 -0.00188882 ...  0.00726634  0.00579394
   0.00207628]
 [-0.00261021 -0.00040897  0.00312719 ... -0.00967654 -0.00781531
   0.00080025]
 [ 0.00796947  0.01111371  0.01203063 ...  0.01755462  0.01845965
   0.01785151]
 [ 0.00253709  0.00112898  0.00225654 ...  0.00628039  0.00728997
   0.00490421]
 [-0.00051673  0.00135788  0.00070605 ... -0.00410894 -0.00361822
  -0.00204789]]",101.3327206,-121.86922
reggae,84,1145.47367,62874.7,"[0.6860954165458679, 0.7755070328712463, 0.5288078784942627, 0.4751386344432831, 0.463870108127594, 0.5821354985237122, 0.42340612411499023, 0.45197051763534546, 0.5691308379173279, 0.4879889488220215, 0.46571439504623413, 0.45544183254241943]","[[ 3.89342338e-03  7.66164073e-03  4.23497430e-03 ...  3.27710373e-04
   8.93701297e-04  1.50439948e-05]
 [-9.15170488e-03 -8.67557682e-03 -7.60213898e-03 ... -5.23362581e-03
  -3.03240419e-03 -3.37712280e-03]
 [ 1.63636431e-02  1.16303936e-02  1.51915327e-02 ...  1.33456290e-03
  -1.11908466e-03  2.11310387e-03]
 [ 1.37099400e-02  1.21916085e-02  1.21253133e-02 ... -3.11866403e-03
   8.90612602e-04  5.74968755e-04]
 [ 2.70700431e-04  2.08390971e-03 -1.32286620e-03 ...  2.24093190e-03
   2.81476893e-03  2.63056604e-03]
 [ 1.01611204e-03 -6.40228391e-04 -3.88182886e-03 ...  8.52977857e-04
  -1.83488987e-03 -6.99894503e-04]]",101.3327206,-108.46357
reggae,85,1679.630956,39342.098,"[0.6724631190299988, 0.5669321417808533, 0.6479284763336182, 0.6042731404304504, 0.6866344213485718, 0.6170685887336731, 0.5930099487304688, 0.6882689595222473, 0.6272550821304321, 0.6154695153236389, 0.573118269443512, 0.638763964176178]","[[ 0.00177117  0.00230715  0.0008927  ... -0.00181495 -0.00518963
  -0.00136995]
 [-0.0045718  -0.00348996 -0.00136004 ... -0.00528175 -0.00472401
  -0.00472527]
 [ 0.00613113  0.00297984 -0.00070518 ...  0.01238442  0.00818924
   0.00450078]
 [ 0.00030219  0.00255226  0.00537576 ... -0.00242046  0.00041332
   0.00393624]
 [-0.00026838  0.00118622  0.00155228 ...  0.00238185  0.00292931
   0.00152121]
 [ 0.00064178  0.0010306  -0.00094208 ... -0.00352896 -0.0041596
  -0.0041544 ]]",114.84375,-105.18209
reggae,86,8255.395205,66748.266,"[0.807425320148468, 0.8038138151168823, 0.8665153980255127, 0.8073686957359314, 0.8390659093856812, 0.8367041945457458, 0.7280030846595764, 0.7488431334495544, 0.7453720569610596, 0.7745897769927979, 0.8190075755119324, 0.8773285150527954]","[[ 0.00286475  0.00203581 -0.00278054 ...  0.0028029  -0.00580327
  -0.00139459]
 [ 0.00012407 -0.00146421 -0.00044601 ...  0.00123822  0.00208631
   0.00097305]
 [-0.00093939  0.00350853 -0.00145482 ...  0.00045117 -0.00506072
  -0.00393269]
 [ 0.00139113  0.00367308  0.00593504 ...  0.02232424  0.0164878
   0.00990082]
 [ 0.00010684  0.0011472   0.00209035 ...  0.00017588  0.00271278
   0.00120719]
 [-0.00206593 -0.00181121 -0.00190354 ...  0.00525358  0.00132992
  -0.00190784]]",129.1992188,-65.44795
reggae,87,2385.92484,78434.164,"[0.60853111743927, 0.562112033367157, 0.6057806015014648, 0.5898370742797852, 0.6837270259857178, 0.44921237230300903, 0.490021675825119, 0.5942987203598022, 0.50847327709198, 0.5736041069030762, 0.5416485667228699, 0.6541392803192139]","[[ 2.72648820e-03  3.49601969e-04 -2.84026177e-03 ... -8.88623457e-03
  -2.69938886e-03  1.30545778e-03]
 [-2.54839470e-03 -6.11331681e-04  4.32842971e-04 ...  1.23190953e-02
   9.97553533e-03  5.91183411e-03]
 [ 7.36139715e-04  9.51617956e-04 -4.56584245e-03 ...  7.48221576e-03
   2.82894075e-03  4.61515784e-03]
 [ 5.09885699e-03  8.21741670e-03  7.13369250e-03 ...  1.48966163e-03
   2.28021294e-03  7.26937503e-03]
 [-3.87821025e-05  5.23127687e-04  1.86532525e-03 ...  3.71709725e-03
   5.38755381e-04  1.88846998e-03]
 [ 1.46121345e-03  1.79865584e-03  1.79844163e-03 ...  4.40793112e-04
  -4.45321202e-05  4.55034897e-04]]",109.9567819,-93.6553
reggae,88,3211.13497,62785.504,"[0.6113029718399048, 0.654113233089447, 0.5712881088256836, 0.6629258990287781, 0.6241376996040344, 0.6586788296699524, 0.5634850263595581, 0.5406351089477539, 0.699882984161377, 0.6361907720565796, 0.645551323890686, 0.532622218132019]","[[-5.48258496e-03 -8.62455960e-03 -1.18555405e-02 ... -2.44439242e-03
  -2.65387431e-03  2.53735703e-05]
 [-1.48535614e-03  1.55473587e-03  6.29765434e-03 ...  5.46660752e-03
   2.50564587e-03  1.29584070e-03]
 [-1.07453018e-03 -6.79110736e-03 -4.37080860e-03 ...  2.09364817e-02
   1.38543993e-02  4.28701937e-03]
 [ 8.44060630e-03  1.28782019e-02  1.74538419e-02 ...  1.52890384e-03
  -2.14480609e-03  3.11525166e-03]
 [ 2.88141246e-04  1.68701017e-03  9.17113973e-04 ...  5.45819782e-03
   2.48519365e-03  1.87901400e-03]
 [-4.77553718e-03 -3.57716531e-03 -2.26933323e-03 ... -6.79025985e-03
  -6.69571571e-03 -4.64175642e-03]]",107.6660156,-64.97221
reggae,89,685.8596953,52283.906,"[0.5637040734291077, 0.5475596785545349, 0.5521044135093689, 0.7504161596298218, 0.5717957019805908, 0.516373336315155, 0.46772050857543945, 0.580289363861084, 0.6968791484832764, 0.5637331604957581, 0.5106641054153442, 0.4431767761707306]","[[ 2.26253709e-03  6.23867493e-04  1.19023992e-03 ... -2.58358774e-03
  -2.96893841e-03  7.40005141e-04]
 [-5.71572808e-03 -5.39805616e-03 -3.87046077e-03 ... -4.02776704e-03
  -1.96690109e-03 -1.74890336e-03]
 [ 1.60893798e-03  4.42276150e-03  6.30931556e-03 ... -1.37548894e-03
   3.10722739e-03  1.15851313e-03]
 [ 7.10104406e-03  1.59586966e-03  8.33228230e-04 ...  8.56390595e-03
   9.13826376e-03  2.67648697e-03]
 [ 3.09147009e-03  2.27564577e-03  1.13792128e-03 ...  6.92817533e-03
   8.78821284e-03  7.02579034e-03]
 [-1.08820945e-03 -1.39498897e-03 -5.15932217e-04 ... -6.56642206e-03
  -3.45682912e-03  9.28826630e-05]]",147.65625,-118.99855
reggae,91,2012.795631,52667.992,"[0.6412043571472168, 0.6165918707847595, 0.6980069875717163, 0.5945291519165039, 0.5806495547294617, 0.5932032465934753, 0.5971188545227051, 0.6640901565551758, 0.5814207792282104, 0.7123081684112549, 0.6225535869598389, 0.6498990058898926]","[[ 3.96153008e-03  2.01406922e-03  4.81417155e-03 ... -6.10075780e-03
   3.37369915e-03  7.36148193e-03]
 [-8.31903379e-03 -6.11149916e-03 -4.62505181e-03 ... -8.40799012e-03
  -7.96871288e-03 -5.89977658e-03]
 [ 1.22865960e-02  1.71186477e-02  2.44552866e-02 ...  4.12141532e-03
   9.59903747e-03  1.07774958e-02]
 [ 1.18431747e-02  1.31463557e-02  1.02045834e-02 ... -1.86209530e-02
  -8.42429698e-03 -1.78828835e-04]
 [ 1.68482926e-03  5.92843202e-03  1.10072840e-02 ...  4.65281992e-05
  -1.33741957e-04  2.89870488e-04]
 [-2.30990350e-04 -5.27985394e-05  3.08588520e-03 ...  2.88516283e-04
   1.44661404e-03  3.00893374e-03]]",143.5546875,-76.95697
reggae,92,1948.85656,51431.41,"[0.6347364187240601, 0.611494243144989, 0.6952680349349976, 0.5903416872024536, 0.5720064640045166, 0.586342990398407, 0.5953685641288757, 0.6650402545928955, 0.5754734873771667, 0.7086742520332336, 0.6164387464523315, 0.6424912810325623]","[[ 9.65087747e-04  1.49411760e-03 -1.87780503e-03 ... -6.74021852e-03
  -9.81453929e-03 -5.41875087e-03]
 [-2.62704432e-03 -9.68587720e-04 -4.11953771e-03 ...  4.90244349e-03
  -3.73572980e-03 -6.12667318e-03]
 [ 2.29533762e-03  1.09338015e-03  2.82652676e-04 ... -1.16094425e-02
  -1.33318454e-03  4.82542813e-03]
 [ 4.91523743e-03  3.86495143e-03  5.78950346e-03 ... -2.25057453e-03
  -1.38303116e-02 -1.49676204e-02]
 [ 3.82596846e-03  5.13145191e-03  4.16229295e-03 ...  2.55599252e-03
   2.51522308e-03  2.64825528e-04]
 [-1.68140978e-05  1.33489817e-03 -2.54554115e-03 ... -1.78584084e-03
  -4.46432270e-03 -2.11234763e-03]]",143.5546875,-77.9281
reggae,93,1456.948244,67522.555,"[0.5527957677841187, 0.5115036964416504, 0.6468276381492615, 0.5255179405212402, 0.5582284927368164, 0.4593704044818878, 0.5480383038520813, 0.7292404174804688, 0.6041855216026306, 0.602931559085846, 0.5223069190979004, 0.6324664354324341]","[[ 0.00041956 -0.00113813 -0.00512628 ... -0.00058585 -0.00156378
   0.00032384]
 [-0.00144339 -0.00230821 -0.00449958 ... -0.00635903 -0.00406916
  -0.0032668 ]
 [ 0.00616219  0.00398415  0.0022513  ...  0.00211803  0.00199929
   0.00225987]
 [ 0.01044028  0.01723574  0.01051288 ...  0.00746743  0.00138378
   0.00049479]
 [ 0.00513515  0.0057982   0.00612165 ...  0.00166776  0.00203984
   0.0018739 ]
 [ 0.00230755  0.001327    0.0026694  ...  0.00133246 -0.00137529
  -0.00336136]]",120.1853198,-81.93452
reggae,94,1595.975281,54893.24,"[0.5700164437294006, 0.5481067299842834, 0.648796796798706, 0.7089837789535522, 0.5076115727424622, 0.4898394048213959, 0.4930320382118225, 0.5921215415000916, 0.6707608103752136, 0.6246693134307861, 0.7394213080406189, 0.6513162851333618]","[[ 0.00412423  0.00048187  0.00435362 ...  0.00302482  0.00193611
   0.00269396]
 [-0.00101009  0.00416789  0.00589809 ... -0.00088438 -0.00013765
  -0.00251183]
 [-0.00219074 -0.00901081 -0.0046476  ...  0.01077462  0.00365321
   0.00434862]
 [-0.00227156  0.00187144  0.00541995 ...  0.00814053  0.00853256
   0.00845576]
 [ 0.0018426   0.00136901  0.00334272 ...  0.00391101  0.00254186
   0.00242822]
 [-0.00382508 -0.00367268 -0.00208722 ... -0.00111183 -0.00099443
  -0.00086301]]",126.0480183,-119.828514
reggae,95,1488.301144,55248.977,"[0.8432057499885559, 0.6717174053192139, 0.656766414642334, 0.6640558242797852, 0.7527221441268921, 0.6667245030403137, 0.5897665619850159, 0.6694397926330566, 0.6464820504188538, 0.6942475438117981, 0.62529456615448, 0.7014667391777039]","[[ 4.95476894e-04  2.36489018e-03  1.91799188e-03 ... -6.01866139e-04
   1.06064919e-03  2.36616135e-05]
 [-1.76461810e-03 -2.38567717e-03 -4.64652412e-03 ... -1.04200672e-02
  -1.01860837e-02 -7.31725943e-03]
 [ 4.77322936e-03  6.20081276e-03  2.09123641e-03 ...  1.61431506e-02
   1.52593479e-02  3.95856053e-03]
 [ 5.93147427e-03  7.56993890e-04  4.84147668e-03 ... -1.80683285e-03
   1.50030851e-03  9.36926901e-03]
 [ 2.20417585e-03  9.41481432e-04  1.13002033e-03 ...  1.32331141e-03
   1.63289073e-03  2.17566595e-03]
 [ 1.00528076e-03  8.20312649e-04 -2.42292881e-04 ...  8.63885507e-04
   1.81322917e-04  1.79720856e-03]]",123.046875,-125.29178
reggae,96,1394.050292,40225.62,"[0.6613368988037109, 0.5714874863624573, 0.6292461156845093, 0.6259772181510925, 0.7218431830406189, 0.6763263940811157, 0.6811032295227051, 0.6999561786651611, 0.6062012910842896, 0.5855559706687927, 0.5471609830856323, 0.6386281251907349]","[[ 0.00325447  0.00423544 -0.00280662 ...  0.00975611  0.00807003
   0.00316179]
 [ 0.00307359  0.00558846  0.00543833 ... -0.00465423 -0.00450632
  -0.00557311]
 [ 0.00825884  0.00264951 -0.0063893  ...  0.00116372  0.00239877
   0.00214779]
 [ 0.01209227  0.02340172  0.02063806 ...  0.01507618  0.01308285
   0.01399309]
 [ 0.00135778 -0.00109928 -0.00154716 ...  0.00262853  0.00454159
   0.00512101]
 [-0.00247824 -0.0015838   0.00196245 ... -0.00896675 -0.01038936
  -0.0070391 ]]",117.4538352,-124.53456
reggae,97,1514.268202,45983.574,"[0.656518816947937, 0.49862074851989746, 0.4782889485359192, 0.4536406993865967, 0.5663223266601562, 0.5783284306526184, 0.40687844157218933, 0.461384654045105, 0.4829120934009552, 0.617322564125061, 0.484881728887558, 0.47180062532424927]","[[ 0.00235785 -0.00103378 -0.00548212 ... -0.00644187 -0.00394595
   0.00102455]
 [-0.00298255 -0.00197684  0.0004723  ... -0.01215314 -0.00906512
  -0.00683179]
 [ 0.00379837  0.00364415  0.0049952  ...  0.01544378  0.01847601
   0.01335369]
 [-0.00117634 -0.00792025 -0.01274221 ...  0.02079763  0.02114994
   0.02149506]
 [ 0.00391283  0.00482449  0.00462051 ...  0.00063727  0.00073102
   0.00187877]
 [-0.00222911 -0.00104328  0.00018144 ...  0.00318064  0.00226507
   0.00229769]]",120.1853198,-52.797318
reggae,98,1137.681821,64537.188,"[0.70504230260849, 0.593934178352356, 0.6856027245521545, 0.6854327321052551, 0.6439364552497864, 0.5780054926872253, 0.5654810667037964, 0.6625208854675293, 0.499698281288147, 0.48780256509780884, 0.506013035774231, 0.637330174446106]","[[ 0.00914123  0.01033057  0.01318701 ...  0.00449086  0.00119319
   0.00141576]
 [-0.00808949 -0.01255319 -0.01287954 ...  0.00294636  0.00215164
   0.0003613 ]
 [-0.00415064 -0.01042935 -0.01476253 ...  0.0091339   0.01048478
   0.00712864]
 [ 0.023359    0.02191937  0.01343609 ...  0.01883105  0.02385055
   0.01866756]
 [-0.0015967  -0.0021736  -0.00328948 ...  0.00838418  0.00566397
   0.00565512]
 [-0.00358373 -0.00177205 -0.0032879  ...  0.00165794  0.00470077
   0.00236154]]",120.1853198,-126.277054
reggae,99,2537.823709,61411.06,"[0.6285138130187988, 0.642372727394104, 0.5671219825744629, 0.6491012573242188, 0.7510971426963806, 0.6958369612693787, 0.562347948551178, 0.5929673314094543, 0.5667622089385986, 0.8312335014343262, 0.5624590516090393, 0.5088160634040833]","[[-2.26409905e-03 -7.88707764e-04 -1.01280154e-03 ... -1.26315933e-05
  -1.47822374e-03  6.06369536e-04]
 [-5.11751327e-03 -5.62055864e-03 -9.85091538e-03 ... -7.09372241e-04
  -4.63789764e-03 -1.37824880e-03]
 [ 1.98988244e-02  2.33642906e-02  1.49679556e-02 ...  1.94143057e-02
   2.13309601e-02  1.72677413e-02]
 [-3.89862806e-03  3.16835195e-03  1.37288123e-03 ... -5.86757809e-03
   2.74319202e-03 -8.69438052e-03]
 [ 2.36923126e-03  3.58874949e-03 -1.56718925e-04 ...  4.09413955e-03
   6.57811693e-03  5.19798253e-03]
 [ 8.18444416e-04  1.10708177e-03  3.60982493e-04 ... -1.36322156e-03
  -1.71553344e-03 -8.62069428e-04]]",117.4538352,-114.52536
rock,1,821.9561697,39795.79,"[0.5562507510185242, 0.5993651151657104, 0.6216964721679688, 0.6525770425796509, 0.7135810256004333, 0.5799447894096375, 0.566322386264801, 0.5678147077560425, 0.59128338098526, 0.6616652011871338, 0.5875860452651978, 0.6033399701118469]","[[ 0.00210612 -0.00275777 -0.00251394 ...  0.00046775 -0.0012446
   0.00223074]
 [ 0.00261074  0.00170933  0.0033939  ... -0.00155115 -0.00329329
  -0.00215177]
 [-0.00091355 -0.00621312 -0.00510342 ... -0.00656269 -0.00542717
   0.00037648]
 [ 0.0059402   0.01145665  0.01434989 ... -0.00649183 -0.00216183
  -0.00326762]
 [ 0.00132917  0.00207447  0.00152843 ...  0.00212578  0.00218054
   0.00359238]
 [-0.00302532 -0.00028825  0.00120054 ...  0.00017959 -0.00092244
  -0.00036548]]",120.1853198,-107.93526
rock,2,1185.61169,51532.74,"[0.7097271084785461, 0.6870998740196228, 0.8555396795272827, 0.6489920020103455, 0.606765627861023, 0.5821199417114258, 0.6047884225845337, 0.5901125073432922, 0.6791042685508728, 0.7862720489501953, 0.6502835750579834, 0.6812068819999695]","[[ 0.00802609  0.00853495  0.01254703 ...  0.00857873  0.00968671
   0.00811431]
 [-0.00588315 -0.00681782 -0.00580876 ... -0.00072348  0.00255281
   0.00082736]
 [-0.0105432  -0.0131912  -0.01179469 ...  0.00820114  0.00605528
   0.00444552]
 [ 0.00299542  0.00393447  0.0032514  ...  0.00983673  0.01457999
   0.01776414]
 [ 0.00155354  0.00038917 -0.00144465 ...  0.00185679 -0.00022504
   0.00243929]
 [-0.00166201 -0.00296703 -0.00472788 ... -0.00555171 -0.00537036
  -0.00372091]]",105.46875,-104.05279
rock,3,662.4512008,46730.832,"[0.6480109095573425, 0.560979962348938, 0.5414153933525085, 0.5700927972793579, 0.6653586626052856, 0.6447117328643799, 0.6348212957382202, 0.6788710355758667, 0.6675697565078735, 0.6350651383399963, 0.5497047305107117, 0.5512834787368774]","[[ 0.00468971  0.0055958   0.00185206 ...  0.00264179  0.00412589
   0.00597637]
 [-0.00478132 -0.00528853 -0.00646054 ...  0.00602738  0.00486508
  -0.00104311]
 [ 0.01138918  0.00506765  0.00365394 ...  0.00510798 -0.00867292
  -0.00662395]
 [ 0.0048994  -0.000552    0.0029192  ... -0.0033208  -0.00493207
   0.0007838 ]
 [ 0.00387285  0.0033771   0.00441214 ...  0.00667695  0.00354881
  -0.00190298]
 [-0.00067285  0.00026723 -0.00243245 ...  0.00121332  0.00145858
   0.00062627]]",93.96306818,-131.97034
rock,5,1305.089792,40235.312,"[0.8268391489982605, 0.6962549090385437, 0.6632301807403564, 0.5828494429588318, 0.6831530332565308, 0.49412471055984497, 0.5364864468574524, 0.5789966583251953, 0.5520235896110535, 0.667162299156189, 0.6109544038772583, 0.6865442991256714]","[[ 4.50923771e-04  1.44915692e-04 -1.22719392e-03 ...  4.17698894e-04
   3.96180439e-04  2.97251633e-03]
 [-7.70935586e-03 -7.48566841e-03 -5.27767106e-03 ...  2.70932725e-03
  -3.00031432e-04 -1.08756720e-04]
 [-3.17975879e-04 -2.42991745e-03  8.45029950e-04 ...  1.51134282e-02
   1.25032365e-02  1.15790218e-02]
 [-1.10216439e-04  2.76714563e-03 -1.25565380e-03 ...  1.69794261e-03
   4.58257645e-03  2.75198370e-03]
 [-3.92740974e-04 -2.39506341e-04  8.82829188e-04 ...  5.10053850e-03
   4.07870221e-03  3.29249759e-03]
 [ 4.11817804e-04  7.76685774e-05 -5.34396619e-04 ...  1.08121708e-03
   1.43753365e-04 -1.91561319e-03]]",132.5120192,-83.6921
rock,6,1509.328461,41666.26,"[0.5772694945335388, 0.668509304523468, 0.6443167328834534, 0.7381433844566345, 0.5647695064544678, 0.48912644386291504, 0.5455495715141296, 0.542954683303833, 0.6572902798652649, 0.5743911862373352, 0.5907291769981384, 0.5146060585975647]","[[ 4.37263633e-04  9.10567772e-05 -1.58262582e-04 ...  2.88344641e-03
   2.79069308e-03  1.21694479e-03]
 [-4.32425409e-03 -5.83024565e-03 -7.80938929e-03 ... -9.08311269e-03
  -2.72622064e-03 -2.81236337e-03]
 [ 9.01604444e-03  1.46206394e-02  1.30816922e-02 ...  3.96364182e-03
   1.06649920e-02  1.47803947e-02]
 [ 4.47245687e-03  9.41777229e-03  5.28091192e-03 ...  1.15491450e-03
   7.86571950e-03  7.16957450e-03]
 [ 4.22019349e-03  4.00779687e-03  5.27226247e-03 ... -4.83458381e-04
   8.65317396e-04  5.60112798e-04]
 [-9.23112035e-04 -2.62858905e-03 -1.99090317e-03 ...  1.68439746e-03
   1.95372850e-03  6.62628561e-04]]",114.84375,-72.50262
rock,7,716.0772693,39089.54,"[0.6687874794006348, 0.5819039344787598, 0.599437415599823, 0.5354688763618469, 0.7402818202972412, 0.6822479367256165, 0.5489648580551147, 0.5693482756614685, 0.5931121110916138, 0.6007788777351379, 0.4513416588306427, 0.5911822319030762]","[[-1.38499345e-03 -6.04819255e-04 -1.62992229e-03 ... -1.31777454e-03
  -1.42349442e-03  1.89524543e-03]
 [ 3.38111062e-03  5.40352955e-03  2.32004578e-04 ...  2.21901197e-04
   5.16853889e-04 -1.39459194e-03]
 [ 5.34571707e-03 -3.54576111e-03 -6.02600724e-03 ...  6.86286390e-03
   6.04552031e-03  2.69516557e-03]
 [ 9.35179740e-03  1.22982487e-02  1.78199336e-02 ...  1.26106292e-03
  -1.69945508e-03  2.98341364e-03]
 [ 1.90893052e-03  3.81146994e-03  3.99029476e-03 ...  6.03041853e-03
   5.32745623e-03  2.55555376e-03]
 [-3.33378650e-03 -1.50034390e-03 -7.30156898e-05 ... -4.78351861e-03
  -4.18693945e-03 -1.72511116e-03]]",120.1853198,-107.5896
rock,8,1412.937084,39652.383,"[0.6206012964248657, 0.7070940136909485, 0.6355145573616028, 0.642341136932373, 0.6245118379592896, 0.5775066614151001, 0.62758469581604, 0.7322134375572205, 0.7051151990890503, 0.7290154099464417, 0.6329712271690369, 0.6138617396354675]","[[ 6.28073148e-03  5.08745239e-03  2.67784510e-03 ...  8.81268454e-04
  -2.12275552e-03  5.49547442e-04]
 [ 4.00771846e-04 -3.46955331e-03  6.38515759e-05 ... -2.75008063e-04
   1.80132767e-03  2.66785170e-03]
 [-2.46572495e-03  5.37157059e-04  8.53694230e-03 ...  8.06958228e-03
   5.87241352e-03  7.35123456e-03]
 [ 1.97816268e-02  1.78394765e-02  7.61268288e-03 ...  6.24427199e-03
   8.43594968e-03  7.08942860e-03]
 [ 2.49020393e-03  2.76665345e-03  1.93454651e-03 ...  2.00599062e-03
   2.19168079e-03  2.85334779e-03]
 [-5.13888896e-04 -1.19244866e-03 -1.36841647e-03 ... -3.21943313e-03
  -5.29699586e-03 -3.12012620e-03]]",120.1853198,-83.27764
rock,9,672.6679988,45475.375,"[0.7998170256614685, 0.5720301866531372, 0.5786483287811279, 0.465127170085907, 0.5142803192138672, 0.6625601649284363, 0.744773805141449, 0.701087474822998, 0.48528042435646057, 0.48705610632896423, 0.37891677021980286, 0.5383782982826233]","[[ 0.00265653  0.00258909  0.00770128 ...  0.00728365  0.00710701
   0.0054606 ]
 [ 0.00397485  0.0021081   0.00062653 ...  0.00475562  0.00769227
   0.00569958]
 [-0.00723618 -0.00256708 -0.00012837 ... -0.0026392  -0.00579282
   0.00163619]
 [-0.00206553  0.00205951  0.00755405 ...  0.00058197 -0.00158251
   0.00288732]
 [ 0.00132282  0.00186178  0.0019109  ... -0.00349954 -0.00188811
   0.00101482]
 [-0.00522957 -0.00400877 -0.0030468  ...  0.00026715  0.0003411
  -0.00051079]]",151.9990809,-116.68262
rock,11,775.0410281,47062.594,"[0.5961431264877319, 0.4808911383152008, 0.5012286901473999, 0.5846496224403381, 0.4422033429145813, 0.4581330418586731, 0.45852842926979065, 0.646064043045044, 0.816566526889801, 0.6050764322280884, 0.5915794968605042, 0.5042462944984436]","[[ 0.0056299   0.00629575  0.0028104  ...  0.01123544  0.00530227
   0.00319258]
 [-0.00510948 -0.00425919 -0.00396643 ... -0.01097553 -0.00982709
  -0.01172993]
 [ 0.00447071  0.00332573  0.00355893 ...  0.00575013  0.01032586
   0.00574719]
 [-0.00097241  0.00271614  0.003396   ...  0.00709201  0.01069687
   0.00207365]
 [ 0.00179978  0.00279483  0.00221732 ...  0.0049178   0.00383632
   0.00263613]
 [-0.00196347 -0.00065645 -0.00212885 ...  0.00186333  0.0023376
   0.00383295]]",117.4538352,-127.19621
rock,13,537.5237244,51050.973,"[0.5332672595977783, 0.4789040684700012, 0.6484968662261963, 0.6458310484886169, 0.5620341300964355, 0.6822569966316223, 0.5107278823852539, 0.5610269904136658, 0.5106971263885498, 0.5974699258804321, 0.6894650459289551, 0.5512247085571289]","[[-0.0002576   0.00189634  0.00781456 ...  0.00768607  0.00759371
   0.00681899]
 [ 0.00453328  0.00502521  0.00446692 ... -0.00044799  0.00167319
   0.00501793]
 [-0.00456974 -0.00395462 -0.01098239 ... -0.0069165  -0.00596378
  -0.00523087]
 [ 0.00758506  0.00583528  0.00524284 ...  0.0166118   0.0149118
   0.01353239]
 [-0.0002265  -0.00040581  0.00138325 ...  0.00101566  0.00220896
   0.00035318]
 [-0.00177291 -0.0021803  -0.00311125 ... -0.00419927 -0.00317485
  -0.00145666]]",123.046875,-139.99841
rock,14,1396.706287,49027.81,"[0.6262203454971313, 0.5930600762367249, 0.6005465984344482, 0.5856988430023193, 0.5544141530990601, 0.5557514429092407, 0.7063955664634705, 0.6813164949417114, 0.6086651086807251, 0.5473077297210693, 0.6045529246330261, 0.7016243934631348]","[[ 0.00113054  0.00213615  0.00122788 ... -0.00049298  0.00239805
   0.00071732]
 [-0.00226332  0.00065165 -0.00227721 ... -0.00395538 -0.00372432
  -0.00213264]
 [ 0.01275852  0.01367931  0.01514889 ...  0.00765719  0.00700586
   0.00981672]
 [ 0.00934069  0.01585875  0.01191659 ... -0.00344697  0.00242997
   0.00098647]
 [ 0.00287401  0.00286195  0.00180952 ...  0.00411559  0.00137314
  -0.00064227]
 [-0.00080294 -0.00093949  0.00068866 ... -0.00034818 -0.00095929
  -0.00031102]]",156.6051136,-109.792305
rock,15,2128.389447,52409.832,"[0.6254923343658447, 0.594724178314209, 0.8007684350013733, 0.5488155484199524, 0.5096725225448608, 0.5238984823226929, 0.47167906165122986, 0.5677313804626465, 0.5404576063156128, 0.5871297717094421, 0.6160038113594055, 0.5727593302726746]","[[ 1.87028164e-04  2.42258125e-03  4.65288706e-03 ...  1.35796564e-03
   2.73285414e-03  7.52991539e-05]
 [ 1.32767144e-03  2.70228028e-03 -3.08230110e-03 ... -2.29509615e-03
  -5.66443267e-03 -6.71398823e-03]
 [ 4.19679284e-03  4.91954386e-04 -1.01759285e-03 ...  2.55902857e-03
  -9.27560031e-03 -9.38388705e-03]
 [ 1.48488283e-02  1.61329284e-02  1.32177249e-02 ...  7.65293092e-03
  -9.15147364e-04  1.66362524e-03]
 [ 3.02026472e-03  5.46091750e-03  4.46848476e-03 ...  3.01953882e-03
   1.00804753e-03  1.01525808e-03]
 [-4.49759886e-04  2.70878151e-03  4.08311002e-03 ...  4.01310623e-04
  -2.24732421e-03 -4.46654856e-04]]",120.1853198,-87.78617
rock,16,2172.453968,41756.49,"[0.6073994636535645, 0.6659998297691345, 0.6870360970497131, 0.6489303708076477, 0.7537325620651245, 0.7150343656539917, 0.734086275100708, 0.7959097623825073, 0.7413209080696106, 0.730702817440033, 0.6479043960571289, 0.6575350165367126]","[[ 5.40553932e-03  1.02948836e-02  6.39743299e-03 ... -1.87461921e-03
  -4.44002035e-03 -8.77966428e-04]
 [-1.35425487e-03 -3.51122751e-04  3.01898004e-03 ... -8.51415389e-03
  -4.70797936e-03 -7.46082698e-03]
 [-3.84549052e-03  1.52323395e-03  2.25914270e-03 ...  9.40664113e-03
   1.13554299e-02  8.36437941e-03]
 [ 7.59568065e-03  1.29267573e-04  4.41469252e-03 ...  2.08326727e-02
   1.97695419e-02  2.04210058e-02]
 [ 8.57149313e-03  7.71271200e-03  7.77514858e-03 ...  4.77983526e-04
   3.83022381e-03  4.03140295e-03]
 [ 5.23284078e-04  4.76028770e-04  2.54475512e-03 ... -1.90210901e-03
  -5.17070293e-06 -2.20385939e-03]]",123.046875,-81.90338
rock,17,2210.297705,42138.574,"[0.5472251176834106, 0.7057702541351318, 0.7815341949462891, 0.6136888265609741, 0.6970288157463074, 0.6300463080406189, 0.6792365312576294, 0.6551156044006348, 0.6894755959510803, 0.7911727428436279, 0.6081333160400391, 0.629997968673706]","[[-1.56688027e-03 -9.46683644e-04  2.79479075e-03 ... -6.46287758e-03
  -2.94305674e-03  1.60111773e-03]
 [ 1.66256847e-03  2.31549442e-03  7.06495307e-03 ... -2.30526285e-03
  -2.93443052e-04  7.88811142e-04]
 [-4.66538966e-03 -5.01986593e-03  2.39198655e-03 ... -5.89547306e-03
  -8.45472515e-03 -1.64658651e-02]
 [ 3.18043083e-02  2.97631472e-02  2.65434608e-02 ...  1.72806755e-02
   2.56715789e-02  2.35476568e-02]
 [-1.38003116e-03 -4.57374908e-03 -3.37562053e-03 ...  1.90822398e-03
   2.47153394e-03  3.38382475e-03]
 [-1.55223534e-03 -3.79480235e-03 -4.62454557e-03 ... -8.43256712e-05
   7.38775358e-04 -3.75623070e-03]]",120.1853198,-79.79391
rock,19,2000.948172,42926.098,"[0.6536557078361511, 0.6950744986534119, 0.6711031794548035, 0.6960262060165405, 0.7690986394882202, 0.7464374899864197, 0.7400889992713928, 0.7072828412055969, 0.8262926340103149, 0.7114812731742859, 0.6851947903633118, 0.7636026740074158]","[[ 0.00243739  0.00285824  0.00422004 ... -0.00135928 -0.00537195
  -0.00526759]
 [-0.00486009 -0.00368777 -0.00290538 ... -0.00626208 -0.00758331
  -0.00897234]
 [ 0.01678347  0.01488657  0.0067487  ... -0.00135667  0.00371193
  -0.00196418]
 [-0.00997052 -0.00480758 -0.00181521 ...  0.00560579  0.00888883
   0.01010827]
 [ 0.00722868  0.00535756  0.00522832 ...  0.00416506  0.00593723
   0.0041365 ]
 [ 0.00139294  0.00187335  0.00222794 ...  0.0064446   0.00809639
   0.01041611]]",120.1853198,-82.65467
rock,20,1943.118385,45226.273,"[0.5858049988746643, 0.5896906852722168, 0.6789602637290955, 0.8111400604248047, 0.6287060976028442, 0.614537239074707, 0.6232714056968689, 0.6879350543022156, 0.6823219060897827, 0.6849249601364136, 0.7758037447929382, 0.588202714920044]","[[-0.00059912 -0.00323633 -0.00264302 ... -0.00127358 -0.00217467
  -0.00216798]
 [-0.01018402 -0.01391753 -0.00840868 ... -0.00915725 -0.00916221
  -0.00840515]
 [ 0.00998697  0.01790702  0.02602579 ...  0.00484449  0.0064507
   0.00834586]
 [ 0.01669181  0.0224803   0.02479628 ... -0.00338306 -0.00184298
  -0.0040827 ]
 [ 0.00420918  0.00365348  0.00155296 ...  0.00741512  0.00596803
   0.00549402]
 [ 0.00514663  0.00189758  0.00062248 ...  0.00334463  0.00307862
   0.00407843]]",132.5120192,-63.34995
rock,21,2073.901283,43663.984,"[0.5895607471466064, 0.6585941314697266, 0.5822945833206177, 0.6716216206550598, 0.6538717746734619, 0.7524542808532715, 0.6905502080917358, 0.6437376737594604, 0.7798030972480774, 0.6453049778938293, 0.6112101674079895, 0.5519333481788635]","[[ 7.35270312e-03  6.75870832e-03  6.08649114e-03 ...  8.76487087e-03
   1.06669429e-02  8.56719981e-03]
 [-4.27746034e-03 -4.03307745e-03 -5.22617428e-03 ... -6.76926040e-03
  -8.38055123e-03 -7.21159420e-03]
 [ 1.27803609e-02  1.33401752e-02  1.39164776e-02 ...  6.54555112e-03
   8.30358267e-03  1.16874427e-02]
 [ 8.09937716e-04  8.01742077e-04  5.57155907e-03 ...  5.88230789e-04
   7.14346021e-03  1.24650598e-02]
 [ 7.72557807e-04  2.70017122e-03  4.05177960e-03 ...  4.66552146e-03
   5.44469942e-03  3.36563223e-03]
 [ 2.56223977e-03  2.08377838e-03  9.13232565e-04 ... -8.79038125e-05
   9.84219834e-04  1.12949684e-03]]",132.5120192,-54.006912
rock,23,1830.390403,40479.35,"[0.4692956209182739, 0.42534181475639343, 0.5780239701271057, 0.6169693470001221, 0.4999997615814209, 0.6397435069084167, 0.5694733262062073, 0.6179710626602173, 0.5418725609779358, 0.5339781641960144, 0.6431922912597656, 0.48573651909828186]","[[-0.00200067 -0.00327534 -0.00347258 ...  0.00273091  0.00118951
   0.00208109]
 [-0.00014456 -0.00219243 -0.00321235 ... -0.00744752 -0.00765605
  -0.00608648]
 [ 0.01008517  0.01151457  0.01009685 ...  0.02121183  0.01922715
   0.02059606]
 [ 0.0110023   0.01371145  0.01321476 ...  0.01250042  0.00714879
   0.00402025]
 [ 0.00060498  0.00359447  0.00231319 ...  0.00136461  0.00226108
   0.00114856]
 [-0.00102773 -0.00321843 -0.00371136 ...  0.00471559  0.00410554
   0.004632  ]]",147.65625,-42.898354
rock,24,2348.333555,41204.582,"[0.6229023337364197, 0.6259835362434387, 0.7518700361251831, 0.6097061634063721, 0.6527715921401978, 0.6234424710273743, 0.7989679574966431, 0.6604869961738586, 0.6539774537086487, 0.775109589099884, 0.6404393911361694, 0.667125940322876]","[[-0.00123558 -0.00067286 -0.00048735 ... -0.01317112 -0.01065655
  -0.01122172]
 [ 0.00158493  0.00272906  0.00663635 ...  0.00667965  0.00505044
  -0.00020437]
 [ 0.02780091  0.03125337  0.03239848 ...  0.01429598  0.01633263
   0.01559462]
 [ 0.00639223  0.00631417  0.00448989 ...  0.00937179  0.01285653
   0.01951569]
 [ 0.00663104  0.00801065  0.0087161  ...  0.00546068  0.00406777
   0.00484304]
 [-0.00051526 -0.00248342 -0.00299252 ... -0.0001739   0.00184759
   0.00079731]]",147.65625,-75.61374
rock,25,2614.37934,40567.082,"[0.6167147755622864, 0.5832690596580505, 0.6043378114700317, 0.6367377042770386, 0.6772624254226685, 0.6294012069702148, 0.6287718415260315, 0.7117547392845154, 0.7518529295921326, 0.8282787799835205, 0.7707647681236267, 0.6912671327590942]","[[ 0.00291554  0.00060312  0.00274149 ...  0.00333236 -0.00240378
  -0.00573567]
 [-0.00515687 -0.00232056 -0.00507102 ... -0.00102729  0.00101968
  -0.00362818]
 [-0.00643063 -0.00460228 -0.00824019 ...  0.00935668  0.01243488
   0.01456615]
 [-0.00447876 -0.0067115  -0.00958485 ...  0.01164862  0.01151061
   0.00527916]
 [ 0.00359101  0.00234631  0.00371996 ...  0.00060626  0.0037508
   0.00293615]
 [ 0.00041164 -0.00113899 -0.00562758 ...  0.00369721  0.002559
  -0.00119976]]",126.0480183,-63.994923
rock,26,1904.646561,42581.406,"[0.6724700927734375, 0.582282543182373, 0.7250816226005554, 0.5406565070152283, 0.5729197263717651, 0.6929491758346558, 0.6146904826164246, 0.7106370329856873, 0.6069917678833008, 0.6984202265739441, 0.6019511818885803, 0.57717365026474]","[[ 9.50249501e-04  5.05499861e-05 -1.27149491e-03 ... -2.14764466e-03
  -3.99950512e-03 -2.83716119e-03]
 [-6.42793600e-03 -2.79258827e-03 -7.41451640e-03 ... -4.32280275e-03
  -5.90196096e-03 -5.21157152e-03]
 [ 1.20229051e-02  1.93198994e-02  1.76904052e-02 ...  2.73246616e-02
   1.79478377e-02  1.01419166e-02]
 [ 4.95307148e-03  2.92557478e-03  6.78939372e-03 ...  8.89982283e-03
   1.33677498e-02  1.50437653e-02]
 [-1.85974070e-04  2.11801383e-03  4.56927758e-03 ...  5.19620812e-04
   3.69393961e-03  4.47536946e-03]
 [-8.38240609e-04  8.69972631e-04  2.28778832e-03 ...  3.16317566e-03
   1.65818445e-03  2.14068778e-03]]",112.3471467,-83.92996
rock,27,2090.416815,50692.184,"[0.5498712062835693, 0.5776416659355164, 0.5710594058036804, 0.6627051830291748, 0.5966187715530396, 0.7183380126953125, 0.6973064541816711, 0.5779993534088135, 0.6364436745643616, 0.6513729691505432, 0.7319620251655579, 0.6128823757171631]","[[ 0.00023849  0.00246988  0.00418363 ...  0.00498038  0.00426046
   0.00206116]
 [-0.0012153   0.00155481 -0.00064676 ... -0.01622971 -0.01266438
  -0.00782539]
 [ 0.00365759  0.0089456   0.00167055 ...  0.01562155  0.02583926
   0.01934789]
 [ 0.01630865  0.00867074  0.00983223 ...  0.02752768  0.03213969
   0.02811872]
 [ 0.00533874  0.00412269  0.00383274 ...  0.00422587  0.00479611
   0.00363944]
 [-0.00117593 -0.00298499 -0.00178038 ...  0.00146649  0.00272037
   0.00298139]]",129.1992188,-121.22063
rock,28,1428.732314,53537.438,"[0.6615684628486633, 0.6119173169136047, 0.6459646821022034, 0.6461971402168274, 0.5610984563827515, 0.7138740420341492, 0.5617526769638062, 0.6351812481880188, 0.7457939386367798, 0.7709769010543823, 0.8249512910842896, 0.6701047420501709]","[[ 2.16212952e-03  8.57748471e-03  7.42027834e-03 ... -4.64340444e-03
  -1.97235485e-03  2.83280664e-03]
 [ 8.62286066e-03  9.56206415e-03  6.09058238e-03 ...  9.79409144e-03
   9.85972858e-03  5.82207689e-03]
 [ 9.52109694e-05  5.89260459e-03 -2.65100598e-03 ...  2.09653378e-03
   3.49460542e-03  3.03879380e-03]
 [ 1.77735463e-02  1.68500468e-02  9.82584059e-03 ...  1.22606829e-02
   1.19759440e-02  1.06625110e-02]
 [ 5.11577260e-03  5.34959761e-03  3.80523693e-03 ...  6.88470234e-05
   2.40411612e-03  4.64007322e-03]
 [-1.12167001e-03 -1.21075474e-03 -9.42591578e-05 ... -6.93733990e-03
  -6.30978122e-03 -8.19301046e-03]]",135.9991776,-142.69093
rock,29,1565.002701,55431.707,"[0.7798272371292114, 0.7248217463493347, 0.741463840007782, 0.6095380187034607, 0.6392932534217834, 0.6481585502624512, 0.6790463924407959, 0.7090011835098267, 0.6128343939781189, 0.6927729845046997, 0.6438231468200684, 0.675603449344635]","[[-0.00140614 -0.00096614 -0.00054395 ... -0.00677346 -0.00950272
  -0.00947666]
 [-0.0053565  -0.00105766 -0.00300074 ... -0.00105391 -0.00421507
  -0.0053185 ]
 [ 0.00699606  0.00551566  0.00541206 ...  0.00878915  0.01067974
   0.0095864 ]
 [ 0.00071077  0.00478064  0.00202513 ... -0.00377827 -0.00790544
  -0.00990292]
 [ 0.00379563  0.00431496  0.00300651 ...  0.00648507  0.00606515
   0.00942449]
 [ 0.00058947 -0.00094295  0.00124948 ...  0.00011159  0.00242125
   0.0027883 ]]",126.0480183,-126.91146
rock,32,1747.969504,47879.156,"[0.6748562455177307, 0.5864988565444946, 0.6812838912010193, 0.5796417593955994, 0.6660889387130737, 0.5835959911346436, 0.5839816927909851, 0.5709328651428223, 0.5261518955230713, 0.6703948378562927, 0.5436171889305115, 0.6286198496818542]","[[-6.62362279e-04 -1.16068280e-03  1.18896220e-03 ...  2.68440557e-03
   1.00059187e-03  3.17501465e-05]
 [ 1.94259346e-03  1.70451770e-03  9.33950739e-04 ...  4.42138979e-03
   5.58152104e-03  3.30847238e-03]
 [-5.75128943e-03  5.09515405e-04  3.00731510e-03 ...  5.04230708e-03
  -4.27208096e-03 -2.23122537e-03]
 [ 2.06568092e-03  8.83111358e-03  1.73402727e-02 ...  1.45784467e-02
   9.16979462e-03  6.53786212e-03]
 [-1.32946054e-03 -3.52083807e-03 -1.50571086e-03 ... -1.54738040e-03
  -3.46706706e-03 -3.87921037e-03]
 [-1.41639821e-03  4.81083989e-05  3.16166505e-03 ... -3.20727006e-03
  -3.10534798e-03 -1.55454874e-03]]",120.1853198,-101.67145
rock,34,1875.583661,49390.92,"[0.737107515335083, 0.5414907336235046, 0.5526111125946045, 0.5299726724624634, 0.6607202291488647, 0.6577763557434082, 0.5745429396629333, 0.628767728805542, 0.6406468749046326, 0.7128727436065674, 0.532742440700531, 0.6530202031135559]","[[ 0.00833175  0.00998062  0.00898867 ... -0.01081837 -0.00934895
  -0.00768324]
 [-0.00403701 -0.00337902 -0.00254317 ...  0.00890981  0.00491649
   0.00673948]
 [-0.00161351 -0.00097656  0.00074656 ...  0.00019783 -0.00409245
  -0.00256795]
 [ 0.00140664 -0.00063729 -0.00682012 ... -0.01081397 -0.01373701
  -0.01632331]
 [ 0.00609252  0.00600237  0.0039755  ...  0.00142243 -0.00063244
  -0.00244968]
 [ 0.00049727  0.00292778  0.00326349 ... -0.00218297 -0.00208219
  -0.00576101]]",135.9991776,-129.36508
rock,35,654.5732757,56628.383,"[0.6330521106719971, 0.6594999432563782, 0.6828883290290833, 0.680728018283844, 0.7528117895126343, 0.6480981707572937, 0.6667451858520508, 0.5340536236763, 0.600726306438446, 0.6781986951828003, 0.6704234480857849, 0.8093425035476685]","[[ 0.00334063  0.00214003  0.0027169  ...  0.00494212  0.00466462
   0.00410938]
 [-0.00074894 -0.00337646 -0.00186772 ... -0.00182048 -0.00176315
  -0.00074197]
 [ 0.00500277  0.00782575  0.00974828 ...  0.01914294  0.02178864
   0.02303673]
 [ 0.01022544  0.01006848  0.00969165 ...  0.0024924   0.0030732
   0.01121128]
 [ 0.00228016  0.00440395  0.00444932 ...  0.00240303  0.00389442
   0.00340772]
 [ 0.00073677  0.00041123  0.00076315 ...  0.0025549   0.00390516
  -0.00057251]]",132.5120192,-142.3325
rock,36,2264.059971,53840.062,"[0.7058130502700806, 0.6229509711265564, 0.718053936958313, 0.633979856967926, 0.7192132472991943, 0.7738077044487, 0.6211124658584595, 0.659180223941803, 0.6724573969841003, 0.7448030114173889, 0.5961434841156006, 0.6291916370391846]","[[-0.00092024 -0.00780817  0.00230546 ...  0.00122392  0.00179795
   0.00333629]
 [-0.00170374 -0.00376155 -0.01000176 ... -0.00444402 -0.00883562
  -0.01019779]
 [ 0.0121808   0.02327386  0.01778485 ...  0.0078648   0.01389787
   0.01454638]
 [ 0.00805254  0.01139811  0.02018706 ... -0.00728098  0.00037811
   0.00073396]
 [ 0.00517737  0.00637333  0.00217223 ...  0.00422753  0.00686828
   0.00611364]
 [ 0.00207803  0.0005086  -0.00690542 ...  0.0023642   0.00142792
   0.00343894]]",135.9991776,-117.16275
rock,37,2406.962853,55064.234,"[0.7168480157852173, 0.6070154309272766, 0.6744993329048157, 0.65071040391922, 0.7790411114692688, 0.7364616394042969, 0.6860888600349426, 0.7524303793907166, 0.6249034404754639, 0.6383305788040161, 0.6633846759796143, 0.6724547743797302]","[[ 3.15981054e-03  1.30464052e-03 -5.18227421e-03 ... -6.16472132e-03
  -1.03504371e-03  6.30406580e-03]
 [-7.30474181e-03 -1.09527987e-02 -1.25491538e-02 ... -2.42325463e-03
   2.14984703e-03 -2.52316882e-03]
 [ 6.32634759e-03  3.69344652e-03  3.38984281e-03 ...  2.65203416e-03
   1.78884789e-02  8.68887454e-03]
 [ 7.56207108e-03  5.68713993e-03  6.98437542e-03 ...  8.02692026e-03
   7.27212429e-03  1.14095882e-02]
 [ 9.60770858e-04 -7.78061698e-05 -1.03360869e-03 ...  1.27047600e-04
  -5.29128412e-05  3.59805062e-03]
 [ 2.04509124e-04  1.42407231e-03 -1.08753890e-03 ... -1.17156655e-04
  -1.20141916e-03 -1.14927627e-03]]",129.1992188,-100.97406
rock,38,2294.697195,50125.047,"[0.6329835057258606, 0.6907768249511719, 0.6026203036308289, 0.5844460129737854, 0.5572219491004944, 0.6431479454040527, 0.7246566414833069, 0.6327410340309143, 0.7008301615715027, 0.6478157639503479, 0.6567571759223938, 0.6810300946235657]","[[ 7.73315888e-03  6.67383217e-03  4.03759785e-03 ...  8.83153925e-03
   6.15733915e-03  3.54850390e-03]
 [ 8.96745303e-03  4.97809867e-03 -8.45333584e-04 ...  9.58247101e-03
   8.98660026e-03  7.41245123e-03]
 [ 9.72211361e-04 -2.43861228e-03 -3.97550315e-03 ... -1.76079571e-03
  -5.89130819e-03 -3.37935984e-03]
 [ 1.67685077e-02  5.30227274e-03  6.23151660e-04 ...  2.85219401e-03
   1.99467689e-03  1.41783059e-03]
 [ 4.61253764e-03  2.22639788e-03  4.58728943e-03 ...  1.36895886e-03
  -2.61073462e-04 -4.57281026e-05]
 [-2.15099752e-03 -7.15851784e-04 -3.01410630e-03 ... -3.14433873e-03
  -3.42820026e-03 -2.37456337e-03]]",132.5120192,-89.41882
rock,40,2316.684912,54417.46,"[0.6505556702613831, 0.6953888535499573, 0.7284917831420898, 0.7187236547470093, 0.7174515724182129, 0.6357315182685852, 0.638057291507721, 0.7008456587791443, 0.6958726644515991, 0.6428070068359375, 0.5982954502105713, 0.649573028087616]","[[ 0.01173095  0.00516557  0.0001142  ... -0.00439913 -0.00140054
   0.00274136]
 [-0.00262796 -0.00357957 -0.00111323 ... -0.00017494 -0.00183379
   0.00200711]
 [-0.00505308 -0.00511701  0.00667064 ...  0.00171153  0.00253794
   0.00832471]
 [ 0.00032812  0.00397541  0.00193392 ...  0.01218032  0.0140314
   0.0077978 ]
 [ 0.00404942  0.00483407  0.00232215 ...  0.00613429  0.00344381
   0.00509356]
 [-0.00059232  0.00144972  0.00114192 ...  0.00643711  0.00218588
   0.00076107]]",112.3471467,-109.85375
rock,41,2466.423853,48771.816,"[0.7783558368682861, 0.5939233303070068, 0.5962424874305725, 0.5994182229042053, 0.6618717312812805, 0.6492105722427368, 0.6384838819503784, 0.722052812576294, 0.5438001155853271, 0.6524302363395691, 0.6902807354927063, 0.7658122181892395]","[[ 0.00676151  0.0061853   0.00159475 ...  0.00751676  0.00245376
  -0.00270919]
 [ 0.00199965 -0.00125448 -0.00574961 ...  0.01322427  0.00919285
   0.00569651]
 [-0.00425991  0.001438   -0.00377568 ...  0.00645041  0.00407607
   0.00488371]
 [-0.00623243  0.00110313 -0.00291903 ...  0.01511703  0.023566
   0.0198389 ]
 [-0.00534876 -0.00552673 -0.00444296 ...  0.00726091  0.00574165
   0.00500066]
 [-0.00317062 -0.00167657 -0.00494504 ...  0.00473087  0.00319191
   0.00342075]]",117.4538352,-85.65827
rock,42,2151.223195,54239.605,"[0.7201292514801025, 0.6515576839447021, 0.702576756477356, 0.6842370629310608, 0.7412428259849548, 0.6526480913162231, 0.6174493432044983, 0.6577053070068359, 0.649273693561554, 0.7604987621307373, 0.678557813167572, 0.7288424372673035]","[[ 0.00155481 -0.00080063  0.00391739 ...  0.00363753  0.00630524
  -0.00040748]
 [ 0.00110595  0.00053999 -0.00370229 ... -0.00169036 -0.00128511
   0.00132381]
 [-0.00252138  0.00085784  0.01448803 ...  0.0037309   0.00601988
   0.00503603]
 [ 0.00983825  0.0074445   0.00819132 ...  0.00443184  0.0101806
   0.01273527]
 [ 0.00526468  0.00096312  0.00270229 ...  0.00115954  0.00205805
   0.00193088]
 [ 0.00096064  0.0002076  -0.00102574 ... -0.00427267 -0.00223219
   0.00186101]]",107.6660156,-103.45578
rock,43,2443.526194,53787.24,"[0.6946280598640442, 0.7235797047615051, 0.6872903108596802, 0.6395995020866394, 0.6659338474273682, 0.5525330305099487, 0.5851660966873169, 0.7097089886665344, 0.6830336451530457, 0.7460278272628784, 0.6026005744934082, 0.599965512752533]","[[-3.40818472e-03 -5.84670072e-03 -1.48235901e-04 ...  3.88312707e-03
   4.01645982e-03  5.48946164e-03]
 [-1.22746221e-03 -1.96346220e-03  3.60640018e-03 ...  4.95987161e-04
  -9.75736611e-04 -3.76349755e-03]
 [ 1.47118345e-02  1.70552954e-02  1.94475949e-02 ...  9.42067057e-03
   1.09022856e-02  7.11362809e-03]
 [ 1.64383501e-02  1.75980255e-02  1.34865195e-02 ...  2.68875808e-03
   1.62626803e-03  4.49386984e-03]
 [ 6.45278567e-03  6.99636744e-03  7.85981041e-03 ...  3.81784490e-03
   3.61168775e-03  2.09677901e-03]
 [-5.13708964e-03 -4.69522178e-03 -4.78470139e-03 ...  3.11075337e-03
   8.87393951e-04  1.93696469e-05]]",117.4538352,-89.88899
rock,46,1872.174416,52160.496,"[0.5460933446884155, 0.6237998008728027, 0.5497254133224487, 0.505423367023468, 0.7761223316192627, 0.535000205039978, 0.5539016723632812, 0.6673803329467773, 0.6388193964958191, 0.7172636985778809, 0.5016118288040161, 0.5087479948997498]","[[-2.71348599e-04 -1.49002596e-03  6.63587634e-04 ...  4.50110297e-03
   6.93766456e-03  8.42588796e-03]
 [-8.30497737e-04 -1.39935561e-03 -2.72562428e-03 ...  2.62935816e-03
   5.37425482e-03  5.11400535e-03]
 [ 1.26651525e-02  1.46549195e-02  1.38560683e-02 ... -2.48578191e-03
  -3.15792114e-03  7.73678720e-03]
 [ 5.00109792e-03  9.97323543e-03  6.37274235e-03 ...  3.19433957e-03
   2.18449458e-02  1.67852491e-02]
 [ 2.20294344e-03  4.20022011e-03  3.54424412e-03 ... -1.22217984e-04
  -1.69472078e-05  2.37900663e-03]
 [ 7.20947981e-04 -1.35015883e-03 -8.30056146e-04 ...  3.12922522e-04
  -4.24115174e-03 -9.86704603e-04]]",135.9991776,-74.97845
rock,47,2440.609689,48832.887,"[0.666374683380127, 0.7036674618721008, 0.7506254315376282, 0.6896581053733826, 0.6897662878036499, 0.6752998232841492, 0.6739893555641174, 0.7833923697471619, 0.7538108229637146, 0.755091667175293, 0.7263442277908325, 0.693993091583252]","[[ 0.00450096  0.00128747  0.00364913 ...  0.0022711   0.00157372
   0.00172104]
 [ 0.01028602  0.01031561  0.00454009 ... -0.00406814 -0.00539734
  -0.00494065]
 [-0.00861899 -0.0090193  -0.00397729 ... -0.00358567 -0.00649857
  -0.00974476]
 [ 0.02528354  0.02200695  0.03211027 ... -0.0025758  -0.00076547
   0.00152064]
 [ 0.00516961  0.00523689  0.00320745 ...  0.00182911  0.00111746
   0.00092713]
 [-0.00131171 -0.00220448 -0.00336461 ... -0.00261735 -0.0029323
  -0.00548719]]",109.9567819,-108.338844
rock,48,1362.266806,45198.723,"[0.5187815427780151, 0.4849810004234314, 0.4610554575920105, 0.6390091180801392, 0.47972872853279114, 0.5194855332374573, 0.5536788105964661, 0.615264356136322, 0.7890444397926331, 0.6048829555511475, 0.6004323959350586, 0.5733951330184937]","[[-0.0021414  -0.00197289  0.0075404  ...  0.00267249  0.00486332
  -0.00012844]
 [-0.00573357 -0.00242687  0.00239268 ...  0.00923618  0.00098022
  -0.00340245]
 [-0.00156423 -0.00011774 -0.0037488  ...  0.02375724  0.01874457
   0.00743616]
 [-0.01393164 -0.00463925 -0.00108785 ...  0.00532591 -0.00242569
  -0.00179976]
 [-0.00113749 -0.00183437  0.00203319 ...  0.00885847  0.00452933
   0.00190109]
 [-0.00486439 -0.00775098 -0.00812662 ... -0.00025596 -0.00063876
  -0.00321547]]",132.5120192,-111.13737
rock,49,1280.50646,42549.98,"[0.5496806502342224, 0.7699784636497498, 0.47136107087135315, 0.5344384908676147, 0.7651853561401367, 0.6104321479797363, 0.7707046866416931, 0.5159355401992798, 0.5912558436393738, 0.5900678038597107, 0.5190921425819397, 0.6804773807525635]","[[ 3.96272476e-03  5.69202886e-03  8.00855754e-03 ...  1.05097462e-02
   8.25901705e-03  8.32299760e-03]
 [ 5.44334352e-05  2.88903853e-03  5.48851806e-03 ...  2.21781520e-03
  -1.99744059e-04 -1.55051141e-03]
 [ 7.12043792e-03  7.32369721e-03  8.51178169e-03 ...  3.67892534e-03
   7.52399862e-03  1.06037334e-02]
 [ 8.03935528e-03  7.31743127e-03  8.59623402e-03 ...  1.43056363e-02
   1.23504102e-02  1.25137493e-02]
 [-1.97917448e-04  1.78832240e-03  1.42289440e-03 ... -7.12666704e-04
  -9.72404521e-04  6.44110038e-04]
 [-1.02389045e-03 -9.05077904e-05  7.05424696e-04 ... -1.39721483e-03
  -2.96048634e-03 -2.63850391e-03]]",112.3471467,-112.74051
rock,50,709.7916149,53624.41,"[0.5653662085533142, 0.840540885925293, 0.5460140705108643, 0.5315042734146118, 0.525331437587738, 0.6342697739601135, 0.5389991998672485, 0.49899208545684814, 0.6475259065628052, 0.5041487216949463, 0.550279438495636, 0.5096267461776733]","[[ 2.46090554e-03  8.04001454e-03  9.31720896e-03 ...  3.69718111e-03
   9.72770466e-04  2.37280691e-03]
 [-5.40005060e-03 -6.20530549e-03 -7.91344690e-03 ...  1.94245645e-03
  -2.28526420e-03 -4.02738315e-03]
 [ 1.29007027e-02  1.53923184e-02  1.29037350e-02 ...  1.58302337e-02
   1.56145990e-02  1.17405429e-02]
 [ 7.38017261e-04  2.33292580e-04  4.68170643e-03 ... -1.38910860e-03
  -3.26328725e-03 -4.97097522e-03]
 [ 1.95676855e-03  1.49415140e-03  4.85723170e-04 ... -2.94261340e-05
   1.05875043e-03  5.52302178e-04]
 [-8.99309292e-04 -1.17636658e-03 -9.17561352e-04 ... -7.12333247e-04
  -6.47613779e-04  9.38994810e-04]]",123.046875,-124.05577
rock,51,1728.103753,57111.008,"[0.5666083097457886, 0.6962027549743652, 0.6098968386650085, 0.7773454189300537, 0.5863617658615112, 0.5501745343208313, 0.5382738709449768, 0.5894823670387268, 0.7981204390525818, 0.5590794086456299, 0.5177438855171204, 0.4799825847148895]","[[ 1.13656632e-03  1.72620622e-03  3.99672242e-03 ... -3.21518995e-03
  -1.13643890e-03  4.15165919e-04]
 [ 2.21600681e-03  5.44210309e-03 -2.90123646e-04 ...  3.35784789e-03
   4.13157052e-04  3.38701558e-03]
 [ 6.41677529e-03  1.15109831e-02  1.14198849e-02 ...  5.02466410e-03
   2.94568390e-03  1.19529814e-02]
 [ 1.72288790e-02  1.36082172e-02  1.01578385e-02 ...  4.95341420e-03
   1.44299790e-02  9.61160660e-03]
 [ 9.34709646e-04  1.29076555e-03  2.20564376e-03 ...  3.54630243e-03
  -7.38024605e-05  1.11840280e-03]
 [ 4.72087413e-05  1.87565945e-03  1.27750821e-03 ... -6.68982044e-04
  -7.87787139e-05 -1.48043223e-03]]",117.4538352,-107.320015
rock,52,1601.473215,58737.945,"[0.49765583872795105, 0.4540887773036957, 0.5264209508895874, 0.691239058971405, 0.48078733682632446, 0.49369901418685913, 0.6175240874290466, 0.6112735271453857, 0.7227333188056946, 0.5918177366256714, 0.5900952816009521, 0.6303906440734863]","[[ 0.00551484  0.00552397  0.00168613 ...  0.00908035  0.01007842
   0.00536006]
 [-0.00476149 -0.00569001 -0.00737849 ... -0.00343628 -0.00381065
  -0.00552465]
 [-0.00158883 -0.00304341 -0.00223526 ... -0.00426454  0.00070608
   0.00079119]
 [ 0.00611161  0.00448511  0.01206591 ... -0.00269228 -0.00689925
  -0.00242231]
 [ 0.00456189  0.00724929  0.00925645 ...  0.00433948  0.00413573
   0.0061858 ]
 [ 0.00273263  0.00308217  0.00323576 ...  0.00228023 -0.00165862
  -0.00045247]]",97.50884434,-93.19475
rock,54,2319.014668,46315.812,"[0.6947744488716125, 0.4863259196281433, 0.5976958274841309, 0.6257804036140442, 0.5631355047225952, 0.5401297807693481, 0.47948408126831055, 0.8196365237236023, 0.4642012119293213, 0.48469609022140503, 0.6355574131011963, 0.5686227679252625]","[[-0.00201281 -0.00447058 -0.00478649 ... -0.00917391 -0.01079191
  -0.00592672]
 [-0.00362776 -0.0002645   0.00110935 ... -0.00774643 -0.00551103
  -0.00719912]
 [ 0.00853387  0.0148177   0.01481336 ... -0.00258012 -0.00360941
   0.00146063]
 [-0.00298306  0.00310598  0.00495487 ...  0.00429423  0.00252622
   0.00127198]
 [-0.00064636 -0.00085863 -0.00070058 ... -0.00175855 -0.00195515
  -0.00093041]
 [-0.00115164  0.00059168  0.00312166 ... -0.00393564 -0.00104262
  -0.00072101]]",109.9567819,-91.897736
rock,55,1044.83034,64210.723,"[0.8321062922477722, 0.7204042077064514, 0.6080784797668457, 0.5625305771827698, 0.7688688039779663, 0.7002889513969421, 0.5983790755271912, 0.7448593378067017, 0.6189169883728027, 0.6921427249908447, 0.5483598113059998, 0.6408929824829102]","[[ 7.11256043e-03  6.17050131e-03  8.88991579e-04 ...  9.41367733e-04
   8.04376276e-05  4.89458831e-04]
 [-7.25937084e-04 -3.00699695e-04 -2.67938901e-03 ... -1.18598818e-03
  -3.37930159e-03 -4.33705727e-03]
 [ 1.96733326e-03  4.74938005e-03  3.35086882e-03 ...  4.75690514e-03
   3.11698765e-03  1.01473927e-02]
 [-7.09860772e-03 -4.71306592e-03 -2.81006098e-03 ... -1.00908503e-02
  -1.06754452e-02 -1.95121765e-03]
 [ 5.12387358e-03  6.33922357e-03  6.16909012e-03 ...  2.88163830e-04
  -1.73569347e-05  1.25906172e-03]
 [-5.79087064e-04 -1.24278292e-03 -8.86594877e-04 ... -7.00194389e-04
  -2.99610570e-03 -4.96859476e-03]]",129.1992188,-96.826584
rock,56,2756.50393,52759.258,"[0.6559966802597046, 0.6369668245315552, 0.6781996488571167, 0.7400742769241333, 0.9129658341407776, 0.7343705296516418, 0.7319393157958984, 0.7004772424697876, 0.7066919207572937, 0.7008969187736511, 0.6798540949821472, 0.7611777782440186]","[[-0.00015534  0.00150398  0.00133221 ... -0.00856308 -0.00642275
  -0.00923066]
 [ 0.00470512  0.00025953 -0.00412028 ...  0.00783269  0.00875154
   0.00724211]
 [-0.00543555 -0.00737303 -0.00764234 ...  0.00825016  0.01236058
   0.00224523]
 [ 0.00513189  0.00366718  0.00219792 ... -0.00072433  0.00441607
   0.00344084]
 [ 0.00179331  0.00292064  0.00182797 ...  0.00236805  0.00088445
   0.00358617]
 [-0.0059792  -0.0041756  -0.00552082 ... -0.00010688 -0.00275132
  -0.0010624 ]]",139.6748311,-113.64357
rock,57,2755.864886,53161.934,"[0.6469477415084839, 0.5504394769668579, 0.6958991289138794, 0.6301746964454651, 0.70006263256073, 0.6482622027397156, 0.638810396194458, 0.6478282809257507, 0.5380159020423889, 0.6815277338027954, 0.5520453453063965, 0.701086699962616]","[[-1.05702162e-03 -3.86020801e-03 -1.22409797e-03 ...  2.42720235e-03
  -3.53596397e-05  2.03881810e-03]
 [ 4.37780613e-04  3.47216445e-03  1.30489507e-03 ... -1.16283377e-04
   1.11327220e-03  3.40902461e-03]
 [ 8.98580253e-03  6.79918379e-03  4.18065488e-03 ... -1.29587203e-03
  -8.89793038e-03 -7.67885149e-03]
 [ 1.03727207e-02  1.19670630e-02  1.79266557e-02 ...  1.02451295e-02
   1.04433522e-02  1.76260248e-02]
 [ 4.83135438e-03  4.51086730e-03  3.64220434e-03 ...  3.36603228e-03
   5.78855384e-03  2.05472554e-03]
 [ 2.69643031e-03  4.01081890e-03  1.01397373e-03 ...  1.72360986e-03
   3.21390666e-03  1.76387653e-03]]",126.0480183,-73.86556
rock,58,1593.338328,52081.38,"[0.5975764989852905, 0.4397786855697632, 0.5968660116195679, 0.5247620940208435, 0.4504161477088928, 0.5121526718139648, 0.5270801186561584, 0.7393174767494202, 0.47748053073883057, 0.43986478447914124, 0.5031757950782776, 0.4847182631492615]","[[-0.00267827 -0.00537355  0.00185112 ...  0.00659567  0.01055602
   0.00825665]
 [-0.00742753 -0.00254032  0.00212552 ...  0.0028876   0.00027841
  -0.00209735]
 [-0.00772665 -0.00596406 -0.00422945 ... -0.01304848 -0.02113064
  -0.01587773]
 [ 0.01068283  0.01769561  0.02575272 ...  0.00825679  0.0093164
   0.00751425]
 [ 0.00220267 -0.00033524 -0.00098644 ...  0.00598317  0.00516248
   0.0049042 ]
 [-0.00030389 -0.00174991 -0.00896382 ...  0.00033749  0.00033221
  -0.00029154]]",114.84375,-70.86223
rock,59,1254.504406,54487.887,"[0.47634246945381165, 0.5416934490203857, 0.7337375283241272, 0.5483655333518982, 0.6178604960441589, 0.4265497326850891, 0.5150015950202942, 0.487204909324646, 0.4338461458683014, 0.5200389623641968, 0.4620111286640167, 0.627748966217041]","[[-0.00129468 -0.0027742  -0.00856251 ... -0.0033431   0.00150273
   0.0016595 ]
 [ 0.00255739  0.00404616  0.00746864 ... -0.00375567 -0.00311559
  -0.00063628]
 [ 0.00551681 -0.00117749 -0.00240032 ...  0.01791763  0.01944751
   0.01794595]
 [-0.00719285 -0.00626484 -0.00644413 ...  0.0030922   0.00408358
   0.00398417]
 [ 0.00210326  0.00112006 -0.00105408 ...  0.00748836  0.00687048
   0.00247067]
 [ 0.00436895  0.00371354  0.00404883 ...  0.00339705  0.00239896
  -0.00037204]]",114.84375,-83.170715
rock,60,2086.563346,55916.098,"[0.6436914205551147, 0.5389952659606934, 0.6436411142349243, 0.6078495383262634, 0.8015400767326355, 0.5672127604484558, 0.525316059589386, 0.6441826820373535, 0.5640863180160522, 0.7387253642082214, 0.5396405458450317, 0.6340938806533813]","[[ 0.00837502  0.00892588  0.00924698 ... -0.01308633 -0.01101248
  -0.00426627]
 [-0.00903966 -0.00833278 -0.00656275 ...  0.00839006  0.00564666
   0.00465163]
 [-0.00349355 -0.01076083 -0.01256084 ... -0.01148041 -0.00687838
  -0.00940727]
 [ 0.01029493  0.01270608  0.00879817 ...  0.01775713  0.0169213
   0.02052703]
 [-0.00030557 -0.00076191  0.00076714 ...  0.00263043  0.00310142
   0.00233097]
 [-0.00125105 -0.00211108 -0.00145847 ...  0.00039176  0.00038869
   0.00146569]]",117.4538352,-83.68287
rock,61,1022.763128,54650.613,"[0.45201754570007324, 0.4065573513507843, 0.5211254358291626, 0.5162540078163147, 0.7125287652015686, 0.4967521131038666, 0.45011210441589355, 0.4641093909740448, 0.4663604199886322, 0.7041703462600708, 0.45931264758110046, 0.48028045892715454]","[[ 0.00214125  0.00132502 -0.00192448 ...  0.00282276  0.00341592
   0.00473128]
 [ 0.00112981 -0.00079991 -0.00398728 ...  0.00119322  0.00320029
   0.00294511]
 [-0.00111619 -0.00212692 -0.00306796 ... -0.00294092 -0.00318577
  -0.00048974]
 [ 0.00867644  0.0111685   0.01266044 ...  0.00944474  0.00841971
   0.00842144]
 [-0.00063164 -0.00060659 -0.00107848 ...  0.00051992 -0.00115103
  -0.00123789]
 [-0.00207908 -0.00230112 -0.00389997 ... -0.00342642 -0.00254756
  -0.00290153]]",123.046875,-64.78083
rock,62,1642.955261,51945.46,"[0.4905589520931244, 0.5868949294090271, 0.5587725639343262, 0.6259210705757141, 0.619194507598877, 0.5329858660697937, 0.5225642919540405, 0.515177845954895, 0.5778328776359558, 0.4756338894367218, 0.5196053981781006, 0.5468364953994751]","[[ 0.0028374   0.00058918  0.0010405  ... -0.00449886 -0.00737832
  -0.0028396 ]
 [ 0.00256142  0.00035748  0.001055   ...  0.00848698  0.00845259
   0.0050012 ]
 [-0.00276584 -0.00418002 -0.00597431 ... -0.00030094 -0.00252767
  -0.00969606]
 [ 0.00407612  0.00532415  0.0016671  ... -0.00347773 -0.01280537
  -0.01014407]
 [-0.00086765  0.00044747 -0.00057771 ...  0.00187781  0.0018754
   0.00047858]
 [-0.0028366  -0.00226915 -0.00121287 ... -0.00272399 -0.00271037
  -0.0013736 ]]",123.046875,-74.485725
rock,63,865.5831369,47881.156,"[0.5948002934455872, 0.46696266531944275, 0.525184690952301, 0.49244847893714905, 0.5063284635543823, 0.4712519347667694, 0.4313630163669586, 0.6021047234535217, 0.5207039713859558, 0.37645888328552246, 0.4018220007419586, 0.466011106967926]","[[ 0.00272815  0.00123669 -0.00040553 ...  0.01148776  0.00748117
   0.00467136]
 [-0.0030901  -0.00512283 -0.00898569 ... -0.00808751 -0.01057835
  -0.01085404]
 [ 0.00141691 -0.00111796 -0.00305368 ...  0.00661452  0.00662374
   0.00771333]
 [-0.00108792 -0.00251494 -0.00442766 ... -0.00067405  0.00059329
   0.00301234]
 [ 0.00092857 -0.00036657 -0.0037743  ... -0.00091082  0.00057646
   0.00307757]
 [-0.00051135 -0.00043988 -0.00067251 ... -0.00609589 -0.00594705
  -0.00198639]]",126.0480183,-109.88622
rock,64,1597.276312,46497.625,"[0.6343415975570679, 0.5660374760627747, 0.6537178158760071, 0.5606778860092163, 0.6308145523071289, 0.6631546020507812, 0.6466213464736938, 0.6857467293739319, 0.5737553238868713, 0.65501868724823, 0.5768338441848755, 0.5764657258987427]","[[ 2.87241933e-03  6.03959162e-04 -7.27986555e-04 ...  9.50726498e-03
   8.25403329e-03  4.94087683e-03]
 [-1.92013704e-03 -4.10824113e-03 -3.66174590e-03 ...  1.84833760e-03
  -2.03358013e-03 -2.18630900e-03]
 [-7.04407692e-04 -4.67665493e-04  3.36661935e-03 ...  1.31770298e-02
   1.55405253e-02  9.23353434e-03]
 [ 7.96459615e-04 -4.08594310e-03 -6.64765388e-03 ... -9.95051861e-03
  -9.03169066e-03 -5.76066226e-03]
 [ 1.03483141e-03  1.13315296e-03 -3.45719167e-05 ... -5.29003881e-03
  -8.14642244e-03 -4.45744472e-03]
 [ 1.90345757e-03  7.69307837e-04 -1.58907473e-03 ...  1.84332579e-03
   2.47953460e-03 -9.78169963e-04]]",123.046875,-96.078896
rock,65,2059.416104,41577.39,"[0.6588622331619263, 0.6219229698181152, 0.5573595762252808, 0.6330059170722961, 0.600311279296875, 0.7204005122184753, 0.5947510600090027, 0.5893736481666565, 0.6153884530067444, 0.6874985098838806, 0.6798284649848938, 0.5876256227493286]","[[-0.01167744 -0.01170149 -0.00298645 ...  0.00729144  0.01240899
   0.01164916]
 [-0.00674739 -0.00393235 -0.0097621  ... -0.00065188 -0.00509629
  -0.01092938]
 [ 0.01867499  0.02498915  0.01482875 ...  0.01652027  0.00949618
   0.00911983]
 [-0.00647149  0.00056278  0.01043416 ... -0.0086199  -0.01472289
  -0.01224811]
 [ 0.00870649  0.00817952  0.00603556 ...  0.00060328  0.00230275
   0.00511282]
 [-0.00499415 -0.00423748 -0.00239756 ... -0.00026472 -0.00228509
  -0.00214024]]",126.0480183,-97.012985
rock,66,1638.040655,43858.164,"[0.5585534572601318, 0.5447234511375427, 0.6528058648109436, 0.5715042948722839, 0.6206638216972351, 0.6045565009117126, 0.6537185907363892, 0.6752603650093079, 0.5968883037567139, 0.6980170011520386, 0.5552957653999329, 0.5920574069023132]","[[-0.00333743 -0.00205934 -0.00024573 ...  0.00664707  0.00874968
   0.00680167]
 [-0.00376332 -0.00109402  0.00282917 ... -0.00871323 -0.00358227
  -0.00079489]
 [ 0.01304583  0.02047394  0.028257   ...  0.00473166  0.00981667
   0.00664429]
 [ 0.01295134  0.01010542 -0.00215559 ... -0.01392043 -0.02070154
  -0.01810879]
 [ 0.00435551  0.00726449  0.00971944 ...  0.00872631  0.00645668
   0.00644525]
 [-0.00172863  0.00072126  0.00362362 ...  0.00675719  0.00213847
   0.00046242]]",151.9990809,-95.40232
rock,67,1794.298758,46512.023,"[0.5718793272972107, 0.6305426955223083, 0.6495404839515686, 0.5604179501533508, 0.5908716320991516, 0.5880746841430664, 0.7587772607803345, 0.6473842263221741, 0.6309924721717834, 0.7039762139320374, 0.6318318247795105, 0.6665406227111816]","[[ 3.26038515e-03  4.41843466e-03  7.89540561e-03 ...  1.56914600e-04
   7.94010903e-03  9.86461669e-03]
 [-4.21624381e-03 -2.97078463e-03 -3.79607690e-03 ...  1.53495241e-03
  -6.80141793e-04 -1.31370034e-03]
 [ 1.31984502e-02  1.82360634e-02  3.90372425e-03 ...  1.10487938e-02
   1.58778504e-02  1.25887170e-02]
 [ 6.45001233e-03  1.34946704e-02  1.24407709e-02 ...  9.86066461e-03
   2.26357579e-02  2.59912163e-02]
 [-4.70637478e-05  8.58619813e-04  3.93011330e-03 ...  4.01359757e-03
   5.45096469e-03  5.79620315e-03]
 [ 1.88054889e-03  2.72466987e-03  2.85107642e-04 ... -1.34999864e-03
   1.58653595e-03 -9.34313983e-04]]",105.46875,-102.78584
rock,68,1683.470838,45876.14,"[0.5818657875061035, 0.5569456219673157, 0.5841540694236755, 0.5923953652381897, 0.7786964774131775, 0.6223903894424438, 0.6317352652549744, 0.6294826865196228, 0.6593990325927734, 0.7323321104049683, 0.6133669018745422, 0.7169271111488342]","[[ 2.02600341e-03  4.47850682e-03  4.30208618e-03 ...  5.10273217e-03
   2.65741613e-03 -1.02648681e-03]
 [ 3.79005036e-03  2.32334365e-03  4.58733925e-03 ... -4.55079821e-03
  -5.40750194e-03 -4.92521811e-03]
 [-2.71540135e-03  1.27918273e-03  1.43522024e-03 ... -2.14358419e-03
  -1.19782984e-03 -6.04316592e-05]
 [ 1.31913275e-02  2.21610814e-02  1.97669491e-02 ... -1.00281090e-02
  -5.47282398e-03  1.94928795e-03]
 [ 3.21629807e-03  1.24249520e-03 -1.44746511e-04 ...  9.04617948e-03
   8.24938326e-03  7.00100671e-03]
 [-6.22830912e-03 -4.34972160e-03  9.80716199e-04 ... -4.40969132e-03
  -4.18734550e-03 -3.80157679e-03]]",123.046875,-123.07422
rock,69,2169.941832,48240.51,"[0.4545993208885193, 0.46771472692489624, 0.47331157326698303, 0.4671935737133026, 0.6556979417800903, 0.5047527551651001, 0.5602854490280151, 0.610897421836853, 0.6576255559921265, 0.7723936438560486, 0.5503196120262146, 0.5948053002357483]","[[ 4.07739750e-03  1.98118857e-03  5.97986214e-03 ...  1.10929022e-02
   1.37707201e-02  9.88696308e-03]
 [ 7.67663446e-04  1.13364020e-03  2.85436351e-03 ...  7.85223410e-03
   4.94729515e-03  1.29492426e-03]
 [ 1.64301991e-02  1.45886987e-02  1.41854733e-02 ...  5.76112419e-03
   4.02982533e-03  7.20515102e-03]
 [ 4.59946692e-04 -4.36002761e-03 -1.72276050e-03 ... -6.41122460e-05
  -1.85826421e-03 -1.53752416e-03]
 [ 4.76562709e-03  5.78332095e-03  4.82838951e-03 ... -4.45337648e-04
  -3.69438160e-04  3.26494265e-04]
 [ 2.29799375e-03  3.43138166e-03  1.40217319e-03 ...  3.24686617e-03
   1.19828433e-03  1.16197392e-04]]",112.3471467,-60.08674
rock,71,1194.653745,51504.723,"[0.6845473647117615, 0.6421504020690918, 0.7839490175247192, 0.6692700982093811, 0.7137120962142944, 0.7087469696998596, 0.6670397520065308, 0.7084511518478394, 0.6534978151321411, 0.690446138381958, 0.5754120945930481, 0.5872107744216919]","[[ 8.35628938e-03  9.30839725e-03  8.56196591e-03 ...  6.53599651e-03
   8.78232002e-03  7.61958702e-03]
 [ 1.05474295e-02  7.43137762e-03  7.04102489e-04 ...  2.38673599e-03
   4.81236858e-03 -8.43125695e-04]
 [ 4.50725108e-03  3.28794122e-05  2.25768983e-03 ...  8.82367790e-03
   8.99285078e-03  1.23750195e-02]
 [ 9.08775628e-03  1.21923313e-02  1.10532269e-02 ...  2.04852596e-02
   2.52873152e-02  2.30443701e-02]
 [ 8.23147787e-04  1.66684967e-03  2.24419358e-03 ... -1.12245490e-03
  -1.61332062e-03 -5.30189830e-03]
 [-4.45810147e-03 -2.91896425e-03 -6.05159998e-03 ... -5.62431850e-03
  -4.39157896e-03 -6.97410479e-03]]",112.3471467,-109.176025
rock,72,1157.273462,51335.613,"[0.5640913248062134, 0.5647178888320923, 0.6645234823226929, 0.5663502812385559, 0.6081233024597168, 0.5596044659614563, 0.7086919546127319, 0.6782266497612, 0.5658290386199951, 0.7051026821136475, 0.5889507532119751, 0.6483128070831299]","[[-1.71115890e-03 -1.92648453e-03  6.89143842e-04 ... -2.96345698e-04
  -3.81817093e-03 -1.71379145e-03]
 [-2.50327942e-05 -1.97686788e-03 -4.05581722e-03 ... -5.06040330e-03
  -3.01733954e-03 -2.59334423e-03]
 [-3.61354649e-03 -1.90770626e-03 -3.90438735e-03 ... -1.75319649e-02
  -1.30749345e-02 -1.04373097e-02]
 [ 2.14379504e-02  2.18545869e-02  1.80685520e-02 ...  1.61931440e-02
   1.92268044e-02  1.69667080e-02]
 [-5.71675485e-04  2.58791896e-03  2.27753309e-03 ...  2.07287128e-03
  -1.08543107e-03 -1.89320281e-03]
 [-4.37165424e-03 -4.39787284e-03 -4.27746773e-03 ...  2.01214757e-03
  -1.03620254e-03 -3.88524309e-03]]",103.359375,-122.47909
rock,74,1139.823166,43118.242,"[0.6280173659324646, 0.5324834585189819, 0.62758469581604, 0.5767320394515991, 0.6911447048187256, 0.4980294108390808, 0.5679567456245422, 0.7569584250450134, 0.6520815491676331, 0.7503788471221924, 0.5821977257728577, 0.6937081217765808]","[[-0.00468805 -0.0046053  -0.00381935 ... -0.01109684 -0.01074274
  -0.00847889]
 [-0.00891547 -0.01024426 -0.00845968 ...  0.00180178  0.0015595
   0.00281874]
 [ 0.00134102  0.00541361  0.00569738 ...  0.00152534  0.0024939
   0.00114263]
 [ 0.01331998  0.01195908  0.02039421 ... -0.0149543  -0.01871797
  -0.01084663]
 [ 0.0045832   0.00579447  0.00448549 ...  0.0017631   0.00083342
   0.00064476]
 [ 0.00678944  0.00767438  0.0077374  ... -0.00438789 -0.00634
  -0.00616128]]",112.3471467,-120.93947
rock,75,1541.736172,54407.438,"[0.6127635836601257, 0.6018995642662048, 0.5937739014625549, 0.6065459251403809, 0.6892074942588806, 0.6165534257888794, 0.6337133646011353, 0.6655481457710266, 0.6615251302719116, 0.7106448411941528, 0.6236639618873596, 0.6595016121864319]","[[ 0.00242741  0.00075144  0.00330012 ...  0.00412638  0.00236774
   0.00579086]
 [-0.00024567 -0.00093976  0.00056833 ... -0.0008675  -0.00715368
  -0.00145953]
 [ 0.01391643  0.01151057  0.00707022 ...  0.00367385  0.00963285
   0.02664489]
 [-0.00067235 -0.00326695 -0.00150155 ...  0.00159768  0.01663502
   0.01844159]
 [ 0.00284331  0.00533004  0.00587482 ...  0.00154163  0.00144701
   0.00224616]
 [ 0.0035339   0.00427589  0.00607971 ...  0.00461045 -0.0027688
  -0.00158768]]",120.1853198,-102.28154
rock,78,997.1634152,47206.574,"[0.6749367713928223, 0.5611625909805298, 0.6347545981407166, 0.5105721354484558, 0.5572980642318726, 0.5187222361564636, 0.531244695186615, 0.6148753762245178, 0.5359864830970764, 0.638508141040802, 0.5275045037269592, 0.580683171749115]","[[ 3.22680369e-03  1.96492094e-03 -3.75940266e-03 ... -3.11303791e-05
  -1.64725298e-03 -3.05234271e-03]
 [-3.59682612e-03 -1.42363518e-03  1.69328462e-03 ...  6.22706983e-04
  -5.17070731e-03 -7.85477551e-03]
 [ 9.54861194e-03  1.27571821e-02  2.15626135e-02 ...  1.35519356e-03
   1.58913434e-03 -1.22747570e-03]
 [ 1.84042007e-03  1.78877264e-03 -3.24339420e-03 ...  7.12262839e-03
   4.32788581e-03  3.24030221e-03]
 [ 1.71740094e-03  2.54480730e-03  6.48725434e-03 ... -6.61805724e-04
   1.30153781e-03  3.06055990e-03]
 [-4.22205776e-04  1.19282119e-03  2.23505870e-03 ... -1.33169815e-04
  -8.83415341e-04  7.13361427e-04]]",97.50884434,-119.26056
rock,79,1713.458577,46875.984,"[0.5689244866371155, 0.6332719326019287, 0.7266671657562256, 0.5556529760360718, 0.631397545337677, 0.5804601311683655, 0.7240604162216187, 0.7142888307571411, 0.5569375157356262, 0.5997585654258728, 0.5580044388771057, 0.6401402354240417]","[[-0.01057218 -0.01294444 -0.00981527 ...  0.00254722 -0.0013039
   0.00112327]
 [-0.00148298 -0.00119137  0.00162329 ... -0.00368991 -0.00155006
  -0.00226382]
 [ 0.02103028  0.02432182  0.01976699 ...  0.00133983  0.00461026
   0.00072943]
 [ 0.01619373  0.01387008  0.00641423 ...  0.00703292  0.0022287
   0.00601149]
 [ 0.00409518  0.00486684  0.008235   ...  0.00115658  0.00059126
   0.00184566]
 [-0.00059063 -0.00301375  0.00174766 ...  0.00177442 -0.00036489
   0.00101211]]",126.0480183,-78.25652
rock,81,2278.051507,47246.93,"[0.6261827349662781, 0.5535571575164795, 0.6202266216278076, 0.6607841849327087, 0.5295177102088928, 0.6116152405738831, 0.5800777673721313, 0.6414917707443237, 0.598426878452301, 0.6189731955528259, 0.6008741855621338, 0.5148807168006897]","[[-0.00201247 -0.00225782  0.00065386 ... -0.00638997 -0.00572345
  -0.00407495]
 [-0.00937894 -0.01333742 -0.01278793 ... -0.01158283 -0.01073676
  -0.0044601 ]
 [ 0.00076489  0.00209747  0.00390109 ... -0.00095201  0.00125004
   0.00221098]
 [ 0.00522753  0.00643317  0.01238906 ...  0.00462197  0.00417357
   0.00901466]
 [ 0.00322106  0.00350176  0.00258607 ...  0.00029874  0.00087994
   0.00327017]
 [-0.0018975  -0.00119151 -0.00136637 ...  0.00356547  0.0017387
  -0.00064657]]",117.4538352,-48.068634
rock,82,3089.659097,44253.86,"[0.6968287825584412, 0.5606221556663513, 0.5707530975341797, 0.5164555311203003, 0.6382075548171997, 0.5995256304740906, 0.5797809958457947, 0.6578015089035034, 0.5950616002082825, 0.7034186720848083, 0.6182839274406433, 0.7347605228424072]","[[ 0.00283662  0.00475546  0.00395136 ...  0.00163544  0.00296906
   0.00028251]
 [-0.00485687 -0.00482192 -0.00821257 ...  0.00203528 -0.00142818
  -0.00725953]
 [ 0.01743789  0.01286503  0.01272029 ...  0.00804696  0.01193674
   0.01469034]
 [ 0.00363656  0.00172942  0.00703765 ...  0.00883336  0.01068853
   0.00629626]
 [ 0.00668058  0.00576115  0.00393177 ...  0.00185851  0.00231867
   0.00190092]
 [ 0.00290509  0.00028176  0.00042952 ...  0.00203925  0.00431279
   0.00372843]]",129.1992188,-62.914845
rock,84,2242.440061,45559.734,"[0.5764128565788269, 0.5604587197303772, 0.6818018555641174, 0.49965640902519226, 0.6161280274391174, 0.49787241220474243, 0.5777643322944641, 0.697440505027771, 0.5567409992218018, 0.6437931060791016, 0.5920759439468384, 0.6631609797477722]","[[ 0.00171636 -0.00338942 -0.00950335 ...  0.01088767  0.00424933
   0.00196606]
 [-0.00203597 -0.00695121 -0.00782441 ...  0.00980473  0.00861184
   0.00230467]
 [ 0.0121562   0.00664315 -0.00517375 ...  0.01729765  0.02140433
   0.0199137 ]
 [ 0.00317098  0.01636145  0.01697817 ...  0.03643674  0.03618176
   0.02800776]
 [ 0.00030364  0.00079204 -0.00059132 ... -0.00701771 -0.00268898
   0.00059525]
 [ 0.00330921  0.00228405  0.00280917 ... -0.00033915  0.00269238
   0.00115721]]",129.1992188,-74.88532
rock,85,2030.228268,42237.516,"[0.6771905422210693, 0.4750763773918152, 0.5627265572547913, 0.4392367899417877, 0.5396135449409485, 0.64827960729599, 0.4878879487514496, 0.5518366694450378, 0.49015262722969055, 0.5950126647949219, 0.5470454692840576, 0.5631471276283264]","[[-0.00070994  0.00177629  0.00355294 ... -0.00829445 -0.00707794
  -0.0039447 ]
 [-0.00275984 -0.00150634 -0.00471723 ... -0.00149603 -0.00399397
  -0.00189996]
 [ 0.00594875 -0.0052367  -0.00525035 ... -0.00241729 -0.00252815
  -0.00418338]
 [ 0.00534523  0.01230976  0.00577519 ...  0.00109937  0.00094531
  -0.00254383]
 [ 0.00134664  0.00148157  0.00348136 ...  0.00234269  0.00206994
   0.00101047]
 [-0.00052645  0.00213375 -0.00042699 ...  0.00386693  0.00596155
   0.0044046 ]]",132.5120192,-71.347305
rock,86,2576.92785,47448.293,"[0.5641329288482666, 0.6304150223731995, 0.6613528728485107, 0.6187201738357544, 0.7193755507469177, 0.6353311538696289, 0.6430336236953735, 0.5703386068344116, 0.6261051893234253, 0.7364838719367981, 0.6363016963005066, 0.6254264116287231]","[[ 0.00484013  0.00337086  0.00775162 ...  0.00359717  0.00095852
  -0.00112012]
 [-0.00175478 -0.00092968  0.00142311 ... -0.0050341  -0.00358719
  -0.00241705]
 [-0.00057191 -0.00428353  0.00315882 ... -0.00137801  0.00226092
  -0.00071141]
 [ 0.02451672  0.02746776  0.02309702 ...  0.00338568  0.00530711
   0.00609222]
 [-0.00363192 -0.00192436 -0.00191522 ...  0.00193309  0.0005557
   0.00018878]
 [-0.00549935 -0.00715163 -0.00749723 ... -0.00245888 -0.00257256
   0.00022269]]",132.5120192,-60.48127
rock,87,1998.543296,41886.887,"[0.5614954829216003, 0.5690759420394897, 0.7541911602020264, 0.6028416156768799, 0.7066824436187744, 0.5281457304954529, 0.61431485414505, 0.7822041511535645, 0.6418687105178833, 0.6081260442733765, 0.5379444360733032, 0.6870558261871338]","[[-0.0031963  -0.00574629 -0.00183622 ... -0.01177556 -0.01001184
  -0.0075837 ]
 [-0.00111806 -0.00252905 -0.00453995 ...  0.00159896  0.00307565
  -0.00458922]
 [ 0.00603752 -0.00204241 -0.00070519 ...  0.00090988 -0.00083029
  -0.00635603]
 [ 0.00675683  0.00358926  0.00725278 ...  0.01843315  0.02303529
   0.02100483]
 [ 0.00109717  0.00114826  0.0009598  ...  0.00099     0.00268591
   0.00180132]
 [ 0.00308611  0.00496018  0.00483773 ...  0.00617255  0.00583127
   0.00553096]]",132.5120192,-94.223625
rock,88,2803.470728,43169.797,"[0.6766876578330994, 0.6494134664535522, 0.724667489528656, 0.6665664911270142, 0.6762296557426453, 0.6428995132446289, 0.5861564874649048, 0.6374923586845398, 0.656225860118866, 0.7065065503120422, 0.5865098237991333, 0.619986355304718]","[[ 0.00315224 -0.00037909 -0.00178558 ...  0.00746793  0.00649908
   0.01163363]
 [-0.00425782 -0.00244428 -0.00101668 ...  0.00238313  0.00151669
   0.0059511 ]
 [ 0.00991224  0.00804387  0.00853318 ...  0.01009209  0.01923219
   0.01755482]
 [ 0.00422244  0.00569709  0.01060969 ...  0.01295009  0.01081374
   0.01732691]
 [-0.00235563 -0.00219272 -0.00010724 ...  0.00326037  0.00194966
   0.0017651 ]
 [-0.00231081 -0.00711816 -0.0076012  ... -0.00206292 -0.00214876
  -0.00211871]]",123.046875,-64.329124
rock,89,1117.822083,48677.04,"[0.4971574544906616, 0.4783170819282532, 0.669508159160614, 0.5043558478355408, 0.5590497255325317, 0.46799057722091675, 0.6171615123748779, 0.585955023765564, 0.5010873675346375, 0.6299904584884644, 0.5375431180000305, 0.6527794003486633]","[[ 0.00399246  0.00331286  0.0004784  ... -0.00162964 -0.004795
  -0.00123268]
 [-0.00040002  0.0009158   0.00164015 ... -0.00439961 -0.00288873
  -0.00277397]
 [ 0.00672527  0.00632193  0.00966652 ...  0.00049555  0.00108638
   0.00569389]
 [ 0.00762565  0.01211028  0.01724395 ...  0.00462355  0.00567818
   0.00761502]
 [ 0.00021981  0.0006639   0.00133284 ...  0.00311685  0.00405642
   0.00295479]
 [ 0.00156703  0.00256665  0.00246815 ... -0.00036404  0.00016322
  -0.00060931]]",109.9567819,-100.95271
rock,91,2418.693068,45071.62,"[0.6145281791687012, 0.663878858089447, 0.6557685136795044, 0.6973074078559875, 0.7571319937705994, 0.613414466381073, 0.7085359692573547, 0.6243531703948975, 0.6891161203384399, 0.7758746147155762, 0.6835646033287048, 0.779165506362915]","[[ 0.00969797  0.00846861  0.0061007  ...  0.00576936  0.00832281
   0.00595833]
 [-0.00071319  0.00709138  0.01174447 ...  0.00066051  0.00428331
   0.00034808]
 [ 0.01297424  0.01593255  0.01308139 ... -0.00546136  0.00287693
  -0.00099255]
 [ 0.01653131  0.01605004  0.01690818 ...  0.01546721  0.01446939
   0.00846574]
 [ 0.00133733  0.00578838  0.00736239 ...  0.00339515  0.00202804
   0.00344188]
 [-0.00197177 -0.00158547 -0.00282855 ...  0.00229554  0.00172205
  -0.00236187]]",143.5546875,-96.71391
rock,92,2516.069173,43332.98,"[0.7811184525489807, 0.6476765275001526, 0.6044897437095642, 0.7531818747520447, 0.6281454563140869, 0.6850296854972839, 0.5802695155143738, 0.6240451335906982, 0.6991075277328491, 0.6381140947341919, 0.7926416993141174, 0.6933272480964661]","[[-0.0008973  -0.00106566  0.00463044 ...  0.00431976  0.00220516
   0.00506464]
 [-0.00677954 -0.00586748 -0.00804196 ... -0.00805587 -0.0084868
  -0.00665281]
 [ 0.00639863  0.00721214  0.01554392 ...  0.01474179  0.01141004
   0.00716473]
 [ 0.00182582 -0.01002642 -0.00255264 ... -0.00252622 -0.00338651
  -0.00829813]
 [ 0.00543099  0.00481046  0.00310816 ...  0.002732    0.00129306
   0.00235938]
 [-0.00204028 -0.00127314  0.00147484 ...  0.00182037 -0.00093167
  -0.00150846]]",132.5120192,-75.55129
rock,93,1501.067457,41067.816,"[0.5279006958007812, 0.588338315486908, 0.4486103951931, 0.5177326202392578, 0.43670809268951416, 0.5748446583747864, 0.8808713555335999, 0.5481978058815002, 0.542943000793457, 0.45867425203323364, 0.5837624073028564, 0.6706446409225464]","[[ 0.00350584  0.0049312   0.00516542 ...  0.00898406  0.0111355
   0.01028785]
 [-0.0014049  -0.00433385 -0.00589268 ...  0.00687967  0.00793083
   0.00628832]
 [ 0.02954789  0.02636155  0.02230423 ...  0.0190277   0.02314027
   0.01887519]
 [ 0.00820635  0.01192445  0.01592603 ...  0.00451346  0.00325723
   0.01237389]
 [ 0.00429063  0.00408548  0.00353271 ...  0.00355911  0.0028886
   0.00392069]
 [-0.00252899 -0.00227414 -0.00227531 ...  0.00067555  0.00093598
  -0.00052108]]",103.359375,-114.59206
rock,94,2361.576493,41993.516,"[0.5796168446540833, 0.7206483483314514, 0.584191083908081, 0.5857809782028198, 0.5874287486076355, 0.7123144865036011, 0.9325958490371704, 0.7015393376350403, 0.6253980398178101, 0.5644738078117371, 0.7556005716323853, 0.6817038059234619]","[[ 0.00339636  0.00274808  0.00336653 ... -0.00071433 -0.002967
  -0.00215438]
 [-0.00525158 -0.00811325 -0.00700357 ... -0.00052281 -0.00048236
  -0.00499782]
 [ 0.01549396  0.01433995  0.02034952 ...  0.00979353  0.00506987
   0.00370126]
 [ 0.00526233  0.00675277  0.01014724 ...  0.00079443  0.00332967
   0.01107507]
 [-0.00099288  0.000681    0.00040873 ...  0.00203172 -0.00090681
  -0.00123501]
 [ 0.00318262  0.00371955  0.00267613 ...  0.00058143  0.00151769
   0.00134008]]",112.3471467,-112.72737
rock,95,1270.439728,44066.004,"[0.4485420286655426, 0.625270664691925, 0.8534402847290039, 0.57152259349823, 0.6056278944015503, 0.5133472681045532, 0.6486901640892029, 0.6278306245803833, 0.5137323141098022, 0.6974129676818848, 0.5255928635597229, 0.4975362718105316]","[[-0.00114859  0.00227203  0.00676555 ...  0.00634955  0.00296646
   0.00152406]
 [ 0.0045508   0.00348019  0.00243333 ... -0.00221368 -0.00269347
  -0.00066204]
 [-0.00346997 -0.0054884  -0.00663663 ... -0.02125969 -0.01907507
  -0.01268251]
 [ 0.00975218  0.01276474  0.01002876 ...  0.02466538  0.03015193
   0.02163136]
 [ 0.002032    0.00246984  0.00167147 ...  0.0046985   0.00555349
   0.0002354 ]
 [-0.00025625 -0.00255067 -0.00076063 ... -0.00361918 -0.00407987
  -0.00284406]]",135.9991776,-109.01553
rock,96,1394.319473,41711.695,"[0.5481470227241516, 0.7658575177192688, 0.605687141418457, 0.624002993106842, 0.8242598176002502, 0.5845649242401123, 0.5604356527328491, 0.5211648941040039, 0.7163876891136169, 0.7998245358467102, 0.5472354888916016, 0.5911027789115906]","[[ 4.82532421e-03  4.78120445e-03  5.07518511e-03 ...  1.14066866e-02
   1.44941317e-02  1.17911039e-02]
 [-3.62203061e-03  4.23804657e-03  9.05845481e-03 ... -1.22257540e-05
   9.97620922e-04 -2.76950714e-03]
 [ 5.36961108e-03  1.50015205e-02  1.75597742e-02 ... -1.31051242e-03
  -4.35294956e-03  1.10009685e-02]
 [-5.95515966e-03 -9.72446054e-03 -8.74808431e-03 ... -5.80761582e-03
  -9.13493335e-03 -9.48230922e-03]
 [ 6.18984424e-03  3.84157680e-03  1.13290455e-03 ...  5.48744974e-03
   6.37394711e-03  5.19579517e-03]
 [ 2.92341039e-03  2.07654200e-03  1.82284415e-03 ...  3.82861122e-03
   4.72174399e-03  1.79464743e-03]]",117.4538352,-104.325966
rock,97,1893.618659,42312.445,"[0.6284534931182861, 0.649022102355957, 0.7531792521476746, 0.6604632139205933, 0.7163657546043396, 0.6108373403549194, 0.7327111959457397, 0.6729915738105774, 0.5842980742454529, 0.7181082963943481, 0.6239017248153687, 0.7230809926986694]","[[-3.59131329e-03 -2.22051386e-03 -1.27274682e-03 ...  3.37690054e-04
   4.43256302e-03  1.85031054e-03]
 [ 3.05543773e-03  3.88300421e-03  3.37573096e-03 ... -2.41451277e-03
  -4.95940344e-04 -4.35896171e-06]
 [-1.13629401e-02 -6.23829663e-03 -6.96990639e-03 ... -9.47503000e-03
   6.08704984e-03  1.12167224e-02]
 [ 1.00354105e-02  5.24151325e-03  3.58499587e-03 ...  1.87708288e-02
   1.10530630e-02 -2.99749523e-03]
 [-1.35826402e-03 -3.30562176e-03 -5.12237985e-03 ...  2.41399473e-03
  -9.34467682e-04 -2.13448356e-03]
 [-2.39455886e-03 -5.48603199e-03 -4.36601788e-03 ... -7.74123520e-03
  -7.71016628e-03 -1.00244842e-02]]",129.1992188,-107.5598
rock,98,673.4443572,36759.42,"[0.6466907858848572, 0.5395271182060242, 0.5363928079605103, 0.47223925590515137, 0.600771963596344, 0.5769447088241577, 0.5616051554679871, 0.7256527543067932, 0.5777679085731506, 0.577609658241272, 0.47662678360939026, 0.5812360048294067]","[[ 0.00188968 -0.00287632 -0.00390761 ...  0.00204702 -0.00016353
   0.00284198]
 [-0.00221201 -0.00197729 -0.00241894 ... -0.00406807 -0.00102197
  -0.00188047]
 [-0.00032771  0.00057097  0.01137096 ...  0.00914454  0.01258112
   0.0136114 ]
 [ 0.006613    0.00226764  0.00213264 ...  0.00228475 -0.00194728
  -0.0015246 ]
 [ 0.00407749  0.00177178  0.00065866 ...  0.00273668  0.00356354
   0.00290209]
 [-0.0002754   0.00035487 -0.00122513 ... -0.00141577  0.00042732
   0.00073826]]",109.9567819,-135.31813
rock,99,1144.41043,36891.082,"[0.5010632872581482, 0.4538007378578186, 0.4238164722919464, 0.6316958069801331, 0.7940467000007629, 0.5604405999183655, 0.6227824687957764, 0.47486934065818787, 0.5943565368652344, 0.42847731709480286, 0.4676315486431122, 0.7387914061546326]","[[ 0.00464461  0.00624675  0.01117936 ...  0.01053176  0.0095526
   0.00638022]
 [-0.00240952 -0.00023851  0.00184856 ...  0.00132961  0.00213901
  -0.00212534]
 [ 0.01498725  0.01221097  0.01056157 ... -0.00420559 -0.00305364
   0.00413969]
 [ 0.00945272  0.01192608  0.01305026 ...  0.02305363  0.01978248
   0.02328242]
 [ 0.00517559  0.00451252  0.0057448  ... -0.00053735 -0.0016031
   0.00225455]
 [ 0.00231126  0.00208022  0.00179543 ... -0.00125107 -0.0006754
   0.00132872]]",123.046875,-124.0087
